-- MySQL dump 10.13  Distrib 8.0.36, for Linux (x86_64)
--
-- Host: localhost    Database: lazo_strapi
-- ------------------------------------------------------
-- Server version	8.0.36

/*!40101 SET @OLD_CHARACTER_SET_CLIENT=@@CHARACTER_SET_CLIENT */;
/*!40101 SET @OLD_CHARACTER_SET_RESULTS=@@CHARACTER_SET_RESULTS */;
/*!40101 SET @OLD_COLLATION_CONNECTION=@@COLLATION_CONNECTION */;
/*!50503 SET NAMES utf8mb4 */;
/*!40103 SET @OLD_TIME_ZONE=@@TIME_ZONE */;
/*!40103 SET TIME_ZONE='+00:00' */;
/*!40014 SET @OLD_UNIQUE_CHECKS=@@UNIQUE_CHECKS, UNIQUE_CHECKS=0 */;
/*!40014 SET @OLD_FOREIGN_KEY_CHECKS=@@FOREIGN_KEY_CHECKS, FOREIGN_KEY_CHECKS=0 */;
/*!40101 SET @OLD_SQL_MODE=@@SQL_MODE, SQL_MODE='NO_AUTO_VALUE_ON_ZERO' */;
/*!40111 SET @OLD_SQL_NOTES=@@SQL_NOTES, SQL_NOTES=0 */;

--
-- Table structure for table `admin_permissions`
--

DROP TABLE IF EXISTS `admin_permissions`;
/*!40101 SET @saved_cs_client     = @@character_set_client */;
/*!50503 SET character_set_client = utf8mb4 */;
CREATE TABLE `admin_permissions` (
  `id` int unsigned NOT NULL AUTO_INCREMENT,
  `document_id` varchar(255) DEFAULT NULL,
  `action` varchar(255) DEFAULT NULL,
  `action_parameters` json DEFAULT NULL,
  `subject` varchar(255) DEFAULT NULL,
  `properties` json DEFAULT NULL,
  `conditions` json DEFAULT NULL,
  `created_at` datetime(6) DEFAULT NULL,
  `updated_at` datetime(6) DEFAULT NULL,
  `published_at` datetime(6) DEFAULT NULL,
  `created_by_id` int unsigned DEFAULT NULL,
  `updated_by_id` int unsigned DEFAULT NULL,
  `locale` varchar(255) DEFAULT NULL,
  PRIMARY KEY (`id`),
  KEY `admin_permissions_documents_idx` (`document_id`,`locale`,`published_at`),
  KEY `admin_permissions_created_by_id_fk` (`created_by_id`),
  KEY `admin_permissions_updated_by_id_fk` (`updated_by_id`),
  CONSTRAINT `admin_permissions_created_by_id_fk` FOREIGN KEY (`created_by_id`) REFERENCES `admin_users` (`id`) ON DELETE SET NULL,
  CONSTRAINT `admin_permissions_updated_by_id_fk` FOREIGN KEY (`updated_by_id`) REFERENCES `admin_users` (`id`) ON DELETE SET NULL
) ENGINE=InnoDB AUTO_INCREMENT=157 DEFAULT CHARSET=utf8mb4 COLLATE=utf8mb4_0900_ai_ci;
/*!40101 SET character_set_client = @saved_cs_client */;

--
-- Dumping data for table `admin_permissions`
--

LOCK TABLES `admin_permissions` WRITE;
/*!40000 ALTER TABLE `admin_permissions` DISABLE KEYS */;
INSERT INTO `admin_permissions` VALUES (1,'m8goig2jwekxtd9bkhwfootu','plugin::upload.read','{}',NULL,'{}','[]','2024-09-23 16:26:09.738000','2024-09-23 16:26:09.738000','2024-09-23 16:26:09.739000',NULL,NULL,NULL),(2,'e20as97n49clixw4u77rf6zg','plugin::upload.configure-view','{}',NULL,'{}','[]','2024-09-23 16:26:09.784000','2024-09-23 16:26:09.784000','2024-09-23 16:26:09.784000',NULL,NULL,NULL),(3,'xe9nbrg0ncveie66gjlms1fs','plugin::upload.assets.create','{}',NULL,'{}','[]','2024-09-23 16:26:09.828000','2024-09-23 16:26:09.828000','2024-09-23 16:26:09.828000',NULL,NULL,NULL),(4,'ifj9guscz1n9w4jh1khtdmpy','plugin::upload.assets.update','{}',NULL,'{}','[]','2024-09-23 16:26:09.857000','2024-09-23 16:26:09.857000','2024-09-23 16:26:09.857000',NULL,NULL,NULL),(5,'euq1wx1rnlpwogwsuh1jf415','plugin::upload.assets.download','{}',NULL,'{}','[]','2024-09-23 16:26:09.885000','2024-09-23 16:26:09.885000','2024-09-23 16:26:09.886000',NULL,NULL,NULL),(6,'jc3bziq5oi9oa2htf3u6ghrr','plugin::upload.assets.copy-link','{}',NULL,'{}','[]','2024-09-23 16:26:09.926000','2024-09-23 16:26:09.926000','2024-09-23 16:26:09.927000',NULL,NULL,NULL),(7,'nj2qi8fkllono5iexj6jaypb','plugin::upload.read','{}',NULL,'{}','[\"admin::is-creator\"]','2024-09-23 16:26:09.963000','2024-09-23 16:26:09.963000','2024-09-23 16:26:09.963000',NULL,NULL,NULL),(8,'ohhqofolr7k2izut2ni6buko','plugin::upload.configure-view','{}',NULL,'{}','[]','2024-09-23 16:26:10.008000','2024-09-23 16:26:10.008000','2024-09-23 16:26:10.008000',NULL,NULL,NULL),(9,'ngsicu48iuaq8atg5x3945qb','plugin::upload.assets.create','{}',NULL,'{}','[]','2024-09-23 16:26:10.044000','2024-09-23 16:26:10.044000','2024-09-23 16:26:10.044000',NULL,NULL,NULL),(10,'smcpsfsvcvo6hs61y358svs4','plugin::upload.assets.update','{}',NULL,'{}','[\"admin::is-creator\"]','2024-09-23 16:26:10.074000','2024-09-23 16:26:10.074000','2024-09-23 16:26:10.074000',NULL,NULL,NULL),(11,'kizp1dqroicexuxy2oeofdea','plugin::upload.assets.download','{}',NULL,'{}','[]','2024-09-23 16:26:10.102000','2024-09-23 16:26:10.102000','2024-09-23 16:26:10.102000',NULL,NULL,NULL),(12,'wwv25hj9tjavfvfonhby4njg','plugin::upload.assets.copy-link','{}',NULL,'{}','[]','2024-09-23 16:26:10.134000','2024-09-23 16:26:10.134000','2024-09-23 16:26:10.134000',NULL,NULL,NULL),(16,'saipkxlqoceia7w3sstrfqkz','plugin::content-manager.explorer.delete','{}','plugin::users-permissions.user','{}','[]','2024-09-23 16:26:10.274000','2024-09-23 16:26:10.274000','2024-09-23 16:26:10.274000',NULL,NULL,NULL),(17,'wn3t3f7d1l61786t27czclc5','plugin::content-manager.explorer.publish','{}','plugin::users-permissions.user','{}','[]','2024-09-23 16:26:10.302000','2024-09-23 16:26:10.302000','2024-09-23 16:26:10.302000',NULL,NULL,NULL),(18,'crkjauamwwpj681busq0l8au','plugin::content-manager.single-types.configure-view','{}',NULL,'{}','[]','2024-09-23 16:26:10.334000','2024-09-23 16:26:10.334000','2024-09-23 16:26:10.334000',NULL,NULL,NULL),(19,'c45td9xd36pr1if93zp2s3ai','plugin::content-manager.collection-types.configure-view','{}',NULL,'{}','[]','2024-09-23 16:26:10.361000','2024-09-23 16:26:10.361000','2024-09-23 16:26:10.361000',NULL,NULL,NULL),(20,'yuhbdtixau1snw993dvj2gfz','plugin::content-manager.components.configure-layout','{}',NULL,'{}','[]','2024-09-23 16:26:10.390000','2024-09-23 16:26:10.390000','2024-09-23 16:26:10.390000',NULL,NULL,NULL),(21,'aj1ob1xjzi1rf558atomme0i','plugin::content-type-builder.read','{}',NULL,'{}','[]','2024-09-23 16:26:10.424000','2024-09-23 16:26:10.424000','2024-09-23 16:26:10.424000',NULL,NULL,NULL),(22,'ynl6mjtht215s5i9767hos4z','plugin::email.settings.read','{}',NULL,'{}','[]','2024-09-23 16:26:10.452000','2024-09-23 16:26:10.452000','2024-09-23 16:26:10.452000',NULL,NULL,NULL),(23,'uz3a1dkbicedr7wik1955yek','plugin::upload.read','{}',NULL,'{}','[]','2024-09-23 16:26:10.480000','2024-09-23 16:26:10.480000','2024-09-23 16:26:10.480000',NULL,NULL,NULL),(24,'jtoz1qbhh17ip73bqf8qpvt4','plugin::upload.assets.create','{}',NULL,'{}','[]','2024-09-23 16:26:10.509000','2024-09-23 16:26:10.509000','2024-09-23 16:26:10.509000',NULL,NULL,NULL),(25,'ud36bmcr8lgnfbujnxd2fn2x','plugin::upload.assets.update','{}',NULL,'{}','[]','2024-09-23 16:26:10.539000','2024-09-23 16:26:10.539000','2024-09-23 16:26:10.539000',NULL,NULL,NULL),(26,'xuatnnc12z9mctv50a0il17t','plugin::upload.assets.download','{}',NULL,'{}','[]','2024-09-23 16:26:10.568000','2024-09-23 16:26:10.568000','2024-09-23 16:26:10.568000',NULL,NULL,NULL),(27,'vcsuym5nl6l9qtl7i9uz59od','plugin::upload.assets.copy-link','{}',NULL,'{}','[]','2024-09-23 16:26:10.597000','2024-09-23 16:26:10.597000','2024-09-23 16:26:10.597000',NULL,NULL,NULL),(28,'kz3ps831mvf3uksvjkmtr4rg','plugin::upload.configure-view','{}',NULL,'{}','[]','2024-09-23 16:26:10.639000','2024-09-23 16:26:10.639000','2024-09-23 16:26:10.640000',NULL,NULL,NULL),(29,'zji2sdg3aapui29f0gx1a4mg','plugin::upload.settings.read','{}',NULL,'{}','[]','2024-09-23 16:26:10.677000','2024-09-23 16:26:10.677000','2024-09-23 16:26:10.677000',NULL,NULL,NULL),(30,'ovr95jr0wj0ng9bip2j8zqj9','plugin::i18n.locale.create','{}',NULL,'{}','[]','2024-09-23 16:26:10.714000','2024-09-23 16:26:10.714000','2024-09-23 16:26:10.714000',NULL,NULL,NULL),(31,'y0kcqm450tu8i4kf4jwwh1py','plugin::i18n.locale.read','{}',NULL,'{}','[]','2024-09-23 16:26:10.754000','2024-09-23 16:26:10.754000','2024-09-23 16:26:10.754000',NULL,NULL,NULL),(32,'z27amfx9cumbsp7utlnjmo5p','plugin::i18n.locale.update','{}',NULL,'{}','[]','2024-09-23 16:26:10.791000','2024-09-23 16:26:10.791000','2024-09-23 16:26:10.791000',NULL,NULL,NULL),(33,'gwjfcjirmozeeplm4xdkko8r','plugin::i18n.locale.delete','{}',NULL,'{}','[]','2024-09-23 16:26:10.827000','2024-09-23 16:26:10.827000','2024-09-23 16:26:10.827000',NULL,NULL,NULL),(34,'hcw7epy3kc7cnoxw2dgw8lec','plugin::users-permissions.roles.create','{}',NULL,'{}','[]','2024-09-23 16:26:10.857000','2024-09-23 16:26:10.857000','2024-09-23 16:26:10.857000',NULL,NULL,NULL),(35,'qnyz0p28lqw5wj3bi4ans6r4','plugin::users-permissions.roles.read','{}',NULL,'{}','[]','2024-09-23 16:26:10.893000','2024-09-23 16:26:10.893000','2024-09-23 16:26:10.893000',NULL,NULL,NULL),(36,'yp56wwotmra1of4rfiwcsz21','plugin::users-permissions.roles.update','{}',NULL,'{}','[]','2024-09-23 16:26:10.930000','2024-09-23 16:26:10.930000','2024-09-23 16:26:10.930000',NULL,NULL,NULL),(37,'onutmnulr63c9qe1bwf2y6hv','plugin::users-permissions.roles.delete','{}',NULL,'{}','[]','2024-09-23 16:26:10.959000','2024-09-23 16:26:10.959000','2024-09-23 16:26:10.959000',NULL,NULL,NULL),(38,'eenuiex7bw2ufzdh0bcpx1ec','plugin::users-permissions.providers.read','{}',NULL,'{}','[]','2024-09-23 16:26:11.007000','2024-09-23 16:26:11.007000','2024-09-23 16:26:11.008000',NULL,NULL,NULL),(39,'tdv4tubxdhf60onkpkijflxi','plugin::users-permissions.providers.update','{}',NULL,'{}','[]','2024-09-23 16:26:11.045000','2024-09-23 16:26:11.045000','2024-09-23 16:26:11.046000',NULL,NULL,NULL),(40,'su57o13jvsefwne8yy6jwv9x','plugin::users-permissions.email-templates.read','{}',NULL,'{}','[]','2024-09-23 16:26:11.081000','2024-09-23 16:26:11.081000','2024-09-23 16:26:11.081000',NULL,NULL,NULL),(41,'rhfgy4htb2l7i1tv9dddry9u','plugin::users-permissions.email-templates.update','{}',NULL,'{}','[]','2024-09-23 16:26:11.112000','2024-09-23 16:26:11.112000','2024-09-23 16:26:11.112000',NULL,NULL,NULL),(42,'chulsfcaruzxwh0936zny23p','plugin::users-permissions.advanced-settings.read','{}',NULL,'{}','[]','2024-09-23 16:26:11.145000','2024-09-23 16:26:11.145000','2024-09-23 16:26:11.146000',NULL,NULL,NULL),(43,'lyi84y5hxw7kh7bv2hba59ol','plugin::users-permissions.advanced-settings.update','{}',NULL,'{}','[]','2024-09-23 16:26:11.187000','2024-09-23 16:26:11.187000','2024-09-23 16:26:11.187000',NULL,NULL,NULL),(44,'hbgefbtcvx02ovsfat6494dh','admin::marketplace.read','{}',NULL,'{}','[]','2024-09-23 16:26:11.225000','2024-09-23 16:26:11.225000','2024-09-23 16:26:11.225000',NULL,NULL,NULL),(45,'n58svhu9g97oap45jmuenc65','admin::webhooks.create','{}',NULL,'{}','[]','2024-09-23 16:26:11.254000','2024-09-23 16:26:11.254000','2024-09-23 16:26:11.254000',NULL,NULL,NULL),(46,'o1tqrbiri0ovym4ucb2yhwhb','admin::webhooks.read','{}',NULL,'{}','[]','2024-09-23 16:26:11.283000','2024-09-23 16:26:11.283000','2024-09-23 16:26:11.283000',NULL,NULL,NULL),(47,'icvqhz9ltt45gbzizzxteukh','admin::webhooks.update','{}',NULL,'{}','[]','2024-09-23 16:26:11.313000','2024-09-23 16:26:11.313000','2024-09-23 16:26:11.313000',NULL,NULL,NULL),(48,'g21yfa2vqc6sktnl1qaggmb0','admin::webhooks.delete','{}',NULL,'{}','[]','2024-09-23 16:26:11.350000','2024-09-23 16:26:11.350000','2024-09-23 16:26:11.350000',NULL,NULL,NULL),(49,'eiypf6xjc6qsswz6sy37cbrt','admin::users.create','{}',NULL,'{}','[]','2024-09-23 16:26:11.380000','2024-09-23 16:26:11.380000','2024-09-23 16:26:11.380000',NULL,NULL,NULL),(50,'i7g7oe751mzay7cxfmbqq89d','admin::users.read','{}',NULL,'{}','[]','2024-09-23 16:26:11.416000','2024-09-23 16:26:11.416000','2024-09-23 16:26:11.416000',NULL,NULL,NULL),(51,'mw7smvhn4j0m2wg77kebng8x','admin::users.update','{}',NULL,'{}','[]','2024-09-23 16:26:11.450000','2024-09-23 16:26:11.450000','2024-09-23 16:26:11.450000',NULL,NULL,NULL),(52,'t7m1bpqeip4ll33gzl4ckkjq','admin::users.delete','{}',NULL,'{}','[]','2024-09-23 16:26:11.479000','2024-09-23 16:26:11.479000','2024-09-23 16:26:11.479000',NULL,NULL,NULL),(53,'x0g62n4xmo7438qdip4ghua7','admin::roles.create','{}',NULL,'{}','[]','2024-09-23 16:26:11.514000','2024-09-23 16:26:11.514000','2024-09-23 16:26:11.514000',NULL,NULL,NULL),(54,'y9y22xjl1njjbtlqbnpdul9s','admin::roles.read','{}',NULL,'{}','[]','2024-09-23 16:26:11.546000','2024-09-23 16:26:11.546000','2024-09-23 16:26:11.546000',NULL,NULL,NULL),(55,'mcfbn4tn1gzg80j6nd4ous5g','admin::roles.update','{}',NULL,'{}','[]','2024-09-23 16:26:11.580000','2024-09-23 16:26:11.580000','2024-09-23 16:26:11.581000',NULL,NULL,NULL),(56,'fk4lf5zyv1tpyid90gnzfmb8','admin::roles.delete','{}',NULL,'{}','[]','2024-09-23 16:26:11.611000','2024-09-23 16:26:11.611000','2024-09-23 16:26:11.611000',NULL,NULL,NULL),(57,'bwj5v5t8g7hgikaey1tn4y31','admin::api-tokens.access','{}',NULL,'{}','[]','2024-09-23 16:26:11.640000','2024-09-23 16:26:11.640000','2024-09-23 16:26:11.640000',NULL,NULL,NULL),(58,'vlfosiw1fq9msqd1fivjvdpp','admin::api-tokens.create','{}',NULL,'{}','[]','2024-09-23 16:26:11.680000','2024-09-23 16:26:11.680000','2024-09-23 16:26:11.680000',NULL,NULL,NULL),(59,'k2komkibxs6i4v59b63cda55','admin::api-tokens.read','{}',NULL,'{}','[]','2024-09-23 16:26:11.716000','2024-09-23 16:26:11.716000','2024-09-23 16:26:11.716000',NULL,NULL,NULL),(60,'b9jub3ntwwyrqfgoihkt3dgk','admin::api-tokens.update','{}',NULL,'{}','[]','2024-09-23 16:26:11.750000','2024-09-23 16:26:11.750000','2024-09-23 16:26:11.750000',NULL,NULL,NULL),(61,'wu52kyz158cittaujnapla7e','admin::api-tokens.regenerate','{}',NULL,'{}','[]','2024-09-23 16:26:11.779000','2024-09-23 16:26:11.779000','2024-09-23 16:26:11.779000',NULL,NULL,NULL),(62,'shy1ybkq8hz02uidsn4h5c20','admin::api-tokens.delete','{}',NULL,'{}','[]','2024-09-23 16:26:11.808000','2024-09-23 16:26:11.808000','2024-09-23 16:26:11.808000',NULL,NULL,NULL),(63,'tiqp51supr1grkw2j51ldd5d','admin::project-settings.update','{}',NULL,'{}','[]','2024-09-23 16:26:11.845000','2024-09-23 16:26:11.845000','2024-09-23 16:26:11.845000',NULL,NULL,NULL),(64,'supe8jm6yduk14xsr2kfnzxk','admin::project-settings.read','{}',NULL,'{}','[]','2024-09-23 16:26:11.886000','2024-09-23 16:26:11.886000','2024-09-23 16:26:11.886000',NULL,NULL,NULL),(65,'bsyw3w0ovdqyvoljkio690mp','admin::transfer.tokens.access','{}',NULL,'{}','[]','2024-09-23 16:26:11.924000','2024-09-23 16:26:11.924000','2024-09-23 16:26:11.924000',NULL,NULL,NULL),(66,'u3xnah1cei905nho41q8sqy8','admin::transfer.tokens.create','{}',NULL,'{}','[]','2024-09-23 16:26:11.964000','2024-09-23 16:26:11.964000','2024-09-23 16:26:11.964000',NULL,NULL,NULL),(67,'i18bwcrqwt5n3i6oxzx2nssc','admin::transfer.tokens.read','{}',NULL,'{}','[]','2024-09-23 16:26:12.005000','2024-09-23 16:26:12.005000','2024-09-23 16:26:12.005000',NULL,NULL,NULL),(68,'rlp4fm3lbutqorugnbye82cx','admin::transfer.tokens.update','{}',NULL,'{}','[]','2024-09-23 16:26:12.036000','2024-09-23 16:26:12.036000','2024-09-23 16:26:12.036000',NULL,NULL,NULL),(69,'i0lhj3fn3vv74r07d9r9gbgt','admin::transfer.tokens.regenerate','{}',NULL,'{}','[]','2024-09-23 16:26:12.077000','2024-09-23 16:26:12.077000','2024-09-23 16:26:12.077000',NULL,NULL,NULL),(70,'vrpa9rivmr6le19grxmmdboc','admin::transfer.tokens.delete','{}',NULL,'{}','[]','2024-09-23 16:26:12.108000','2024-09-23 16:26:12.108000','2024-09-23 16:26:12.109000',NULL,NULL,NULL),(122,'tk2qhiyatduh9nw8h5kcl245','plugin::content-manager.explorer.delete','{}','api::category.category','{}','[]','2024-11-27 14:13:27.554000','2024-11-27 14:13:27.554000','2024-11-27 14:13:27.554000',NULL,NULL,NULL),(123,'cm5okax71g91112ch69pf72r','plugin::content-manager.explorer.publish','{}','api::category.category','{}','[]','2024-11-27 14:13:27.582000','2024-11-27 14:13:27.582000','2024-11-27 14:13:27.582000',NULL,NULL,NULL),(133,'a28irk72or2ii5eju1ebogjm','plugin::content-manager.explorer.delete','{}','api::product.product','{}','[]','2024-11-27 14:25:50.281000','2024-11-27 14:25:50.281000','2024-11-27 14:25:50.281000',NULL,NULL,NULL),(134,'gyb9fzyjcdeorcidxulbzhk9','plugin::content-manager.explorer.publish','{}','api::product.product','{}','[]','2024-11-27 14:25:50.320000','2024-11-27 14:25:50.320000','2024-11-27 14:25:50.320000',NULL,NULL,NULL),(135,'h6w6vgaylummm0szm2czgvdo','plugin::content-manager.explorer.create','{}','api::list-ip.list-ip','{\"fields\": [\"ip\", \"blocked\", \"attemps\"]}','[]','2024-11-27 14:51:36.577000','2024-11-27 14:51:36.577000','2024-11-27 14:51:36.578000',NULL,NULL,NULL),(136,'o86mzcbm50u6op3mestznhdl','plugin::content-manager.explorer.read','{}','api::list-ip.list-ip','{\"fields\": [\"ip\", \"blocked\", \"attemps\"]}','[]','2024-11-27 14:51:36.609000','2024-11-27 14:51:36.609000','2024-11-27 14:51:36.609000',NULL,NULL,NULL),(137,'qxw70bigl4ztzeejwmc4pf2q','plugin::content-manager.explorer.update','{}','api::list-ip.list-ip','{\"fields\": [\"ip\", \"blocked\", \"attemps\"]}','[]','2024-11-27 14:51:36.649000','2024-11-27 14:51:36.649000','2024-11-27 14:51:36.649000',NULL,NULL,NULL),(138,'wexhwmgiu45cjv7ktdlitxbv','plugin::content-manager.explorer.delete','{}','api::list-ip.list-ip','{}','[]','2024-11-27 14:51:36.681000','2024-11-27 14:51:36.681000','2024-11-27 14:51:36.681000',NULL,NULL,NULL),(139,'vxkwaqkeuk800q25ziwsc7j5','plugin::content-manager.explorer.publish','{}','api::list-ip.list-ip','{}','[]','2024-11-27 14:51:36.709000','2024-11-27 14:51:36.709000','2024-11-27 14:51:36.709000',NULL,NULL,NULL),(140,'t14dxm9vnoxrv7p6coy433hv','plugin::content-manager.explorer.create','{}','plugin::users-permissions.user','{\"fields\": [\"username\", \"email\", \"provider\", \"password\", \"resetPasswordToken\", \"confirmationToken\", \"confirmed\", \"blocked\", \"role\", \"cel\", \"interval\", \"sell_products\"]}','[]','2024-11-29 21:57:05.517000','2024-11-29 21:57:05.517000','2024-11-29 21:57:05.518000',NULL,NULL,NULL),(141,'zqclm5b013j5y2n88pym5avr','plugin::content-manager.explorer.create','{}','api::sell-product.sell-product','{\"fields\": [\"totalSell\", \"products\", \"methodPaid\", \"selled\", \"address\", \"adicionaldata\", \"contact\", \"date_delivery\", \"hour_delivery\", \"users_permissions_user\"]}','[]','2024-11-29 21:57:05.555000','2024-11-29 21:57:05.555000','2024-11-29 21:57:05.555000',NULL,NULL,NULL),(142,'vfp3vzjppo8zhewxin08jacx','plugin::content-manager.explorer.read','{}','plugin::users-permissions.user','{\"fields\": [\"username\", \"email\", \"provider\", \"password\", \"resetPasswordToken\", \"confirmationToken\", \"confirmed\", \"blocked\", \"role\", \"cel\", \"interval\", \"sell_products\"]}','[]','2024-11-29 21:57:05.598000','2024-11-29 21:57:05.598000','2024-11-29 21:57:05.598000',NULL,NULL,NULL),(143,'nc292jv8tp0w3cevqen8qo2r','plugin::content-manager.explorer.read','{}','api::sell-product.sell-product','{\"fields\": [\"totalSell\", \"products\", \"methodPaid\", \"selled\", \"address\", \"adicionaldata\", \"contact\", \"date_delivery\", \"hour_delivery\", \"users_permissions_user\"]}','[]','2024-11-29 21:57:05.627000','2024-11-29 21:57:05.627000','2024-11-29 21:57:05.627000',NULL,NULL,NULL),(144,'oxci91lib5rd50uqqido8ju9','plugin::content-manager.explorer.update','{}','plugin::users-permissions.user','{\"fields\": [\"username\", \"email\", \"provider\", \"password\", \"resetPasswordToken\", \"confirmationToken\", \"confirmed\", \"blocked\", \"role\", \"cel\", \"interval\", \"sell_products\"]}','[]','2024-11-29 21:57:05.656000','2024-11-29 21:57:05.656000','2024-11-29 21:57:05.656000',NULL,NULL,NULL),(145,'jqulzgkl5hp85sp7iwb70p59','plugin::content-manager.explorer.update','{}','api::sell-product.sell-product','{\"fields\": [\"totalSell\", \"products\", \"methodPaid\", \"selled\", \"address\", \"adicionaldata\", \"contact\", \"date_delivery\", \"hour_delivery\", \"users_permissions_user\"]}','[]','2024-11-29 21:57:05.689000','2024-11-29 21:57:05.689000','2024-11-29 21:57:05.690000',NULL,NULL,NULL),(146,'w9xylia0pczjb12tciwp0e5l','plugin::content-manager.explorer.delete','{}','api::sell-product.sell-product','{}','[]','2024-11-29 21:57:05.718000','2024-11-29 21:57:05.718000','2024-11-29 21:57:05.718000',NULL,NULL,NULL),(147,'v53salpr31oi406o394z364m','plugin::content-manager.explorer.publish','{}','api::sell-product.sell-product','{}','[]','2024-11-29 21:57:05.757000','2024-11-29 21:57:05.757000','2024-11-29 21:57:05.757000',NULL,NULL,NULL),(151,'lbdqp7gp9sm44uvf66txvnl8','plugin::content-manager.explorer.create','{}','api::product.product','{\"fields\": [\"name\", \"slug\", \"media\", \"price\", \"quantity\", \"discount\", \"categories\", \"like\", \"description\"]}','[]','2024-12-04 03:16:24.275000','2024-12-04 03:16:24.275000','2024-12-04 03:16:24.275000',NULL,NULL,NULL),(152,'pgcuo739k7y88kqyetzzlvxw','plugin::content-manager.explorer.read','{}','api::product.product','{\"fields\": [\"name\", \"slug\", \"media\", \"price\", \"quantity\", \"discount\", \"categories\", \"like\", \"description\"]}','[]','2024-12-04 03:16:24.327000','2024-12-04 03:16:24.327000','2024-12-04 03:16:24.328000',NULL,NULL,NULL),(153,'ntew6mf7s8lfvzeorvftg9kn','plugin::content-manager.explorer.update','{}','api::product.product','{\"fields\": [\"name\", \"slug\", \"media\", \"price\", \"quantity\", \"discount\", \"categories\", \"like\", \"description\"]}','[]','2024-12-04 03:16:24.378000','2024-12-04 03:16:24.378000','2024-12-04 03:16:24.378000',NULL,NULL,NULL),(154,'frvtdlipvlelsu33h1qb5qjw','plugin::content-manager.explorer.create','{}','api::category.category','{\"fields\": [\"name\", \"banner\", \"description\", \"product\", \"slug\", \"category\"]}','[]','2024-12-04 03:37:46.868000','2024-12-04 03:37:46.868000','2024-12-04 03:37:46.869000',NULL,NULL,NULL),(155,'nb7veiewjreeg1p0iphgrnq5','plugin::content-manager.explorer.read','{}','api::category.category','{\"fields\": [\"name\", \"banner\", \"description\", \"product\", \"slug\", \"category\"]}','[]','2024-12-04 03:37:46.905000','2024-12-04 03:37:46.905000','2024-12-04 03:37:46.905000',NULL,NULL,NULL),(156,'y9zte5xf509z0iiiagrusf8w','plugin::content-manager.explorer.update','{}','api::category.category','{\"fields\": [\"name\", \"banner\", \"description\", \"product\", \"slug\", \"category\"]}','[]','2024-12-04 03:37:46.934000','2024-12-04 03:37:46.934000','2024-12-04 03:37:46.934000',NULL,NULL,NULL);
/*!40000 ALTER TABLE `admin_permissions` ENABLE KEYS */;
UNLOCK TABLES;

--
-- Table structure for table `admin_permissions_role_lnk`
--

DROP TABLE IF EXISTS `admin_permissions_role_lnk`;
/*!40101 SET @saved_cs_client     = @@character_set_client */;
/*!50503 SET character_set_client = utf8mb4 */;
CREATE TABLE `admin_permissions_role_lnk` (
  `id` int unsigned NOT NULL AUTO_INCREMENT,
  `permission_id` int unsigned DEFAULT NULL,
  `role_id` int unsigned DEFAULT NULL,
  `permission_ord` double unsigned DEFAULT NULL,
  PRIMARY KEY (`id`),
  UNIQUE KEY `admin_permissions_role_lnk_uq` (`permission_id`,`role_id`),
  KEY `admin_permissions_role_lnk_fk` (`permission_id`),
  KEY `admin_permissions_role_lnk_ifk` (`role_id`),
  KEY `admin_permissions_role_lnk_oifk` (`permission_ord`),
  CONSTRAINT `admin_permissions_role_lnk_fk` FOREIGN KEY (`permission_id`) REFERENCES `admin_permissions` (`id`) ON DELETE CASCADE,
  CONSTRAINT `admin_permissions_role_lnk_ifk` FOREIGN KEY (`role_id`) REFERENCES `admin_roles` (`id`) ON DELETE CASCADE
) ENGINE=InnoDB AUTO_INCREMENT=157 DEFAULT CHARSET=utf8mb4 COLLATE=utf8mb4_0900_ai_ci;
/*!40101 SET character_set_client = @saved_cs_client */;

--
-- Dumping data for table `admin_permissions_role_lnk`
--

LOCK TABLES `admin_permissions_role_lnk` WRITE;
/*!40000 ALTER TABLE `admin_permissions_role_lnk` DISABLE KEYS */;
INSERT INTO `admin_permissions_role_lnk` VALUES (1,1,2,1),(2,2,2,2),(3,3,2,3),(4,4,2,4),(5,5,2,5),(6,6,2,6),(7,7,3,1),(8,8,3,2),(9,9,3,3),(10,10,3,4),(11,11,3,5),(12,12,3,6),(16,16,1,4),(17,17,1,5),(18,18,1,6),(19,19,1,7),(20,20,1,8),(21,21,1,9),(22,22,1,10),(23,23,1,11),(24,24,1,12),(25,25,1,13),(26,26,1,14),(27,27,1,15),(28,28,1,16),(29,29,1,17),(30,30,1,18),(31,31,1,19),(32,32,1,20),(33,33,1,21),(34,34,1,22),(35,35,1,23),(36,36,1,24),(37,37,1,25),(38,38,1,26),(39,39,1,27),(40,40,1,28),(41,41,1,29),(42,42,1,30),(43,43,1,31),(44,44,1,32),(45,45,1,33),(46,46,1,34),(47,47,1,35),(48,48,1,36),(49,49,1,37),(50,50,1,38),(51,51,1,39),(52,52,1,40),(53,53,1,41),(54,54,1,42),(55,55,1,43),(56,56,1,44),(57,57,1,45),(58,58,1,46),(59,59,1,47),(60,60,1,48),(61,61,1,49),(62,62,1,50),(63,63,1,51),(64,64,1,52),(65,65,1,53),(66,66,1,54),(67,67,1,55),(68,68,1,56),(69,69,1,57),(70,70,1,58),(122,122,1,65),(123,123,1,66),(133,133,1,73),(134,134,1,74),(135,135,1,75),(136,136,1,76),(137,137,1,77),(138,138,1,78),(139,139,1,79),(140,140,1,80),(141,141,1,81),(142,142,1,82),(143,143,1,83),(144,144,1,84),(145,145,1,85),(146,146,1,86),(147,147,1,87),(151,151,1,91),(152,152,1,92),(153,153,1,93),(154,154,1,94),(155,155,1,95),(156,156,1,96);
/*!40000 ALTER TABLE `admin_permissions_role_lnk` ENABLE KEYS */;
UNLOCK TABLES;

--
-- Table structure for table `admin_roles`
--

DROP TABLE IF EXISTS `admin_roles`;
/*!40101 SET @saved_cs_client     = @@character_set_client */;
/*!50503 SET character_set_client = utf8mb4 */;
CREATE TABLE `admin_roles` (
  `id` int unsigned NOT NULL AUTO_INCREMENT,
  `document_id` varchar(255) DEFAULT NULL,
  `name` varchar(255) DEFAULT NULL,
  `code` varchar(255) DEFAULT NULL,
  `description` varchar(255) DEFAULT NULL,
  `created_at` datetime(6) DEFAULT NULL,
  `updated_at` datetime(6) DEFAULT NULL,
  `published_at` datetime(6) DEFAULT NULL,
  `created_by_id` int unsigned DEFAULT NULL,
  `updated_by_id` int unsigned DEFAULT NULL,
  `locale` varchar(255) DEFAULT NULL,
  PRIMARY KEY (`id`),
  KEY `admin_roles_documents_idx` (`document_id`,`locale`,`published_at`),
  KEY `admin_roles_created_by_id_fk` (`created_by_id`),
  KEY `admin_roles_updated_by_id_fk` (`updated_by_id`),
  CONSTRAINT `admin_roles_created_by_id_fk` FOREIGN KEY (`created_by_id`) REFERENCES `admin_users` (`id`) ON DELETE SET NULL,
  CONSTRAINT `admin_roles_updated_by_id_fk` FOREIGN KEY (`updated_by_id`) REFERENCES `admin_users` (`id`) ON DELETE SET NULL
) ENGINE=InnoDB AUTO_INCREMENT=4 DEFAULT CHARSET=utf8mb4 COLLATE=utf8mb4_0900_ai_ci;
/*!40101 SET character_set_client = @saved_cs_client */;

--
-- Dumping data for table `admin_roles`
--

LOCK TABLES `admin_roles` WRITE;
/*!40000 ALTER TABLE `admin_roles` DISABLE KEYS */;
INSERT INTO `admin_roles` VALUES (1,'i141a48ejv982mjmsceak0n8','Super Admin','strapi-super-admin','Super Admins can access and manage all features and settings.','2024-09-23 16:26:09.670000','2024-09-23 16:26:09.670000','2024-09-23 16:26:09.670000',NULL,NULL,NULL),(2,'h0bbz08o5x7a8xc7kuxzw371','Editor','strapi-editor','Editors can manage and publish contents including those of other users.','2024-09-23 16:26:09.701000','2024-09-23 16:26:09.701000','2024-09-23 16:26:09.701000',NULL,NULL,NULL),(3,'l7x4gze8zo8bzas8m8cn2rsf','Author','strapi-author','Authors can manage the content they have created.','2024-09-23 16:26:09.718000','2024-09-23 16:26:09.718000','2024-09-23 16:26:09.718000',NULL,NULL,NULL);
/*!40000 ALTER TABLE `admin_roles` ENABLE KEYS */;
UNLOCK TABLES;

--
-- Table structure for table `admin_users`
--

DROP TABLE IF EXISTS `admin_users`;
/*!40101 SET @saved_cs_client     = @@character_set_client */;
/*!50503 SET character_set_client = utf8mb4 */;
CREATE TABLE `admin_users` (
  `id` int unsigned NOT NULL AUTO_INCREMENT,
  `document_id` varchar(255) DEFAULT NULL,
  `firstname` varchar(255) DEFAULT NULL,
  `lastname` varchar(255) DEFAULT NULL,
  `username` varchar(255) DEFAULT NULL,
  `email` varchar(255) DEFAULT NULL,
  `password` varchar(255) DEFAULT NULL,
  `reset_password_token` varchar(255) DEFAULT NULL,
  `registration_token` varchar(255) DEFAULT NULL,
  `is_active` tinyint(1) DEFAULT NULL,
  `blocked` tinyint(1) DEFAULT NULL,
  `prefered_language` varchar(255) DEFAULT NULL,
  `created_at` datetime(6) DEFAULT NULL,
  `updated_at` datetime(6) DEFAULT NULL,
  `published_at` datetime(6) DEFAULT NULL,
  `created_by_id` int unsigned DEFAULT NULL,
  `updated_by_id` int unsigned DEFAULT NULL,
  `locale` varchar(255) DEFAULT NULL,
  PRIMARY KEY (`id`),
  KEY `admin_users_documents_idx` (`document_id`,`locale`,`published_at`),
  KEY `admin_users_created_by_id_fk` (`created_by_id`),
  KEY `admin_users_updated_by_id_fk` (`updated_by_id`),
  CONSTRAINT `admin_users_created_by_id_fk` FOREIGN KEY (`created_by_id`) REFERENCES `admin_users` (`id`) ON DELETE SET NULL,
  CONSTRAINT `admin_users_updated_by_id_fk` FOREIGN KEY (`updated_by_id`) REFERENCES `admin_users` (`id`) ON DELETE SET NULL
) ENGINE=InnoDB AUTO_INCREMENT=2 DEFAULT CHARSET=utf8mb4 COLLATE=utf8mb4_0900_ai_ci;
/*!40101 SET character_set_client = @saved_cs_client */;

--
-- Dumping data for table `admin_users`
--

LOCK TABLES `admin_users` WRITE;
/*!40000 ALTER TABLE `admin_users` DISABLE KEYS */;
INSERT INTO `admin_users` VALUES (1,'pbw4tnddr879jf8g6bh6xlnl','Flavio','mataqque',NULL,'mataqque.100@gmail.com','$2a$10$.x5KmBMgPklfJzYdK7vzTebDbATadouzV6UFYstrxIj13rvVSFkLK',NULL,NULL,1,0,NULL,'2024-09-23 16:27:15.861000','2024-09-23 16:27:15.861000','2024-09-23 16:27:15.861000',NULL,NULL,NULL);
/*!40000 ALTER TABLE `admin_users` ENABLE KEYS */;
UNLOCK TABLES;

--
-- Table structure for table `admin_users_roles_lnk`
--

DROP TABLE IF EXISTS `admin_users_roles_lnk`;
/*!40101 SET @saved_cs_client     = @@character_set_client */;
/*!50503 SET character_set_client = utf8mb4 */;
CREATE TABLE `admin_users_roles_lnk` (
  `id` int unsigned NOT NULL AUTO_INCREMENT,
  `user_id` int unsigned DEFAULT NULL,
  `role_id` int unsigned DEFAULT NULL,
  `role_ord` double unsigned DEFAULT NULL,
  `user_ord` double unsigned DEFAULT NULL,
  PRIMARY KEY (`id`),
  UNIQUE KEY `admin_users_roles_lnk_uq` (`user_id`,`role_id`),
  KEY `admin_users_roles_lnk_fk` (`user_id`),
  KEY `admin_users_roles_lnk_ifk` (`role_id`),
  KEY `admin_users_roles_lnk_ofk` (`role_ord`),
  KEY `admin_users_roles_lnk_oifk` (`user_ord`),
  CONSTRAINT `admin_users_roles_lnk_fk` FOREIGN KEY (`user_id`) REFERENCES `admin_users` (`id`) ON DELETE CASCADE,
  CONSTRAINT `admin_users_roles_lnk_ifk` FOREIGN KEY (`role_id`) REFERENCES `admin_roles` (`id`) ON DELETE CASCADE
) ENGINE=InnoDB AUTO_INCREMENT=2 DEFAULT CHARSET=utf8mb4 COLLATE=utf8mb4_0900_ai_ci;
/*!40101 SET character_set_client = @saved_cs_client */;

--
-- Dumping data for table `admin_users_roles_lnk`
--

LOCK TABLES `admin_users_roles_lnk` WRITE;
/*!40000 ALTER TABLE `admin_users_roles_lnk` DISABLE KEYS */;
INSERT INTO `admin_users_roles_lnk` VALUES (1,1,1,1,1);
/*!40000 ALTER TABLE `admin_users_roles_lnk` ENABLE KEYS */;
UNLOCK TABLES;

--
-- Table structure for table `categories`
--

DROP TABLE IF EXISTS `categories`;
/*!40101 SET @saved_cs_client     = @@character_set_client */;
/*!50503 SET character_set_client = utf8mb4 */;
CREATE TABLE `categories` (
  `id` int unsigned NOT NULL AUTO_INCREMENT,
  `document_id` varchar(255) DEFAULT NULL,
  `name` varchar(255) DEFAULT NULL,
  `created_at` datetime(6) DEFAULT NULL,
  `updated_at` datetime(6) DEFAULT NULL,
  `published_at` datetime(6) DEFAULT NULL,
  `created_by_id` int unsigned DEFAULT NULL,
  `updated_by_id` int unsigned DEFAULT NULL,
  `locale` varchar(255) DEFAULT NULL,
  `description` longtext,
  `slug` varchar(255) DEFAULT NULL,
  PRIMARY KEY (`id`),
  KEY `categories_documents_idx` (`document_id`,`locale`,`published_at`),
  KEY `categories_created_by_id_fk` (`created_by_id`),
  KEY `categories_updated_by_id_fk` (`updated_by_id`),
  CONSTRAINT `categories_created_by_id_fk` FOREIGN KEY (`created_by_id`) REFERENCES `admin_users` (`id`) ON DELETE SET NULL,
  CONSTRAINT `categories_updated_by_id_fk` FOREIGN KEY (`updated_by_id`) REFERENCES `admin_users` (`id`) ON DELETE SET NULL
) ENGINE=InnoDB AUTO_INCREMENT=16 DEFAULT CHARSET=utf8mb4 COLLATE=utf8mb4_0900_ai_ci;
/*!40101 SET character_set_client = @saved_cs_client */;

--
-- Dumping data for table `categories`
--

LOCK TABLES `categories` WRITE;
/*!40000 ALTER TABLE `categories` DISABLE KEYS */;
INSERT INTO `categories` VALUES (1,'nmwjiwzdt2ck2ljpkszumlzm','Arreglos Florales','2024-12-01 22:58:25.084000','2024-12-04 02:09:48.131000',NULL,1,1,NULL,'\"Arreglos Florales: El Regalo Perfecto para Cada Ocasi칩n\"\n\nExplora nuestra selecci칩n de arreglos florales dise침ados con amor y dedicaci칩n para expresar tus sentimientos en cualquier momento especial. Desde delicadas combinaciones rom치nticas hasta vibrantes creaciones llenas de energ칤a, nuestros arreglos destacan por su frescura, calidad y estilo 칰nico.\n\nYa sea para celebrar un cumplea침os, aniversario, logro, o simplemente para alegrar el d칤a de alguien, aqu칤 encontrar치s opciones que se adaptan a cada ocasi칩n y gusto. 춰Haz que cada detalle cuente con el lenguaje universal de las flores! 游꺚','arreglos-florales'),(3,'ytfeix07ea7qevl830btvi6y','Accesorios tecnol칩gicos','2024-12-01 23:06:50.420000','2024-12-04 02:09:42.923000',NULL,1,1,NULL,'A침ade un toque adorable a tu mundo digital con nuestros accesorios tecnol칩gicos kawaii. Dise침os 칰nicos, colores vibrantes y mucha ternura para acompa침arte en tu d칤a a d칤a. 춰Tecnolog칤a con estilo y personalidad! 游눘','accesorios-tecnologicos'),(5,'sr2lw5x2jkz8znfk2vhre35a','Peluches','2024-12-01 23:15:20.517000','2024-12-04 02:09:52.447000',NULL,1,1,NULL,'Muestrale tu amor a esa persona comprandole una peluche','peluches'),(7,'ytfeix07ea7qevl830btvi6y','Accesorios tecnol칩gicos','2024-12-01 23:06:50.420000','2024-12-04 02:09:42.923000','2024-12-04 02:09:42.959000',1,1,NULL,'A침ade un toque adorable a tu mundo digital con nuestros accesorios tecnol칩gicos kawaii. Dise침os 칰nicos, colores vibrantes y mucha ternura para acompa침arte en tu d칤a a d칤a. 춰Tecnolog칤a con estilo y personalidad! 游눘','accesorios-tecnologicos'),(8,'nmwjiwzdt2ck2ljpkszumlzm','Arreglos Florales','2024-12-01 22:58:25.084000','2024-12-04 02:09:48.131000','2024-12-04 02:09:48.142000',1,1,NULL,'\"Arreglos Florales: El Regalo Perfecto para Cada Ocasi칩n\"\n\nExplora nuestra selecci칩n de arreglos florales dise침ados con amor y dedicaci칩n para expresar tus sentimientos en cualquier momento especial. Desde delicadas combinaciones rom치nticas hasta vibrantes creaciones llenas de energ칤a, nuestros arreglos destacan por su frescura, calidad y estilo 칰nico.\n\nYa sea para celebrar un cumplea침os, aniversario, logro, o simplemente para alegrar el d칤a de alguien, aqu칤 encontrar치s opciones que se adaptan a cada ocasi칩n y gusto. 춰Haz que cada detalle cuente con el lenguaje universal de las flores! 游꺚','arreglos-florales'),(9,'sr2lw5x2jkz8znfk2vhre35a','Peluches','2024-12-01 23:15:20.517000','2024-12-04 02:09:52.447000','2024-12-04 02:09:52.465000',1,1,NULL,'Muestrale tu amor a esa persona comprandole una peluche','peluches'),(10,'l51it324rjlhwhvl9mlpe5k3','Joyer칤a y accesorios','2024-12-04 02:20:57.142000','2024-12-04 02:20:57.142000',NULL,1,1,NULL,'Sorprende a tu pareja con lo que te afrecemos ','joyeria-y-accesorios'),(11,'l51it324rjlhwhvl9mlpe5k3','Joyer칤a y accesorios','2024-12-04 02:20:57.142000','2024-12-04 02:20:57.142000','2024-12-04 02:20:57.153000',1,1,NULL,'Sorprende a tu pareja con lo que te afrecemos ','joyeria-y-accesorios'),(12,'gi4x02aoha9z4pa3flsqm4vi','Vinos y licores','2024-12-04 02:22:49.333000','2024-12-04 02:22:49.333000',NULL,1,1,NULL,'asdf','vinos-y-licores'),(13,'gi4x02aoha9z4pa3flsqm4vi','Vinos y licores','2024-12-04 02:22:49.333000','2024-12-04 02:22:49.333000','2024-12-04 02:22:49.344000',1,1,NULL,'asdf','vinos-y-licores'),(14,'sq3sgutprbx3ne8it9zuxc89','Viajes y escapadas','2024-12-04 02:23:43.413000','2024-12-04 02:23:43.413000',NULL,1,1,NULL,'Lugares romanticos','viajes-y-escapadas'),(15,'sq3sgutprbx3ne8it9zuxc89','Viajes y escapadas','2024-12-04 02:23:43.413000','2024-12-04 02:23:43.413000','2024-12-04 02:23:43.422000',1,1,NULL,'Lugares romanticos','viajes-y-escapadas');
/*!40000 ALTER TABLE `categories` ENABLE KEYS */;
UNLOCK TABLES;

--
-- Table structure for table `categories_category_lnk`
--

DROP TABLE IF EXISTS `categories_category_lnk`;
/*!40101 SET @saved_cs_client     = @@character_set_client */;
/*!50503 SET character_set_client = utf8mb4 */;
CREATE TABLE `categories_category_lnk` (
  `id` int unsigned NOT NULL AUTO_INCREMENT,
  `category_id` int unsigned DEFAULT NULL,
  `inv_category_id` int unsigned DEFAULT NULL,
  PRIMARY KEY (`id`),
  UNIQUE KEY `categories_category_lnk_uq` (`category_id`,`inv_category_id`),
  KEY `categories_category_lnk_fk` (`category_id`),
  KEY `categories_category_lnk_ifk` (`inv_category_id`),
  CONSTRAINT `categories_category_lnk_fk` FOREIGN KEY (`category_id`) REFERENCES `categories` (`id`) ON DELETE CASCADE,
  CONSTRAINT `categories_category_lnk_ifk` FOREIGN KEY (`inv_category_id`) REFERENCES `categories` (`id`) ON DELETE CASCADE
) ENGINE=InnoDB DEFAULT CHARSET=utf8mb4 COLLATE=utf8mb4_0900_ai_ci;
/*!40101 SET character_set_client = @saved_cs_client */;

--
-- Dumping data for table `categories_category_lnk`
--

LOCK TABLES `categories_category_lnk` WRITE;
/*!40000 ALTER TABLE `categories_category_lnk` DISABLE KEYS */;
/*!40000 ALTER TABLE `categories_category_lnk` ENABLE KEYS */;
UNLOCK TABLES;

--
-- Table structure for table `categories_product_lnk`
--

DROP TABLE IF EXISTS `categories_product_lnk`;
/*!40101 SET @saved_cs_client     = @@character_set_client */;
/*!50503 SET character_set_client = utf8mb4 */;
CREATE TABLE `categories_product_lnk` (
  `id` int unsigned NOT NULL AUTO_INCREMENT,
  `category_id` int unsigned DEFAULT NULL,
  `product_id` int unsigned DEFAULT NULL,
  `category_ord` double unsigned DEFAULT NULL,
  PRIMARY KEY (`id`),
  UNIQUE KEY `categories_product_lnk_uq` (`category_id`,`product_id`),
  KEY `categories_product_lnk_fk` (`category_id`),
  KEY `categories_product_lnk_ifk` (`product_id`),
  KEY `categories_product_lnk_oifk` (`category_ord`),
  CONSTRAINT `categories_product_lnk_fk` FOREIGN KEY (`category_id`) REFERENCES `categories` (`id`) ON DELETE CASCADE,
  CONSTRAINT `categories_product_lnk_ifk` FOREIGN KEY (`product_id`) REFERENCES `products` (`id`) ON DELETE CASCADE
) ENGINE=InnoDB AUTO_INCREMENT=8 DEFAULT CHARSET=utf8mb4 COLLATE=utf8mb4_0900_ai_ci;
/*!40101 SET character_set_client = @saved_cs_client */;

--
-- Dumping data for table `categories_product_lnk`
--

LOCK TABLES `categories_product_lnk` WRITE;
/*!40000 ALTER TABLE `categories_product_lnk` DISABLE KEYS */;
INSERT INTO `categories_product_lnk` VALUES (1,5,1,0),(7,9,7,1);
/*!40000 ALTER TABLE `categories_product_lnk` ENABLE KEYS */;
UNLOCK TABLES;

--
-- Table structure for table `files`
--

DROP TABLE IF EXISTS `files`;
/*!40101 SET @saved_cs_client     = @@character_set_client */;
/*!50503 SET character_set_client = utf8mb4 */;
CREATE TABLE `files` (
  `id` int unsigned NOT NULL AUTO_INCREMENT,
  `document_id` varchar(255) DEFAULT NULL,
  `name` varchar(255) DEFAULT NULL,
  `alternative_text` varchar(255) DEFAULT NULL,
  `caption` varchar(255) DEFAULT NULL,
  `width` int DEFAULT NULL,
  `height` int DEFAULT NULL,
  `formats` json DEFAULT NULL,
  `hash` varchar(255) DEFAULT NULL,
  `ext` varchar(255) DEFAULT NULL,
  `mime` varchar(255) DEFAULT NULL,
  `size` decimal(10,2) DEFAULT NULL,
  `url` varchar(255) DEFAULT NULL,
  `preview_url` varchar(255) DEFAULT NULL,
  `provider` varchar(255) DEFAULT NULL,
  `provider_metadata` json DEFAULT NULL,
  `folder_path` varchar(255) DEFAULT NULL,
  `created_at` datetime(6) DEFAULT NULL,
  `updated_at` datetime(6) DEFAULT NULL,
  `published_at` datetime(6) DEFAULT NULL,
  `created_by_id` int unsigned DEFAULT NULL,
  `updated_by_id` int unsigned DEFAULT NULL,
  `locale` varchar(255) DEFAULT NULL,
  PRIMARY KEY (`id`),
  KEY `upload_files_folder_path_index` (`folder_path`),
  KEY `upload_files_created_at_index` (`created_at`),
  KEY `upload_files_updated_at_index` (`updated_at`),
  KEY `upload_files_name_index` (`name`),
  KEY `upload_files_size_index` (`size`),
  KEY `upload_files_ext_index` (`ext`),
  KEY `files_documents_idx` (`document_id`,`locale`,`published_at`),
  KEY `files_created_by_id_fk` (`created_by_id`),
  KEY `files_updated_by_id_fk` (`updated_by_id`),
  CONSTRAINT `files_created_by_id_fk` FOREIGN KEY (`created_by_id`) REFERENCES `admin_users` (`id`) ON DELETE SET NULL,
  CONSTRAINT `files_updated_by_id_fk` FOREIGN KEY (`updated_by_id`) REFERENCES `admin_users` (`id`) ON DELETE SET NULL
) ENGINE=InnoDB AUTO_INCREMENT=8 DEFAULT CHARSET=utf8mb4 COLLATE=utf8mb4_0900_ai_ci;
/*!40101 SET character_set_client = @saved_cs_client */;

--
-- Dumping data for table `files`
--

LOCK TABLES `files` WRITE;
/*!40000 ALTER TABLE `files` DISABLE KEYS */;
INSERT INTO `files` VALUES (1,'wqsa7yrfax8m6fely3xsfs07','arreglos-florales.jpg',NULL,NULL,1068,712,'{\"large\": {\"ext\": \".jpg\", \"url\": \"/uploads/large_arreglos_florales_1bc879872b.jpg\", \"hash\": \"large_arreglos_florales_1bc879872b\", \"mime\": \"image/jpeg\", \"name\": \"large_arreglos-florales.jpg\", \"path\": null, \"size\": 139.74, \"width\": 1000, \"height\": 667, \"sizeInBytes\": 139735}, \"small\": {\"ext\": \".jpg\", \"url\": \"/uploads/small_arreglos_florales_1bc879872b.jpg\", \"hash\": \"small_arreglos_florales_1bc879872b\", \"mime\": \"image/jpeg\", \"name\": \"small_arreglos-florales.jpg\", \"path\": null, \"size\": 47.89, \"width\": 500, \"height\": 333, \"sizeInBytes\": 47887}, \"medium\": {\"ext\": \".jpg\", \"url\": \"/uploads/medium_arreglos_florales_1bc879872b.jpg\", \"hash\": \"medium_arreglos_florales_1bc879872b\", \"mime\": \"image/jpeg\", \"name\": \"medium_arreglos-florales.jpg\", \"path\": null, \"size\": 91.26, \"width\": 750, \"height\": 500, \"sizeInBytes\": 91264}, \"thumbnail\": {\"ext\": \".jpg\", \"url\": \"/uploads/thumbnail_arreglos_florales_1bc879872b.jpg\", \"hash\": \"thumbnail_arreglos_florales_1bc879872b\", \"mime\": \"image/jpeg\", \"name\": \"thumbnail_arreglos-florales.jpg\", \"path\": null, \"size\": 13.5, \"width\": 234, \"height\": 156, \"sizeInBytes\": 13497}}','arreglos_florales_1bc879872b','.jpg','image/jpeg',155.96,'/uploads/arreglos_florales_1bc879872b.jpg',NULL,'local',NULL,'/','2024-12-01 22:57:42.025000','2024-12-01 22:57:42.025000','2024-12-01 22:57:42.026000',1,1,NULL),(2,'ncbq7bkv265ued7ez2adavrl','8b95f67efbbd885ff7296337e14c3834.jpg',NULL,NULL,468,393,'{\"thumbnail\": {\"ext\": \".jpg\", \"url\": \"/uploads/thumbnail_8b95f67efbbd885ff7296337e14c3834_64354e0dc2.jpg\", \"hash\": \"thumbnail_8b95f67efbbd885ff7296337e14c3834_64354e0dc2\", \"mime\": \"image/jpeg\", \"name\": \"thumbnail_8b95f67efbbd885ff7296337e14c3834.jpg\", \"path\": null, \"size\": 5.06, \"width\": 186, \"height\": 156, \"sizeInBytes\": 5064}}','8b95f67efbbd885ff7296337e14c3834_64354e0dc2','.jpg','image/jpeg',17.92,'/uploads/8b95f67efbbd885ff7296337e14c3834_64354e0dc2.jpg',NULL,'local',NULL,'/','2024-12-01 23:05:52.984000','2024-12-01 23:05:52.984000','2024-12-01 23:05:52.984000',1,1,NULL),(3,'mr2sr2mxa9jv9c5zry6bcfrb','33f68f3e773ab316145fc40ccbaace8d.jpg',NULL,NULL,600,900,'{\"small\": {\"ext\": \".jpg\", \"url\": \"/uploads/small_33f68f3e773ab316145fc40ccbaace8d_8a05d58980.jpg\", \"hash\": \"small_33f68f3e773ab316145fc40ccbaace8d_8a05d58980\", \"mime\": \"image/jpeg\", \"name\": \"small_33f68f3e773ab316145fc40ccbaace8d.jpg\", \"path\": null, \"size\": 48.53, \"width\": 333, \"height\": 500, \"sizeInBytes\": 48527}, \"medium\": {\"ext\": \".jpg\", \"url\": \"/uploads/medium_33f68f3e773ab316145fc40ccbaace8d_8a05d58980.jpg\", \"hash\": \"medium_33f68f3e773ab316145fc40ccbaace8d_8a05d58980\", \"mime\": \"image/jpeg\", \"name\": \"medium_33f68f3e773ab316145fc40ccbaace8d.jpg\", \"path\": null, \"size\": 96.3, \"width\": 500, \"height\": 750, \"sizeInBytes\": 96301}, \"thumbnail\": {\"ext\": \".jpg\", \"url\": \"/uploads/thumbnail_33f68f3e773ab316145fc40ccbaace8d_8a05d58980.jpg\", \"hash\": \"thumbnail_33f68f3e773ab316145fc40ccbaace8d_8a05d58980\", \"mime\": \"image/jpeg\", \"name\": \"thumbnail_33f68f3e773ab316145fc40ccbaace8d.jpg\", \"path\": null, \"size\": 6.01, \"width\": 104, \"height\": 156, \"sizeInBytes\": 6012}}','33f68f3e773ab316145fc40ccbaace8d_8a05d58980','.jpg','image/jpeg',129.53,'/uploads/33f68f3e773ab316145fc40ccbaace8d_8a05d58980.jpg',NULL,'local',NULL,'/','2024-12-01 23:14:50.805000','2024-12-01 23:14:50.805000','2024-12-01 23:14:50.805000',1,1,NULL),(4,'jza2lttkzgqmqhdmk8dgs7gz','b60fec82fc449d21f80b57cfa156036d.jpg',NULL,NULL,1200,1598,'{\"large\": {\"ext\": \".jpg\", \"url\": \"/uploads/large_b60fec82fc449d21f80b57cfa156036d_700be22d69.jpg\", \"hash\": \"large_b60fec82fc449d21f80b57cfa156036d_700be22d69\", \"mime\": \"image/jpeg\", \"name\": \"large_b60fec82fc449d21f80b57cfa156036d.jpg\", \"path\": null, \"size\": 121.92, \"width\": 751, \"height\": 1000, \"sizeInBytes\": 121924}, \"small\": {\"ext\": \".jpg\", \"url\": \"/uploads/small_b60fec82fc449d21f80b57cfa156036d_700be22d69.jpg\", \"hash\": \"small_b60fec82fc449d21f80b57cfa156036d_700be22d69\", \"mime\": \"image/jpeg\", \"name\": \"small_b60fec82fc449d21f80b57cfa156036d.jpg\", \"path\": null, \"size\": 36.47, \"width\": 375, \"height\": 500, \"sizeInBytes\": 36474}, \"medium\": {\"ext\": \".jpg\", \"url\": \"/uploads/medium_b60fec82fc449d21f80b57cfa156036d_700be22d69.jpg\", \"hash\": \"medium_b60fec82fc449d21f80b57cfa156036d_700be22d69\", \"mime\": \"image/jpeg\", \"name\": \"medium_b60fec82fc449d21f80b57cfa156036d.jpg\", \"path\": null, \"size\": 74.24, \"width\": 563, \"height\": 750, \"sizeInBytes\": 74238}, \"thumbnail\": {\"ext\": \".jpg\", \"url\": \"/uploads/thumbnail_b60fec82fc449d21f80b57cfa156036d_700be22d69.jpg\", \"hash\": \"thumbnail_b60fec82fc449d21f80b57cfa156036d_700be22d69\", \"mime\": \"image/jpeg\", \"name\": \"thumbnail_b60fec82fc449d21f80b57cfa156036d.jpg\", \"path\": null, \"size\": 5.77, \"width\": 118, \"height\": 156, \"sizeInBytes\": 5773}}','b60fec82fc449d21f80b57cfa156036d_700be22d69','.jpg','image/jpeg',267.77,'/uploads/b60fec82fc449d21f80b57cfa156036d_700be22d69.jpg',NULL,'local',NULL,'/','2024-12-04 02:20:15.633000','2024-12-04 02:20:15.633000','2024-12-04 02:20:15.634000',1,1,NULL),(5,'pbshslmf1xnup4yl4h0azz8j','c77646f2f76426ffd476dfc1a05d4f3f.jpg',NULL,NULL,756,891,'{\"small\": {\"ext\": \".jpg\", \"url\": \"/uploads/small_c77646f2f76426ffd476dfc1a05d4f3f_f84e99ba69.jpg\", \"hash\": \"small_c77646f2f76426ffd476dfc1a05d4f3f_f84e99ba69\", \"mime\": \"image/jpeg\", \"name\": \"small_c77646f2f76426ffd476dfc1a05d4f3f.jpg\", \"path\": null, \"size\": 48.17, \"width\": 424, \"height\": 500, \"sizeInBytes\": 48171}, \"medium\": {\"ext\": \".jpg\", \"url\": \"/uploads/medium_c77646f2f76426ffd476dfc1a05d4f3f_f84e99ba69.jpg\", \"hash\": \"medium_c77646f2f76426ffd476dfc1a05d4f3f_f84e99ba69\", \"mime\": \"image/jpeg\", \"name\": \"medium_c77646f2f76426ffd476dfc1a05d4f3f.jpg\", \"path\": null, \"size\": 97.36, \"width\": 636, \"height\": 750, \"sizeInBytes\": 97364}, \"thumbnail\": {\"ext\": \".jpg\", \"url\": \"/uploads/thumbnail_c77646f2f76426ffd476dfc1a05d4f3f_f84e99ba69.jpg\", \"hash\": \"thumbnail_c77646f2f76426ffd476dfc1a05d4f3f_f84e99ba69\", \"mime\": \"image/jpeg\", \"name\": \"thumbnail_c77646f2f76426ffd476dfc1a05d4f3f.jpg\", \"path\": null, \"size\": 6.3, \"width\": 133, \"height\": 156, \"sizeInBytes\": 6302}}','c77646f2f76426ffd476dfc1a05d4f3f_f84e99ba69','.jpg','image/jpeg',135.76,'/uploads/c77646f2f76426ffd476dfc1a05d4f3f_f84e99ba69.jpg',NULL,'local',NULL,'/','2024-12-04 02:22:19.024000','2024-12-04 02:22:19.024000','2024-12-04 02:22:19.025000',1,1,NULL),(6,'v5efxr7jdgr1qv6aeu10190t','a8304a7030aaac45af5584690730760c.jpg',NULL,NULL,1200,1433,'{\"large\": {\"ext\": \".jpg\", \"url\": \"/uploads/large_a8304a7030aaac45af5584690730760c_fac06b9b09.jpg\", \"hash\": \"large_a8304a7030aaac45af5584690730760c_fac06b9b09\", \"mime\": \"image/jpeg\", \"name\": \"large_a8304a7030aaac45af5584690730760c.jpg\", \"path\": null, \"size\": 72.8, \"width\": 837, \"height\": 1000, \"sizeInBytes\": 72802}, \"small\": {\"ext\": \".jpg\", \"url\": \"/uploads/small_a8304a7030aaac45af5584690730760c_fac06b9b09.jpg\", \"hash\": \"small_a8304a7030aaac45af5584690730760c_fac06b9b09\", \"mime\": \"image/jpeg\", \"name\": \"small_a8304a7030aaac45af5584690730760c.jpg\", \"path\": null, \"size\": 28.22, \"width\": 419, \"height\": 500, \"sizeInBytes\": 28216}, \"medium\": {\"ext\": \".jpg\", \"url\": \"/uploads/medium_a8304a7030aaac45af5584690730760c_fac06b9b09.jpg\", \"hash\": \"medium_a8304a7030aaac45af5584690730760c_fac06b9b09\", \"mime\": \"image/jpeg\", \"name\": \"medium_a8304a7030aaac45af5584690730760c.jpg\", \"path\": null, \"size\": 49.07, \"width\": 628, \"height\": 750, \"sizeInBytes\": 49072}, \"thumbnail\": {\"ext\": \".jpg\", \"url\": \"/uploads/thumbnail_a8304a7030aaac45af5584690730760c_fac06b9b09.jpg\", \"hash\": \"thumbnail_a8304a7030aaac45af5584690730760c_fac06b9b09\", \"mime\": \"image/jpeg\", \"name\": \"thumbnail_a8304a7030aaac45af5584690730760c.jpg\", \"path\": null, \"size\": 5.03, \"width\": 131, \"height\": 156, \"sizeInBytes\": 5029}}','a8304a7030aaac45af5584690730760c_fac06b9b09','.jpg','image/jpeg',116.61,'/uploads/a8304a7030aaac45af5584690730760c_fac06b9b09.jpg',NULL,'local',NULL,'/','2024-12-04 02:23:33.002000','2024-12-04 02:23:33.002000','2024-12-04 02:23:33.002000',1,1,NULL),(7,'xnw58ndymowr6naoxvjhjja6','pinguino.webp',NULL,NULL,1200,1290,'{\"large\": {\"ext\": \".webp\", \"url\": \"/uploads/large_pinguino_e35b7f00ff.webp\", \"hash\": \"large_pinguino_e35b7f00ff\", \"mime\": \"image/webp\", \"name\": \"large_pinguino.webp\", \"path\": null, \"size\": 26.55, \"width\": 930, \"height\": 1000, \"sizeInBytes\": 26548}, \"small\": {\"ext\": \".webp\", \"url\": \"/uploads/small_pinguino_e35b7f00ff.webp\", \"hash\": \"small_pinguino_e35b7f00ff\", \"mime\": \"image/webp\", \"name\": \"small_pinguino.webp\", \"path\": null, \"size\": 9.2, \"width\": 465, \"height\": 500, \"sizeInBytes\": 9202}, \"medium\": {\"ext\": \".webp\", \"url\": \"/uploads/medium_pinguino_e35b7f00ff.webp\", \"hash\": \"medium_pinguino_e35b7f00ff\", \"mime\": \"image/webp\", \"name\": \"medium_pinguino.webp\", \"path\": null, \"size\": 17.43, \"width\": 698, \"height\": 750, \"sizeInBytes\": 17434}, \"thumbnail\": {\"ext\": \".webp\", \"url\": \"/uploads/thumbnail_pinguino_e35b7f00ff.webp\", \"hash\": \"thumbnail_pinguino_e35b7f00ff\", \"mime\": \"image/webp\", \"name\": \"thumbnail_pinguino.webp\", \"path\": null, \"size\": 1.91, \"width\": 145, \"height\": 156, \"sizeInBytes\": 1914}}','pinguino_e35b7f00ff','.webp','image/webp',45.50,'/uploads/pinguino_e35b7f00ff.webp',NULL,'local',NULL,'/','2024-12-04 03:09:33.448000','2024-12-04 03:09:33.448000','2024-12-04 03:09:33.448000',1,1,NULL);
/*!40000 ALTER TABLE `files` ENABLE KEYS */;
UNLOCK TABLES;

--
-- Table structure for table `files_folder_lnk`
--

DROP TABLE IF EXISTS `files_folder_lnk`;
/*!40101 SET @saved_cs_client     = @@character_set_client */;
/*!50503 SET character_set_client = utf8mb4 */;
CREATE TABLE `files_folder_lnk` (
  `id` int unsigned NOT NULL AUTO_INCREMENT,
  `file_id` int unsigned DEFAULT NULL,
  `folder_id` int unsigned DEFAULT NULL,
  `file_ord` double unsigned DEFAULT NULL,
  PRIMARY KEY (`id`),
  UNIQUE KEY `files_folder_lnk_uq` (`file_id`,`folder_id`),
  KEY `files_folder_lnk_fk` (`file_id`),
  KEY `files_folder_lnk_ifk` (`folder_id`),
  KEY `files_folder_lnk_oifk` (`file_ord`),
  CONSTRAINT `files_folder_lnk_fk` FOREIGN KEY (`file_id`) REFERENCES `files` (`id`) ON DELETE CASCADE,
  CONSTRAINT `files_folder_lnk_ifk` FOREIGN KEY (`folder_id`) REFERENCES `upload_folders` (`id`) ON DELETE CASCADE
) ENGINE=InnoDB DEFAULT CHARSET=utf8mb4 COLLATE=utf8mb4_0900_ai_ci;
/*!40101 SET character_set_client = @saved_cs_client */;

--
-- Dumping data for table `files_folder_lnk`
--

LOCK TABLES `files_folder_lnk` WRITE;
/*!40000 ALTER TABLE `files_folder_lnk` DISABLE KEYS */;
/*!40000 ALTER TABLE `files_folder_lnk` ENABLE KEYS */;
UNLOCK TABLES;

--
-- Table structure for table `files_related_mph`
--

DROP TABLE IF EXISTS `files_related_mph`;
/*!40101 SET @saved_cs_client     = @@character_set_client */;
/*!50503 SET character_set_client = utf8mb4 */;
CREATE TABLE `files_related_mph` (
  `id` int unsigned NOT NULL AUTO_INCREMENT,
  `file_id` int unsigned DEFAULT NULL,
  `related_id` int unsigned DEFAULT NULL,
  `related_type` varchar(255) DEFAULT NULL,
  `field` varchar(255) DEFAULT NULL,
  `order` double unsigned DEFAULT NULL,
  PRIMARY KEY (`id`),
  KEY `files_related_mph_fk` (`file_id`),
  KEY `files_related_mph_oidx` (`order`),
  KEY `files_related_mph_idix` (`related_id`),
  CONSTRAINT `files_related_mph_fk` FOREIGN KEY (`file_id`) REFERENCES `files` (`id`) ON DELETE CASCADE
) ENGINE=InnoDB AUTO_INCREMENT=31 DEFAULT CHARSET=utf8mb4 COLLATE=utf8mb4_0900_ai_ci;
/*!40101 SET character_set_client = @saved_cs_client */;

--
-- Dumping data for table `files_related_mph`
--

LOCK TABLES `files_related_mph` WRITE;
/*!40000 ALTER TABLE `files_related_mph` DISABLE KEYS */;
INSERT INTO `files_related_mph` VALUES (7,2,3,'api::category.category','banner',1),(8,2,7,'api::category.category','banner',1),(9,1,1,'api::category.category','banner',1),(10,1,8,'api::category.category','banner',1),(11,3,5,'api::category.category','banner',1),(12,3,9,'api::category.category','banner',1),(13,4,10,'api::category.category','banner',1),(14,4,11,'api::category.category','banner',1),(15,5,12,'api::category.category','banner',1),(16,5,13,'api::category.category','banner',1),(17,6,14,'api::category.category','banner',1),(18,6,15,'api::category.category','banner',1),(29,7,1,'api::product.product','media',1),(30,7,7,'api::product.product','media',1);
/*!40000 ALTER TABLE `files_related_mph` ENABLE KEYS */;
UNLOCK TABLES;

--
-- Table structure for table `i18n_locale`
--

DROP TABLE IF EXISTS `i18n_locale`;
/*!40101 SET @saved_cs_client     = @@character_set_client */;
/*!50503 SET character_set_client = utf8mb4 */;
CREATE TABLE `i18n_locale` (
  `id` int unsigned NOT NULL AUTO_INCREMENT,
  `document_id` varchar(255) DEFAULT NULL,
  `name` varchar(255) DEFAULT NULL,
  `code` varchar(255) DEFAULT NULL,
  `created_at` datetime(6) DEFAULT NULL,
  `updated_at` datetime(6) DEFAULT NULL,
  `published_at` datetime(6) DEFAULT NULL,
  `created_by_id` int unsigned DEFAULT NULL,
  `updated_by_id` int unsigned DEFAULT NULL,
  `locale` varchar(255) DEFAULT NULL,
  PRIMARY KEY (`id`),
  KEY `i18n_locale_documents_idx` (`document_id`,`locale`,`published_at`),
  KEY `i18n_locale_created_by_id_fk` (`created_by_id`),
  KEY `i18n_locale_updated_by_id_fk` (`updated_by_id`),
  CONSTRAINT `i18n_locale_created_by_id_fk` FOREIGN KEY (`created_by_id`) REFERENCES `admin_users` (`id`) ON DELETE SET NULL,
  CONSTRAINT `i18n_locale_updated_by_id_fk` FOREIGN KEY (`updated_by_id`) REFERENCES `admin_users` (`id`) ON DELETE SET NULL
) ENGINE=InnoDB AUTO_INCREMENT=2 DEFAULT CHARSET=utf8mb4 COLLATE=utf8mb4_0900_ai_ci;
/*!40101 SET character_set_client = @saved_cs_client */;

--
-- Dumping data for table `i18n_locale`
--

LOCK TABLES `i18n_locale` WRITE;
/*!40000 ALTER TABLE `i18n_locale` DISABLE KEYS */;
INSERT INTO `i18n_locale` VALUES (1,'j8ten192gbde9con0zsj6tpg','English (en)','en','2024-09-23 16:26:09.373000','2024-09-23 16:26:09.373000','2024-09-23 16:26:09.374000',NULL,NULL,NULL);
/*!40000 ALTER TABLE `i18n_locale` ENABLE KEYS */;
UNLOCK TABLES;

--
-- Table structure for table `list_ips`
--

DROP TABLE IF EXISTS `list_ips`;
/*!40101 SET @saved_cs_client     = @@character_set_client */;
/*!50503 SET character_set_client = utf8mb4 */;
CREATE TABLE `list_ips` (
  `id` int unsigned NOT NULL AUTO_INCREMENT,
  `document_id` varchar(255) DEFAULT NULL,
  `ip` varchar(255) DEFAULT NULL,
  `blocked` varchar(255) DEFAULT NULL,
  `attemps` varchar(255) DEFAULT NULL,
  `created_at` datetime(6) DEFAULT NULL,
  `updated_at` datetime(6) DEFAULT NULL,
  `published_at` datetime(6) DEFAULT NULL,
  `created_by_id` int unsigned DEFAULT NULL,
  `updated_by_id` int unsigned DEFAULT NULL,
  `locale` varchar(255) DEFAULT NULL,
  PRIMARY KEY (`id`),
  KEY `list_ips_documents_idx` (`document_id`,`locale`,`published_at`),
  KEY `list_ips_created_by_id_fk` (`created_by_id`),
  KEY `list_ips_updated_by_id_fk` (`updated_by_id`),
  CONSTRAINT `list_ips_created_by_id_fk` FOREIGN KEY (`created_by_id`) REFERENCES `admin_users` (`id`) ON DELETE SET NULL,
  CONSTRAINT `list_ips_updated_by_id_fk` FOREIGN KEY (`updated_by_id`) REFERENCES `admin_users` (`id`) ON DELETE SET NULL
) ENGINE=InnoDB DEFAULT CHARSET=utf8mb4 COLLATE=utf8mb4_0900_ai_ci;
/*!40101 SET character_set_client = @saved_cs_client */;

--
-- Dumping data for table `list_ips`
--

LOCK TABLES `list_ips` WRITE;
/*!40000 ALTER TABLE `list_ips` DISABLE KEYS */;
/*!40000 ALTER TABLE `list_ips` ENABLE KEYS */;
UNLOCK TABLES;

--
-- Table structure for table `products`
--

DROP TABLE IF EXISTS `products`;
/*!40101 SET @saved_cs_client     = @@character_set_client */;
/*!50503 SET character_set_client = utf8mb4 */;
CREATE TABLE `products` (
  `id` int unsigned NOT NULL AUTO_INCREMENT,
  `document_id` varchar(255) DEFAULT NULL,
  `name` varchar(255) DEFAULT NULL,
  `slug` varchar(255) DEFAULT NULL,
  `price` decimal(10,2) DEFAULT NULL,
  `description` longtext,
  `quantity` int DEFAULT NULL,
  `discount` int DEFAULT NULL,
  `like` int DEFAULT NULL,
  `created_at` datetime(6) DEFAULT NULL,
  `updated_at` datetime(6) DEFAULT NULL,
  `published_at` datetime(6) DEFAULT NULL,
  `created_by_id` int unsigned DEFAULT NULL,
  `updated_by_id` int unsigned DEFAULT NULL,
  `locale` varchar(255) DEFAULT NULL,
  PRIMARY KEY (`id`),
  KEY `products_documents_idx` (`document_id`,`locale`,`published_at`),
  KEY `products_created_by_id_fk` (`created_by_id`),
  KEY `products_updated_by_id_fk` (`updated_by_id`),
  CONSTRAINT `products_created_by_id_fk` FOREIGN KEY (`created_by_id`) REFERENCES `admin_users` (`id`) ON DELETE SET NULL,
  CONSTRAINT `products_updated_by_id_fk` FOREIGN KEY (`updated_by_id`) REFERENCES `admin_users` (`id`) ON DELETE SET NULL
) ENGINE=InnoDB AUTO_INCREMENT=8 DEFAULT CHARSET=utf8mb4 COLLATE=utf8mb4_0900_ai_ci;
/*!40101 SET character_set_client = @saved_cs_client */;

--
-- Dumping data for table `products`
--

LOCK TABLES `products` WRITE;
/*!40000 ALTER TABLE `products` DISABLE KEYS */;
INSERT INTO `products` VALUES (1,'ul0a407txp5eieqsaefxlmjc','Pinguino','pinguino',45.00,'Lindo pinguino con gorrita amarilla',10,0,10,'2024-12-04 03:10:05.496000','2024-12-04 03:17:13.860000',NULL,1,1,NULL),(7,'ul0a407txp5eieqsaefxlmjc','Pinguino','pinguino',45.00,'Lindo pinguino con gorrita amarilla',10,0,10,'2024-12-04 03:10:05.496000','2024-12-04 03:17:13.860000','2024-12-04 03:17:13.879000',1,1,NULL);
/*!40000 ALTER TABLE `products` ENABLE KEYS */;
UNLOCK TABLES;

--
-- Table structure for table `sell_products`
--

DROP TABLE IF EXISTS `sell_products`;
/*!40101 SET @saved_cs_client     = @@character_set_client */;
/*!50503 SET character_set_client = utf8mb4 */;
CREATE TABLE `sell_products` (
  `id` int unsigned NOT NULL AUTO_INCREMENT,
  `document_id` varchar(255) DEFAULT NULL,
  `total_sell` decimal(10,2) DEFAULT NULL,
  `method_paid` varchar(255) DEFAULT NULL,
  `selled` tinyint(1) DEFAULT NULL,
  `address` varchar(255) DEFAULT NULL,
  `adicionaldata` json DEFAULT NULL,
  `contact` varchar(255) DEFAULT NULL,
  `date_delivery` varchar(255) DEFAULT NULL,
  `hour_delivery` varchar(255) DEFAULT NULL,
  `created_at` datetime(6) DEFAULT NULL,
  `updated_at` datetime(6) DEFAULT NULL,
  `published_at` datetime(6) DEFAULT NULL,
  `created_by_id` int unsigned DEFAULT NULL,
  `updated_by_id` int unsigned DEFAULT NULL,
  `locale` varchar(255) DEFAULT NULL,
  PRIMARY KEY (`id`),
  KEY `sell_products_documents_idx` (`document_id`,`locale`,`published_at`),
  KEY `sell_products_created_by_id_fk` (`created_by_id`),
  KEY `sell_products_updated_by_id_fk` (`updated_by_id`),
  CONSTRAINT `sell_products_created_by_id_fk` FOREIGN KEY (`created_by_id`) REFERENCES `admin_users` (`id`) ON DELETE SET NULL,
  CONSTRAINT `sell_products_updated_by_id_fk` FOREIGN KEY (`updated_by_id`) REFERENCES `admin_users` (`id`) ON DELETE SET NULL
) ENGINE=InnoDB DEFAULT CHARSET=utf8mb4 COLLATE=utf8mb4_0900_ai_ci;
/*!40101 SET character_set_client = @saved_cs_client */;

--
-- Dumping data for table `sell_products`
--

LOCK TABLES `sell_products` WRITE;
/*!40000 ALTER TABLE `sell_products` DISABLE KEYS */;
/*!40000 ALTER TABLE `sell_products` ENABLE KEYS */;
UNLOCK TABLES;

--
-- Table structure for table `sell_products_products_lnk`
--

DROP TABLE IF EXISTS `sell_products_products_lnk`;
/*!40101 SET @saved_cs_client     = @@character_set_client */;
/*!50503 SET character_set_client = utf8mb4 */;
CREATE TABLE `sell_products_products_lnk` (
  `id` int unsigned NOT NULL AUTO_INCREMENT,
  `sell_product_id` int unsigned DEFAULT NULL,
  `product_id` int unsigned DEFAULT NULL,
  `product_ord` double unsigned DEFAULT NULL,
  PRIMARY KEY (`id`),
  UNIQUE KEY `sell_products_products_lnk_uq` (`sell_product_id`,`product_id`),
  KEY `sell_products_products_lnk_fk` (`sell_product_id`),
  KEY `sell_products_products_lnk_ifk` (`product_id`),
  KEY `sell_products_products_lnk_ofk` (`product_ord`),
  CONSTRAINT `sell_products_products_lnk_fk` FOREIGN KEY (`sell_product_id`) REFERENCES `sell_products` (`id`) ON DELETE CASCADE,
  CONSTRAINT `sell_products_products_lnk_ifk` FOREIGN KEY (`product_id`) REFERENCES `products` (`id`) ON DELETE CASCADE
) ENGINE=InnoDB DEFAULT CHARSET=utf8mb4 COLLATE=utf8mb4_0900_ai_ci;
/*!40101 SET character_set_client = @saved_cs_client */;

--
-- Dumping data for table `sell_products_products_lnk`
--

LOCK TABLES `sell_products_products_lnk` WRITE;
/*!40000 ALTER TABLE `sell_products_products_lnk` DISABLE KEYS */;
/*!40000 ALTER TABLE `sell_products_products_lnk` ENABLE KEYS */;
UNLOCK TABLES;

--
-- Table structure for table `sell_products_users_permissions_user_lnk`
--

DROP TABLE IF EXISTS `sell_products_users_permissions_user_lnk`;
/*!40101 SET @saved_cs_client     = @@character_set_client */;
/*!50503 SET character_set_client = utf8mb4 */;
CREATE TABLE `sell_products_users_permissions_user_lnk` (
  `id` int unsigned NOT NULL AUTO_INCREMENT,
  `sell_product_id` int unsigned DEFAULT NULL,
  `user_id` int unsigned DEFAULT NULL,
  `sell_product_ord` double unsigned DEFAULT NULL,
  PRIMARY KEY (`id`),
  UNIQUE KEY `sell_products_users_permissions_user_lnk_uq` (`sell_product_id`,`user_id`),
  KEY `sell_products_users_permissions_user_lnk_fk` (`sell_product_id`),
  KEY `sell_products_users_permissions_user_lnk_ifk` (`user_id`),
  KEY `sell_products_users_permissions_user_lnk_oifk` (`sell_product_ord`),
  CONSTRAINT `sell_products_users_permissions_user_lnk_fk` FOREIGN KEY (`sell_product_id`) REFERENCES `sell_products` (`id`) ON DELETE CASCADE,
  CONSTRAINT `sell_products_users_permissions_user_lnk_ifk` FOREIGN KEY (`user_id`) REFERENCES `up_users` (`id`) ON DELETE CASCADE
) ENGINE=InnoDB DEFAULT CHARSET=utf8mb4 COLLATE=utf8mb4_0900_ai_ci;
/*!40101 SET character_set_client = @saved_cs_client */;

--
-- Dumping data for table `sell_products_users_permissions_user_lnk`
--

LOCK TABLES `sell_products_users_permissions_user_lnk` WRITE;
/*!40000 ALTER TABLE `sell_products_users_permissions_user_lnk` DISABLE KEYS */;
/*!40000 ALTER TABLE `sell_products_users_permissions_user_lnk` ENABLE KEYS */;
UNLOCK TABLES;

--
-- Table structure for table `strapi_api_token_permissions`
--

DROP TABLE IF EXISTS `strapi_api_token_permissions`;
/*!40101 SET @saved_cs_client     = @@character_set_client */;
/*!50503 SET character_set_client = utf8mb4 */;
CREATE TABLE `strapi_api_token_permissions` (
  `id` int unsigned NOT NULL AUTO_INCREMENT,
  `document_id` varchar(255) DEFAULT NULL,
  `action` varchar(255) DEFAULT NULL,
  `created_at` datetime(6) DEFAULT NULL,
  `updated_at` datetime(6) DEFAULT NULL,
  `published_at` datetime(6) DEFAULT NULL,
  `created_by_id` int unsigned DEFAULT NULL,
  `updated_by_id` int unsigned DEFAULT NULL,
  `locale` varchar(255) DEFAULT NULL,
  PRIMARY KEY (`id`),
  KEY `strapi_api_token_permissions_documents_idx` (`document_id`,`locale`,`published_at`),
  KEY `strapi_api_token_permissions_created_by_id_fk` (`created_by_id`),
  KEY `strapi_api_token_permissions_updated_by_id_fk` (`updated_by_id`),
  CONSTRAINT `strapi_api_token_permissions_created_by_id_fk` FOREIGN KEY (`created_by_id`) REFERENCES `admin_users` (`id`) ON DELETE SET NULL,
  CONSTRAINT `strapi_api_token_permissions_updated_by_id_fk` FOREIGN KEY (`updated_by_id`) REFERENCES `admin_users` (`id`) ON DELETE SET NULL
) ENGINE=InnoDB DEFAULT CHARSET=utf8mb4 COLLATE=utf8mb4_0900_ai_ci;
/*!40101 SET character_set_client = @saved_cs_client */;

--
-- Dumping data for table `strapi_api_token_permissions`
--

LOCK TABLES `strapi_api_token_permissions` WRITE;
/*!40000 ALTER TABLE `strapi_api_token_permissions` DISABLE KEYS */;
/*!40000 ALTER TABLE `strapi_api_token_permissions` ENABLE KEYS */;
UNLOCK TABLES;

--
-- Table structure for table `strapi_api_token_permissions_token_lnk`
--

DROP TABLE IF EXISTS `strapi_api_token_permissions_token_lnk`;
/*!40101 SET @saved_cs_client     = @@character_set_client */;
/*!50503 SET character_set_client = utf8mb4 */;
CREATE TABLE `strapi_api_token_permissions_token_lnk` (
  `id` int unsigned NOT NULL AUTO_INCREMENT,
  `api_token_permission_id` int unsigned DEFAULT NULL,
  `api_token_id` int unsigned DEFAULT NULL,
  `api_token_permission_ord` double unsigned DEFAULT NULL,
  PRIMARY KEY (`id`),
  UNIQUE KEY `strapi_api_token_permissions_token_lnk_uq` (`api_token_permission_id`,`api_token_id`),
  KEY `strapi_api_token_permissions_token_lnk_fk` (`api_token_permission_id`),
  KEY `strapi_api_token_permissions_token_lnk_ifk` (`api_token_id`),
  KEY `strapi_api_token_permissions_token_lnk_oifk` (`api_token_permission_ord`),
  CONSTRAINT `strapi_api_token_permissions_token_lnk_fk` FOREIGN KEY (`api_token_permission_id`) REFERENCES `strapi_api_token_permissions` (`id`) ON DELETE CASCADE,
  CONSTRAINT `strapi_api_token_permissions_token_lnk_ifk` FOREIGN KEY (`api_token_id`) REFERENCES `strapi_api_tokens` (`id`) ON DELETE CASCADE
) ENGINE=InnoDB DEFAULT CHARSET=utf8mb4 COLLATE=utf8mb4_0900_ai_ci;
/*!40101 SET character_set_client = @saved_cs_client */;

--
-- Dumping data for table `strapi_api_token_permissions_token_lnk`
--

LOCK TABLES `strapi_api_token_permissions_token_lnk` WRITE;
/*!40000 ALTER TABLE `strapi_api_token_permissions_token_lnk` DISABLE KEYS */;
/*!40000 ALTER TABLE `strapi_api_token_permissions_token_lnk` ENABLE KEYS */;
UNLOCK TABLES;

--
-- Table structure for table `strapi_api_tokens`
--

DROP TABLE IF EXISTS `strapi_api_tokens`;
/*!40101 SET @saved_cs_client     = @@character_set_client */;
/*!50503 SET character_set_client = utf8mb4 */;
CREATE TABLE `strapi_api_tokens` (
  `id` int unsigned NOT NULL AUTO_INCREMENT,
  `document_id` varchar(255) DEFAULT NULL,
  `name` varchar(255) DEFAULT NULL,
  `description` varchar(255) DEFAULT NULL,
  `type` varchar(255) DEFAULT NULL,
  `access_key` varchar(255) DEFAULT NULL,
  `last_used_at` datetime(6) DEFAULT NULL,
  `expires_at` datetime(6) DEFAULT NULL,
  `lifespan` bigint DEFAULT NULL,
  `created_at` datetime(6) DEFAULT NULL,
  `updated_at` datetime(6) DEFAULT NULL,
  `published_at` datetime(6) DEFAULT NULL,
  `created_by_id` int unsigned DEFAULT NULL,
  `updated_by_id` int unsigned DEFAULT NULL,
  `locale` varchar(255) DEFAULT NULL,
  PRIMARY KEY (`id`),
  KEY `strapi_api_tokens_documents_idx` (`document_id`,`locale`,`published_at`),
  KEY `strapi_api_tokens_created_by_id_fk` (`created_by_id`),
  KEY `strapi_api_tokens_updated_by_id_fk` (`updated_by_id`),
  CONSTRAINT `strapi_api_tokens_created_by_id_fk` FOREIGN KEY (`created_by_id`) REFERENCES `admin_users` (`id`) ON DELETE SET NULL,
  CONSTRAINT `strapi_api_tokens_updated_by_id_fk` FOREIGN KEY (`updated_by_id`) REFERENCES `admin_users` (`id`) ON DELETE SET NULL
) ENGINE=InnoDB DEFAULT CHARSET=utf8mb4 COLLATE=utf8mb4_0900_ai_ci;
/*!40101 SET character_set_client = @saved_cs_client */;

--
-- Dumping data for table `strapi_api_tokens`
--

LOCK TABLES `strapi_api_tokens` WRITE;
/*!40000 ALTER TABLE `strapi_api_tokens` DISABLE KEYS */;
/*!40000 ALTER TABLE `strapi_api_tokens` ENABLE KEYS */;
UNLOCK TABLES;

--
-- Table structure for table `strapi_core_store_settings`
--

DROP TABLE IF EXISTS `strapi_core_store_settings`;
/*!40101 SET @saved_cs_client     = @@character_set_client */;
/*!50503 SET character_set_client = utf8mb4 */;
CREATE TABLE `strapi_core_store_settings` (
  `id` int unsigned NOT NULL AUTO_INCREMENT,
  `key` varchar(255) DEFAULT NULL,
  `value` longtext,
  `type` varchar(255) DEFAULT NULL,
  `environment` varchar(255) DEFAULT NULL,
  `tag` varchar(255) DEFAULT NULL,
  PRIMARY KEY (`id`)
) ENGINE=InnoDB AUTO_INCREMENT=34 DEFAULT CHARSET=utf8mb4 COLLATE=utf8mb4_0900_ai_ci;
/*!40101 SET character_set_client = @saved_cs_client */;

--
-- Dumping data for table `strapi_core_store_settings`
--

LOCK TABLES `strapi_core_store_settings` WRITE;
/*!40000 ALTER TABLE `strapi_core_store_settings` DISABLE KEYS */;
INSERT INTO `strapi_core_store_settings` VALUES (1,'strapi_content_types_schema','{\"plugin::upload.file\":{\"collectionName\":\"files\",\"info\":{\"singularName\":\"file\",\"pluralName\":\"files\",\"displayName\":\"File\",\"description\":\"\"},\"options\":{\"draftAndPublish\":false},\"pluginOptions\":{\"content-manager\":{\"visible\":false},\"content-type-builder\":{\"visible\":false}},\"attributes\":{\"name\":{\"type\":\"string\",\"configurable\":false,\"required\":true},\"alternativeText\":{\"type\":\"string\",\"configurable\":false},\"caption\":{\"type\":\"string\",\"configurable\":false},\"width\":{\"type\":\"integer\",\"configurable\":false},\"height\":{\"type\":\"integer\",\"configurable\":false},\"formats\":{\"type\":\"json\",\"configurable\":false},\"hash\":{\"type\":\"string\",\"configurable\":false,\"required\":true},\"ext\":{\"type\":\"string\",\"configurable\":false},\"mime\":{\"type\":\"string\",\"configurable\":false,\"required\":true},\"size\":{\"type\":\"decimal\",\"configurable\":false,\"required\":true},\"url\":{\"type\":\"string\",\"configurable\":false,\"required\":true},\"previewUrl\":{\"type\":\"string\",\"configurable\":false},\"provider\":{\"type\":\"string\",\"configurable\":false,\"required\":true},\"provider_metadata\":{\"type\":\"json\",\"configurable\":false},\"related\":{\"type\":\"relation\",\"relation\":\"morphToMany\",\"configurable\":false},\"folder\":{\"type\":\"relation\",\"relation\":\"manyToOne\",\"target\":\"plugin::upload.folder\",\"inversedBy\":\"files\",\"private\":true},\"folderPath\":{\"type\":\"string\",\"minLength\":1,\"required\":true,\"private\":true,\"searchable\":false},\"createdAt\":{\"type\":\"datetime\"},\"updatedAt\":{\"type\":\"datetime\"},\"publishedAt\":{\"type\":\"datetime\",\"configurable\":false,\"writable\":true,\"visible\":false},\"createdBy\":{\"type\":\"relation\",\"relation\":\"oneToOne\",\"target\":\"admin::user\",\"configurable\":false,\"writable\":false,\"visible\":false,\"useJoinTable\":false,\"private\":true},\"updatedBy\":{\"type\":\"relation\",\"relation\":\"oneToOne\",\"target\":\"admin::user\",\"configurable\":false,\"writable\":false,\"visible\":false,\"useJoinTable\":false,\"private\":true},\"locale\":{\"writable\":true,\"private\":false,\"configurable\":false,\"visible\":false,\"type\":\"string\"},\"localizations\":{\"type\":\"relation\",\"relation\":\"oneToMany\",\"target\":\"plugin::upload.file\",\"writable\":false,\"private\":false,\"configurable\":false,\"visible\":false,\"unstable_virtual\":true,\"joinColumn\":{\"name\":\"document_id\",\"referencedColumn\":\"document_id\",\"referencedTable\":\"files\"}}},\"indexes\":[{\"name\":\"upload_files_folder_path_index\",\"columns\":[\"folder_path\"],\"type\":null},{\"name\":\"upload_files_created_at_index\",\"columns\":[\"created_at\"],\"type\":null},{\"name\":\"upload_files_updated_at_index\",\"columns\":[\"updated_at\"],\"type\":null},{\"name\":\"upload_files_name_index\",\"columns\":[\"name\"],\"type\":null},{\"name\":\"upload_files_size_index\",\"columns\":[\"size\"],\"type\":null},{\"name\":\"upload_files_ext_index\",\"columns\":[\"ext\"],\"type\":null}],\"plugin\":\"upload\",\"globalId\":\"UploadFile\",\"uid\":\"plugin::upload.file\",\"modelType\":\"contentType\",\"kind\":\"collectionType\",\"__schema__\":{\"collectionName\":\"files\",\"info\":{\"singularName\":\"file\",\"pluralName\":\"files\",\"displayName\":\"File\",\"description\":\"\"},\"options\":{},\"pluginOptions\":{\"content-manager\":{\"visible\":false},\"content-type-builder\":{\"visible\":false}},\"attributes\":{\"name\":{\"type\":\"string\",\"configurable\":false,\"required\":true},\"alternativeText\":{\"type\":\"string\",\"configurable\":false},\"caption\":{\"type\":\"string\",\"configurable\":false},\"width\":{\"type\":\"integer\",\"configurable\":false},\"height\":{\"type\":\"integer\",\"configurable\":false},\"formats\":{\"type\":\"json\",\"configurable\":false},\"hash\":{\"type\":\"string\",\"configurable\":false,\"required\":true},\"ext\":{\"type\":\"string\",\"configurable\":false},\"mime\":{\"type\":\"string\",\"configurable\":false,\"required\":true},\"size\":{\"type\":\"decimal\",\"configurable\":false,\"required\":true},\"url\":{\"type\":\"string\",\"configurable\":false,\"required\":true},\"previewUrl\":{\"type\":\"string\",\"configurable\":false},\"provider\":{\"type\":\"string\",\"configurable\":false,\"required\":true},\"provider_metadata\":{\"type\":\"json\",\"configurable\":false},\"related\":{\"type\":\"relation\",\"relation\":\"morphToMany\",\"configurable\":false},\"folder\":{\"type\":\"relation\",\"relation\":\"manyToOne\",\"target\":\"plugin::upload.folder\",\"inversedBy\":\"files\",\"private\":true},\"folderPath\":{\"type\":\"string\",\"minLength\":1,\"required\":true,\"private\":true,\"searchable\":false}},\"kind\":\"collectionType\"},\"modelName\":\"file\"},\"plugin::upload.folder\":{\"collectionName\":\"upload_folders\",\"info\":{\"singularName\":\"folder\",\"pluralName\":\"folders\",\"displayName\":\"Folder\"},\"options\":{\"draftAndPublish\":false},\"pluginOptions\":{\"content-manager\":{\"visible\":false},\"content-type-builder\":{\"visible\":false}},\"attributes\":{\"name\":{\"type\":\"string\",\"minLength\":1,\"required\":true},\"pathId\":{\"type\":\"integer\",\"unique\":true,\"required\":true},\"parent\":{\"type\":\"relation\",\"relation\":\"manyToOne\",\"target\":\"plugin::upload.folder\",\"inversedBy\":\"children\"},\"children\":{\"type\":\"relation\",\"relation\":\"oneToMany\",\"target\":\"plugin::upload.folder\",\"mappedBy\":\"parent\"},\"files\":{\"type\":\"relation\",\"relation\":\"oneToMany\",\"target\":\"plugin::upload.file\",\"mappedBy\":\"folder\"},\"path\":{\"type\":\"string\",\"minLength\":1,\"required\":true},\"createdAt\":{\"type\":\"datetime\"},\"updatedAt\":{\"type\":\"datetime\"},\"publishedAt\":{\"type\":\"datetime\",\"configurable\":false,\"writable\":true,\"visible\":false},\"createdBy\":{\"type\":\"relation\",\"relation\":\"oneToOne\",\"target\":\"admin::user\",\"configurable\":false,\"writable\":false,\"visible\":false,\"useJoinTable\":false,\"private\":true},\"updatedBy\":{\"type\":\"relation\",\"relation\":\"oneToOne\",\"target\":\"admin::user\",\"configurable\":false,\"writable\":false,\"visible\":false,\"useJoinTable\":false,\"private\":true},\"locale\":{\"writable\":true,\"private\":false,\"configurable\":false,\"visible\":false,\"type\":\"string\"},\"localizations\":{\"type\":\"relation\",\"relation\":\"oneToMany\",\"target\":\"plugin::upload.folder\",\"writable\":false,\"private\":false,\"configurable\":false,\"visible\":false,\"unstable_virtual\":true,\"joinColumn\":{\"name\":\"document_id\",\"referencedColumn\":\"document_id\",\"referencedTable\":\"upload_folders\"}}},\"indexes\":[{\"name\":\"upload_folders_path_id_index\",\"columns\":[\"path_id\"],\"type\":\"unique\"},{\"name\":\"upload_folders_path_index\",\"columns\":[\"path\"],\"type\":\"unique\"}],\"plugin\":\"upload\",\"globalId\":\"UploadFolder\",\"uid\":\"plugin::upload.folder\",\"modelType\":\"contentType\",\"kind\":\"collectionType\",\"__schema__\":{\"collectionName\":\"upload_folders\",\"info\":{\"singularName\":\"folder\",\"pluralName\":\"folders\",\"displayName\":\"Folder\"},\"options\":{},\"pluginOptions\":{\"content-manager\":{\"visible\":false},\"content-type-builder\":{\"visible\":false}},\"attributes\":{\"name\":{\"type\":\"string\",\"minLength\":1,\"required\":true},\"pathId\":{\"type\":\"integer\",\"unique\":true,\"required\":true},\"parent\":{\"type\":\"relation\",\"relation\":\"manyToOne\",\"target\":\"plugin::upload.folder\",\"inversedBy\":\"children\"},\"children\":{\"type\":\"relation\",\"relation\":\"oneToMany\",\"target\":\"plugin::upload.folder\",\"mappedBy\":\"parent\"},\"files\":{\"type\":\"relation\",\"relation\":\"oneToMany\",\"target\":\"plugin::upload.file\",\"mappedBy\":\"folder\"},\"path\":{\"type\":\"string\",\"minLength\":1,\"required\":true}},\"kind\":\"collectionType\"},\"modelName\":\"folder\"},\"plugin::i18n.locale\":{\"info\":{\"singularName\":\"locale\",\"pluralName\":\"locales\",\"collectionName\":\"locales\",\"displayName\":\"Locale\",\"description\":\"\"},\"options\":{\"draftAndPublish\":false},\"pluginOptions\":{\"content-manager\":{\"visible\":false},\"content-type-builder\":{\"visible\":false}},\"attributes\":{\"name\":{\"type\":\"string\",\"min\":1,\"max\":50,\"configurable\":false},\"code\":{\"type\":\"string\",\"unique\":true,\"configurable\":false},\"createdAt\":{\"type\":\"datetime\"},\"updatedAt\":{\"type\":\"datetime\"},\"publishedAt\":{\"type\":\"datetime\",\"configurable\":false,\"writable\":true,\"visible\":false},\"createdBy\":{\"type\":\"relation\",\"relation\":\"oneToOne\",\"target\":\"admin::user\",\"configurable\":false,\"writable\":false,\"visible\":false,\"useJoinTable\":false,\"private\":true},\"updatedBy\":{\"type\":\"relation\",\"relation\":\"oneToOne\",\"target\":\"admin::user\",\"configurable\":false,\"writable\":false,\"visible\":false,\"useJoinTable\":false,\"private\":true},\"locale\":{\"writable\":true,\"private\":false,\"configurable\":false,\"visible\":false,\"type\":\"string\"},\"localizations\":{\"type\":\"relation\",\"relation\":\"oneToMany\",\"target\":\"plugin::i18n.locale\",\"writable\":false,\"private\":false,\"configurable\":false,\"visible\":false,\"unstable_virtual\":true,\"joinColumn\":{\"name\":\"document_id\",\"referencedColumn\":\"document_id\",\"referencedTable\":\"i18n_locale\"}}},\"plugin\":\"i18n\",\"collectionName\":\"i18n_locale\",\"globalId\":\"I18NLocale\",\"uid\":\"plugin::i18n.locale\",\"modelType\":\"contentType\",\"kind\":\"collectionType\",\"__schema__\":{\"collectionName\":\"i18n_locale\",\"info\":{\"singularName\":\"locale\",\"pluralName\":\"locales\",\"collectionName\":\"locales\",\"displayName\":\"Locale\",\"description\":\"\"},\"options\":{},\"pluginOptions\":{\"content-manager\":{\"visible\":false},\"content-type-builder\":{\"visible\":false}},\"attributes\":{\"name\":{\"type\":\"string\",\"min\":1,\"max\":50,\"configurable\":false},\"code\":{\"type\":\"string\",\"unique\":true,\"configurable\":false}},\"kind\":\"collectionType\"},\"modelName\":\"locale\"},\"plugin::content-releases.release\":{\"collectionName\":\"strapi_releases\",\"info\":{\"singularName\":\"release\",\"pluralName\":\"releases\",\"displayName\":\"Release\"},\"options\":{\"draftAndPublish\":false},\"pluginOptions\":{\"content-manager\":{\"visible\":false},\"content-type-builder\":{\"visible\":false}},\"attributes\":{\"name\":{\"type\":\"string\",\"required\":true},\"releasedAt\":{\"type\":\"datetime\"},\"scheduledAt\":{\"type\":\"datetime\"},\"timezone\":{\"type\":\"string\"},\"status\":{\"type\":\"enumeration\",\"enum\":[\"ready\",\"blocked\",\"failed\",\"done\",\"empty\"],\"required\":true},\"actions\":{\"type\":\"relation\",\"relation\":\"oneToMany\",\"target\":\"plugin::content-releases.release-action\",\"mappedBy\":\"release\"},\"createdAt\":{\"type\":\"datetime\"},\"updatedAt\":{\"type\":\"datetime\"},\"publishedAt\":{\"type\":\"datetime\",\"configurable\":false,\"writable\":true,\"visible\":false},\"createdBy\":{\"type\":\"relation\",\"relation\":\"oneToOne\",\"target\":\"admin::user\",\"configurable\":false,\"writable\":false,\"visible\":false,\"useJoinTable\":false,\"private\":true},\"updatedBy\":{\"type\":\"relation\",\"relation\":\"oneToOne\",\"target\":\"admin::user\",\"configurable\":false,\"writable\":false,\"visible\":false,\"useJoinTable\":false,\"private\":true},\"locale\":{\"writable\":true,\"private\":false,\"configurable\":false,\"visible\":false,\"type\":\"string\"},\"localizations\":{\"type\":\"relation\",\"relation\":\"oneToMany\",\"target\":\"plugin::content-releases.release\",\"writable\":false,\"private\":false,\"configurable\":false,\"visible\":false,\"unstable_virtual\":true,\"joinColumn\":{\"name\":\"document_id\",\"referencedColumn\":\"document_id\",\"referencedTable\":\"strapi_releases\"}}},\"plugin\":\"content-releases\",\"globalId\":\"ContentReleasesRelease\",\"uid\":\"plugin::content-releases.release\",\"modelType\":\"contentType\",\"kind\":\"collectionType\",\"__schema__\":{\"collectionName\":\"strapi_releases\",\"info\":{\"singularName\":\"release\",\"pluralName\":\"releases\",\"displayName\":\"Release\"},\"options\":{\"draftAndPublish\":false},\"pluginOptions\":{\"content-manager\":{\"visible\":false},\"content-type-builder\":{\"visible\":false}},\"attributes\":{\"name\":{\"type\":\"string\",\"required\":true},\"releasedAt\":{\"type\":\"datetime\"},\"scheduledAt\":{\"type\":\"datetime\"},\"timezone\":{\"type\":\"string\"},\"status\":{\"type\":\"enumeration\",\"enum\":[\"ready\",\"blocked\",\"failed\",\"done\",\"empty\"],\"required\":true},\"actions\":{\"type\":\"relation\",\"relation\":\"oneToMany\",\"target\":\"plugin::content-releases.release-action\",\"mappedBy\":\"release\"}},\"kind\":\"collectionType\"},\"modelName\":\"release\"},\"plugin::content-releases.release-action\":{\"collectionName\":\"strapi_release_actions\",\"info\":{\"singularName\":\"release-action\",\"pluralName\":\"release-actions\",\"displayName\":\"Release Action\"},\"options\":{\"draftAndPublish\":false},\"pluginOptions\":{\"content-manager\":{\"visible\":false},\"content-type-builder\":{\"visible\":false}},\"attributes\":{\"type\":{\"type\":\"enumeration\",\"enum\":[\"publish\",\"unpublish\"],\"required\":true},\"contentType\":{\"type\":\"string\",\"required\":true},\"entryDocumentId\":{\"type\":\"string\"},\"locale\":{\"writable\":true,\"private\":false,\"configurable\":false,\"visible\":false,\"type\":\"string\"},\"release\":{\"type\":\"relation\",\"relation\":\"manyToOne\",\"target\":\"plugin::content-releases.release\",\"inversedBy\":\"actions\"},\"isEntryValid\":{\"type\":\"boolean\"},\"createdAt\":{\"type\":\"datetime\"},\"updatedAt\":{\"type\":\"datetime\"},\"publishedAt\":{\"type\":\"datetime\",\"configurable\":false,\"writable\":true,\"visible\":false},\"createdBy\":{\"type\":\"relation\",\"relation\":\"oneToOne\",\"target\":\"admin::user\",\"configurable\":false,\"writable\":false,\"visible\":false,\"useJoinTable\":false,\"private\":true},\"updatedBy\":{\"type\":\"relation\",\"relation\":\"oneToOne\",\"target\":\"admin::user\",\"configurable\":false,\"writable\":false,\"visible\":false,\"useJoinTable\":false,\"private\":true},\"localizations\":{\"type\":\"relation\",\"relation\":\"oneToMany\",\"target\":\"plugin::content-releases.release-action\",\"writable\":false,\"private\":false,\"configurable\":false,\"visible\":false,\"unstable_virtual\":true,\"joinColumn\":{\"name\":\"document_id\",\"referencedColumn\":\"document_id\",\"referencedTable\":\"strapi_release_actions\"}}},\"plugin\":\"content-releases\",\"globalId\":\"ContentReleasesReleaseAction\",\"uid\":\"plugin::content-releases.release-action\",\"modelType\":\"contentType\",\"kind\":\"collectionType\",\"__schema__\":{\"collectionName\":\"strapi_release_actions\",\"info\":{\"singularName\":\"release-action\",\"pluralName\":\"release-actions\",\"displayName\":\"Release Action\"},\"options\":{\"draftAndPublish\":false},\"pluginOptions\":{\"content-manager\":{\"visible\":false},\"content-type-builder\":{\"visible\":false}},\"attributes\":{\"type\":{\"type\":\"enumeration\",\"enum\":[\"publish\",\"unpublish\"],\"required\":true},\"contentType\":{\"type\":\"string\",\"required\":true},\"entryDocumentId\":{\"type\":\"string\"},\"locale\":{\"type\":\"string\"},\"release\":{\"type\":\"relation\",\"relation\":\"manyToOne\",\"target\":\"plugin::content-releases.release\",\"inversedBy\":\"actions\"},\"isEntryValid\":{\"type\":\"boolean\"}},\"kind\":\"collectionType\"},\"modelName\":\"release-action\"},\"plugin::review-workflows.workflow\":{\"collectionName\":\"strapi_workflows\",\"info\":{\"name\":\"Workflow\",\"description\":\"\",\"singularName\":\"workflow\",\"pluralName\":\"workflows\",\"displayName\":\"Workflow\"},\"options\":{\"draftAndPublish\":false},\"pluginOptions\":{\"content-manager\":{\"visible\":false},\"content-type-builder\":{\"visible\":false}},\"attributes\":{\"name\":{\"type\":\"string\",\"required\":true,\"unique\":true},\"stages\":{\"type\":\"relation\",\"target\":\"plugin::review-workflows.workflow-stage\",\"relation\":\"oneToMany\",\"mappedBy\":\"workflow\"},\"contentTypes\":{\"type\":\"json\",\"required\":true,\"default\":\"[]\"},\"createdAt\":{\"type\":\"datetime\"},\"updatedAt\":{\"type\":\"datetime\"},\"publishedAt\":{\"type\":\"datetime\",\"configurable\":false,\"writable\":true,\"visible\":false},\"createdBy\":{\"type\":\"relation\",\"relation\":\"oneToOne\",\"target\":\"admin::user\",\"configurable\":false,\"writable\":false,\"visible\":false,\"useJoinTable\":false,\"private\":true},\"updatedBy\":{\"type\":\"relation\",\"relation\":\"oneToOne\",\"target\":\"admin::user\",\"configurable\":false,\"writable\":false,\"visible\":false,\"useJoinTable\":false,\"private\":true},\"locale\":{\"writable\":true,\"private\":false,\"configurable\":false,\"visible\":false,\"type\":\"string\"},\"localizations\":{\"type\":\"relation\",\"relation\":\"oneToMany\",\"target\":\"plugin::review-workflows.workflow\",\"writable\":false,\"private\":false,\"configurable\":false,\"visible\":false,\"unstable_virtual\":true,\"joinColumn\":{\"name\":\"document_id\",\"referencedColumn\":\"document_id\",\"referencedTable\":\"strapi_workflows\"}}},\"plugin\":\"review-workflows\",\"globalId\":\"ReviewWorkflowsWorkflow\",\"uid\":\"plugin::review-workflows.workflow\",\"modelType\":\"contentType\",\"kind\":\"collectionType\",\"__schema__\":{\"collectionName\":\"strapi_workflows\",\"info\":{\"name\":\"Workflow\",\"description\":\"\",\"singularName\":\"workflow\",\"pluralName\":\"workflows\",\"displayName\":\"Workflow\"},\"options\":{},\"pluginOptions\":{\"content-manager\":{\"visible\":false},\"content-type-builder\":{\"visible\":false}},\"attributes\":{\"name\":{\"type\":\"string\",\"required\":true,\"unique\":true},\"stages\":{\"type\":\"relation\",\"target\":\"plugin::review-workflows.workflow-stage\",\"relation\":\"oneToMany\",\"mappedBy\":\"workflow\"},\"contentTypes\":{\"type\":\"json\",\"required\":true,\"default\":\"[]\"}},\"kind\":\"collectionType\"},\"modelName\":\"workflow\"},\"plugin::review-workflows.workflow-stage\":{\"collectionName\":\"strapi_workflows_stages\",\"info\":{\"name\":\"Workflow Stage\",\"description\":\"\",\"singularName\":\"workflow-stage\",\"pluralName\":\"workflow-stages\",\"displayName\":\"Stages\"},\"options\":{\"version\":\"1.1.0\",\"draftAndPublish\":false},\"pluginOptions\":{\"content-manager\":{\"visible\":false},\"content-type-builder\":{\"visible\":false}},\"attributes\":{\"name\":{\"type\":\"string\",\"configurable\":false},\"color\":{\"type\":\"string\",\"configurable\":false,\"default\":\"#4945FF\"},\"workflow\":{\"type\":\"relation\",\"target\":\"plugin::review-workflows.workflow\",\"relation\":\"manyToOne\",\"inversedBy\":\"stages\",\"configurable\":false},\"permissions\":{\"type\":\"relation\",\"target\":\"admin::permission\",\"relation\":\"manyToMany\",\"configurable\":false},\"createdAt\":{\"type\":\"datetime\"},\"updatedAt\":{\"type\":\"datetime\"},\"publishedAt\":{\"type\":\"datetime\",\"configurable\":false,\"writable\":true,\"visible\":false},\"createdBy\":{\"type\":\"relation\",\"relation\":\"oneToOne\",\"target\":\"admin::user\",\"configurable\":false,\"writable\":false,\"visible\":false,\"useJoinTable\":false,\"private\":true},\"updatedBy\":{\"type\":\"relation\",\"relation\":\"oneToOne\",\"target\":\"admin::user\",\"configurable\":false,\"writable\":false,\"visible\":false,\"useJoinTable\":false,\"private\":true},\"locale\":{\"writable\":true,\"private\":false,\"configurable\":false,\"visible\":false,\"type\":\"string\"},\"localizations\":{\"type\":\"relation\",\"relation\":\"oneToMany\",\"target\":\"plugin::review-workflows.workflow-stage\",\"writable\":false,\"private\":false,\"configurable\":false,\"visible\":false,\"unstable_virtual\":true,\"joinColumn\":{\"name\":\"document_id\",\"referencedColumn\":\"document_id\",\"referencedTable\":\"strapi_workflows_stages\"}}},\"plugin\":\"review-workflows\",\"globalId\":\"ReviewWorkflowsWorkflowStage\",\"uid\":\"plugin::review-workflows.workflow-stage\",\"modelType\":\"contentType\",\"kind\":\"collectionType\",\"__schema__\":{\"collectionName\":\"strapi_workflows_stages\",\"info\":{\"name\":\"Workflow Stage\",\"description\":\"\",\"singularName\":\"workflow-stage\",\"pluralName\":\"workflow-stages\",\"displayName\":\"Stages\"},\"options\":{\"version\":\"1.1.0\"},\"pluginOptions\":{\"content-manager\":{\"visible\":false},\"content-type-builder\":{\"visible\":false}},\"attributes\":{\"name\":{\"type\":\"string\",\"configurable\":false},\"color\":{\"type\":\"string\",\"configurable\":false,\"default\":\"#4945FF\"},\"workflow\":{\"type\":\"relation\",\"target\":\"plugin::review-workflows.workflow\",\"relation\":\"manyToOne\",\"inversedBy\":\"stages\",\"configurable\":false},\"permissions\":{\"type\":\"relation\",\"target\":\"admin::permission\",\"relation\":\"manyToMany\",\"configurable\":false}},\"kind\":\"collectionType\"},\"modelName\":\"workflow-stage\"},\"plugin::users-permissions.permission\":{\"collectionName\":\"up_permissions\",\"info\":{\"name\":\"permission\",\"description\":\"\",\"singularName\":\"permission\",\"pluralName\":\"permissions\",\"displayName\":\"Permission\"},\"pluginOptions\":{\"content-manager\":{\"visible\":false},\"content-type-builder\":{\"visible\":false}},\"attributes\":{\"action\":{\"type\":\"string\",\"required\":true,\"configurable\":false},\"role\":{\"type\":\"relation\",\"relation\":\"manyToOne\",\"target\":\"plugin::users-permissions.role\",\"inversedBy\":\"permissions\",\"configurable\":false},\"createdAt\":{\"type\":\"datetime\"},\"updatedAt\":{\"type\":\"datetime\"},\"publishedAt\":{\"type\":\"datetime\",\"configurable\":false,\"writable\":true,\"visible\":false},\"createdBy\":{\"type\":\"relation\",\"relation\":\"oneToOne\",\"target\":\"admin::user\",\"configurable\":false,\"writable\":false,\"visible\":false,\"useJoinTable\":false,\"private\":true},\"updatedBy\":{\"type\":\"relation\",\"relation\":\"oneToOne\",\"target\":\"admin::user\",\"configurable\":false,\"writable\":false,\"visible\":false,\"useJoinTable\":false,\"private\":true},\"locale\":{\"writable\":true,\"private\":false,\"configurable\":false,\"visible\":false,\"type\":\"string\"},\"localizations\":{\"type\":\"relation\",\"relation\":\"oneToMany\",\"target\":\"plugin::users-permissions.permission\",\"writable\":false,\"private\":false,\"configurable\":false,\"visible\":false,\"unstable_virtual\":true,\"joinColumn\":{\"name\":\"document_id\",\"referencedColumn\":\"document_id\",\"referencedTable\":\"up_permissions\"}}},\"plugin\":\"users-permissions\",\"globalId\":\"UsersPermissionsPermission\",\"uid\":\"plugin::users-permissions.permission\",\"modelType\":\"contentType\",\"kind\":\"collectionType\",\"__schema__\":{\"collectionName\":\"up_permissions\",\"info\":{\"name\":\"permission\",\"description\":\"\",\"singularName\":\"permission\",\"pluralName\":\"permissions\",\"displayName\":\"Permission\"},\"pluginOptions\":{\"content-manager\":{\"visible\":false},\"content-type-builder\":{\"visible\":false}},\"attributes\":{\"action\":{\"type\":\"string\",\"required\":true,\"configurable\":false},\"role\":{\"type\":\"relation\",\"relation\":\"manyToOne\",\"target\":\"plugin::users-permissions.role\",\"inversedBy\":\"permissions\",\"configurable\":false}},\"kind\":\"collectionType\"},\"modelName\":\"permission\",\"options\":{\"draftAndPublish\":false}},\"plugin::users-permissions.role\":{\"collectionName\":\"up_roles\",\"info\":{\"name\":\"role\",\"description\":\"\",\"singularName\":\"role\",\"pluralName\":\"roles\",\"displayName\":\"Role\"},\"pluginOptions\":{\"content-manager\":{\"visible\":false},\"content-type-builder\":{\"visible\":false}},\"attributes\":{\"name\":{\"type\":\"string\",\"minLength\":3,\"required\":true,\"configurable\":false},\"description\":{\"type\":\"string\",\"configurable\":false},\"type\":{\"type\":\"string\",\"unique\":true,\"configurable\":false},\"permissions\":{\"type\":\"relation\",\"relation\":\"oneToMany\",\"target\":\"plugin::users-permissions.permission\",\"mappedBy\":\"role\",\"configurable\":false},\"users\":{\"type\":\"relation\",\"relation\":\"oneToMany\",\"target\":\"plugin::users-permissions.user\",\"mappedBy\":\"role\",\"configurable\":false},\"createdAt\":{\"type\":\"datetime\"},\"updatedAt\":{\"type\":\"datetime\"},\"publishedAt\":{\"type\":\"datetime\",\"configurable\":false,\"writable\":true,\"visible\":false},\"createdBy\":{\"type\":\"relation\",\"relation\":\"oneToOne\",\"target\":\"admin::user\",\"configurable\":false,\"writable\":false,\"visible\":false,\"useJoinTable\":false,\"private\":true},\"updatedBy\":{\"type\":\"relation\",\"relation\":\"oneToOne\",\"target\":\"admin::user\",\"configurable\":false,\"writable\":false,\"visible\":false,\"useJoinTable\":false,\"private\":true},\"locale\":{\"writable\":true,\"private\":false,\"configurable\":false,\"visible\":false,\"type\":\"string\"},\"localizations\":{\"type\":\"relation\",\"relation\":\"oneToMany\",\"target\":\"plugin::users-permissions.role\",\"writable\":false,\"private\":false,\"configurable\":false,\"visible\":false,\"unstable_virtual\":true,\"joinColumn\":{\"name\":\"document_id\",\"referencedColumn\":\"document_id\",\"referencedTable\":\"up_roles\"}}},\"plugin\":\"users-permissions\",\"globalId\":\"UsersPermissionsRole\",\"uid\":\"plugin::users-permissions.role\",\"modelType\":\"contentType\",\"kind\":\"collectionType\",\"__schema__\":{\"collectionName\":\"up_roles\",\"info\":{\"name\":\"role\",\"description\":\"\",\"singularName\":\"role\",\"pluralName\":\"roles\",\"displayName\":\"Role\"},\"pluginOptions\":{\"content-manager\":{\"visible\":false},\"content-type-builder\":{\"visible\":false}},\"attributes\":{\"name\":{\"type\":\"string\",\"minLength\":3,\"required\":true,\"configurable\":false},\"description\":{\"type\":\"string\",\"configurable\":false},\"type\":{\"type\":\"string\",\"unique\":true,\"configurable\":false},\"permissions\":{\"type\":\"relation\",\"relation\":\"oneToMany\",\"target\":\"plugin::users-permissions.permission\",\"mappedBy\":\"role\",\"configurable\":false},\"users\":{\"type\":\"relation\",\"relation\":\"oneToMany\",\"target\":\"plugin::users-permissions.user\",\"mappedBy\":\"role\",\"configurable\":false}},\"kind\":\"collectionType\"},\"modelName\":\"role\",\"options\":{\"draftAndPublish\":false}},\"plugin::users-permissions.user\":{\"collectionName\":\"up_users\",\"info\":{\"name\":\"user\",\"description\":\"\",\"singularName\":\"user\",\"pluralName\":\"users\",\"displayName\":\"User\"},\"options\":{\"draftAndPublish\":false},\"attributes\":{\"username\":{\"type\":\"string\",\"minLength\":3,\"unique\":true,\"configurable\":false,\"required\":true},\"email\":{\"type\":\"email\",\"minLength\":6,\"configurable\":false,\"required\":true},\"provider\":{\"type\":\"string\",\"configurable\":false},\"password\":{\"type\":\"password\",\"minLength\":6,\"configurable\":false,\"private\":true,\"searchable\":false},\"resetPasswordToken\":{\"type\":\"string\",\"configurable\":false,\"private\":true,\"searchable\":false},\"confirmationToken\":{\"type\":\"string\",\"configurable\":false,\"private\":true,\"searchable\":false},\"confirmed\":{\"type\":\"boolean\",\"default\":false,\"configurable\":false},\"blocked\":{\"type\":\"boolean\",\"default\":false,\"configurable\":false},\"role\":{\"type\":\"relation\",\"relation\":\"manyToOne\",\"target\":\"plugin::users-permissions.role\",\"inversedBy\":\"users\",\"configurable\":false},\"cel\":{\"type\":\"string\",\"required\":true},\"interval\":{\"type\":\"string\"},\"sell_products\":{\"type\":\"relation\",\"relation\":\"oneToMany\",\"target\":\"api::sell-product.sell-product\",\"mappedBy\":\"users_permissions_user\"},\"createdAt\":{\"type\":\"datetime\"},\"updatedAt\":{\"type\":\"datetime\"},\"publishedAt\":{\"type\":\"datetime\",\"configurable\":false,\"writable\":true,\"visible\":false},\"createdBy\":{\"type\":\"relation\",\"relation\":\"oneToOne\",\"target\":\"admin::user\",\"configurable\":false,\"writable\":false,\"visible\":false,\"useJoinTable\":false,\"private\":true},\"updatedBy\":{\"type\":\"relation\",\"relation\":\"oneToOne\",\"target\":\"admin::user\",\"configurable\":false,\"writable\":false,\"visible\":false,\"useJoinTable\":false,\"private\":true},\"locale\":{\"writable\":true,\"private\":false,\"configurable\":false,\"visible\":false,\"type\":\"string\"},\"localizations\":{\"type\":\"relation\",\"relation\":\"oneToMany\",\"target\":\"plugin::users-permissions.user\",\"writable\":false,\"private\":false,\"configurable\":false,\"visible\":false,\"unstable_virtual\":true,\"joinColumn\":{\"name\":\"document_id\",\"referencedColumn\":\"document_id\",\"referencedTable\":\"up_users\"}}},\"config\":{\"attributes\":{\"resetPasswordToken\":{\"hidden\":true},\"confirmationToken\":{\"hidden\":true},\"provider\":{\"hidden\":true}}},\"plugin\":\"users-permissions\",\"globalId\":\"UsersPermissionsUser\",\"kind\":\"collectionType\",\"__filename__\":\"schema.json\",\"uid\":\"plugin::users-permissions.user\",\"modelType\":\"contentType\",\"__schema__\":{\"collectionName\":\"up_users\",\"info\":{\"name\":\"user\",\"description\":\"\",\"singularName\":\"user\",\"pluralName\":\"users\",\"displayName\":\"User\"},\"options\":{\"draftAndPublish\":false},\"attributes\":{\"username\":{\"type\":\"string\",\"minLength\":3,\"unique\":true,\"configurable\":false,\"required\":true},\"email\":{\"type\":\"email\",\"minLength\":6,\"configurable\":false,\"required\":true},\"provider\":{\"type\":\"string\",\"configurable\":false},\"password\":{\"type\":\"password\",\"minLength\":6,\"configurable\":false,\"private\":true,\"searchable\":false},\"resetPasswordToken\":{\"type\":\"string\",\"configurable\":false,\"private\":true,\"searchable\":false},\"confirmationToken\":{\"type\":\"string\",\"configurable\":false,\"private\":true,\"searchable\":false},\"confirmed\":{\"type\":\"boolean\",\"default\":false,\"configurable\":false},\"blocked\":{\"type\":\"boolean\",\"default\":false,\"configurable\":false},\"role\":{\"type\":\"relation\",\"relation\":\"manyToOne\",\"target\":\"plugin::users-permissions.role\",\"inversedBy\":\"users\",\"configurable\":false},\"cel\":{\"type\":\"string\",\"required\":true},\"interval\":{\"type\":\"string\"},\"sell_products\":{\"type\":\"relation\",\"relation\":\"oneToMany\",\"target\":\"api::sell-product.sell-product\",\"mappedBy\":\"users_permissions_user\"}},\"kind\":\"collectionType\"},\"modelName\":\"user\"},\"api::category.category\":{\"kind\":\"collectionType\",\"collectionName\":\"categories\",\"info\":{\"singularName\":\"category\",\"pluralName\":\"categories\",\"displayName\":\"category\",\"description\":\"\"},\"options\":{\"draftAndPublish\":true},\"pluginOptions\":{},\"attributes\":{\"name\":{\"type\":\"string\"},\"banner\":{\"type\":\"media\",\"multiple\":false,\"required\":false,\"allowedTypes\":[\"images\",\"files\",\"videos\",\"audios\"]},\"description\":{\"type\":\"text\"},\"product\":{\"type\":\"relation\",\"relation\":\"manyToOne\",\"target\":\"api::product.product\",\"inversedBy\":\"categories\"},\"slug\":{\"type\":\"uid\",\"targetField\":\"name\"},\"category\":{\"type\":\"relation\",\"relation\":\"oneToOne\",\"target\":\"api::category.category\"},\"createdAt\":{\"type\":\"datetime\"},\"updatedAt\":{\"type\":\"datetime\"},\"publishedAt\":{\"type\":\"datetime\",\"configurable\":false,\"writable\":true,\"visible\":false},\"createdBy\":{\"type\":\"relation\",\"relation\":\"oneToOne\",\"target\":\"admin::user\",\"configurable\":false,\"writable\":false,\"visible\":false,\"useJoinTable\":false,\"private\":true},\"updatedBy\":{\"type\":\"relation\",\"relation\":\"oneToOne\",\"target\":\"admin::user\",\"configurable\":false,\"writable\":false,\"visible\":false,\"useJoinTable\":false,\"private\":true},\"locale\":{\"writable\":true,\"private\":false,\"configurable\":false,\"visible\":false,\"type\":\"string\"},\"localizations\":{\"type\":\"relation\",\"relation\":\"oneToMany\",\"target\":\"api::category.category\",\"writable\":false,\"private\":false,\"configurable\":false,\"visible\":false,\"unstable_virtual\":true,\"joinColumn\":{\"name\":\"document_id\",\"referencedColumn\":\"document_id\",\"referencedTable\":\"categories\"}}},\"apiName\":\"category\",\"globalId\":\"Category\",\"uid\":\"api::category.category\",\"modelType\":\"contentType\",\"__schema__\":{\"collectionName\":\"categories\",\"info\":{\"singularName\":\"category\",\"pluralName\":\"categories\",\"displayName\":\"category\",\"description\":\"\"},\"options\":{\"draftAndPublish\":true},\"pluginOptions\":{},\"attributes\":{\"name\":{\"type\":\"string\"},\"banner\":{\"type\":\"media\",\"multiple\":false,\"required\":false,\"allowedTypes\":[\"images\",\"files\",\"videos\",\"audios\"]},\"description\":{\"type\":\"text\"},\"product\":{\"type\":\"relation\",\"relation\":\"manyToOne\",\"target\":\"api::product.product\",\"inversedBy\":\"categories\"},\"slug\":{\"type\":\"uid\",\"targetField\":\"name\"},\"category\":{\"type\":\"relation\",\"relation\":\"oneToOne\",\"target\":\"api::category.category\"}},\"kind\":\"collectionType\"},\"modelName\":\"category\",\"actions\":{},\"lifecycles\":{}},\"api::list-ip.list-ip\":{\"kind\":\"collectionType\",\"collectionName\":\"list_ips\",\"info\":{\"singularName\":\"list-ip\",\"pluralName\":\"list-ips\",\"displayName\":\"List ip\"},\"options\":{\"draftAndPublish\":true},\"pluginOptions\":{},\"attributes\":{\"ip\":{\"type\":\"string\"},\"blocked\":{\"type\":\"string\"},\"attemps\":{\"type\":\"string\"},\"createdAt\":{\"type\":\"datetime\"},\"updatedAt\":{\"type\":\"datetime\"},\"publishedAt\":{\"type\":\"datetime\",\"configurable\":false,\"writable\":true,\"visible\":false},\"createdBy\":{\"type\":\"relation\",\"relation\":\"oneToOne\",\"target\":\"admin::user\",\"configurable\":false,\"writable\":false,\"visible\":false,\"useJoinTable\":false,\"private\":true},\"updatedBy\":{\"type\":\"relation\",\"relation\":\"oneToOne\",\"target\":\"admin::user\",\"configurable\":false,\"writable\":false,\"visible\":false,\"useJoinTable\":false,\"private\":true},\"locale\":{\"writable\":true,\"private\":false,\"configurable\":false,\"visible\":false,\"type\":\"string\"},\"localizations\":{\"type\":\"relation\",\"relation\":\"oneToMany\",\"target\":\"api::list-ip.list-ip\",\"writable\":false,\"private\":false,\"configurable\":false,\"visible\":false,\"unstable_virtual\":true,\"joinColumn\":{\"name\":\"document_id\",\"referencedColumn\":\"document_id\",\"referencedTable\":\"list_ips\"}}},\"apiName\":\"list-ip\",\"globalId\":\"ListIp\",\"uid\":\"api::list-ip.list-ip\",\"modelType\":\"contentType\",\"__schema__\":{\"collectionName\":\"list_ips\",\"info\":{\"singularName\":\"list-ip\",\"pluralName\":\"list-ips\",\"displayName\":\"List ip\"},\"options\":{\"draftAndPublish\":true},\"pluginOptions\":{},\"attributes\":{\"ip\":{\"type\":\"string\"},\"blocked\":{\"type\":\"string\"},\"attemps\":{\"type\":\"string\"}},\"kind\":\"collectionType\"},\"modelName\":\"list-ip\",\"actions\":{},\"lifecycles\":{}},\"api::product.product\":{\"kind\":\"collectionType\",\"collectionName\":\"products\",\"info\":{\"singularName\":\"product\",\"pluralName\":\"products\",\"displayName\":\"Product\",\"description\":\"\"},\"options\":{\"draftAndPublish\":true},\"pluginOptions\":{},\"attributes\":{\"name\":{\"type\":\"string\"},\"slug\":{\"type\":\"uid\",\"targetField\":\"name\"},\"media\":{\"type\":\"media\",\"multiple\":true,\"required\":false,\"allowedTypes\":[\"images\",\"files\",\"videos\",\"audios\"]},\"price\":{\"type\":\"decimal\"},\"quantity\":{\"type\":\"integer\"},\"discount\":{\"type\":\"integer\"},\"categories\":{\"type\":\"relation\",\"relation\":\"oneToMany\",\"target\":\"api::category.category\",\"mappedBy\":\"product\"},\"like\":{\"type\":\"integer\"},\"description\":{\"type\":\"text\"},\"createdAt\":{\"type\":\"datetime\"},\"updatedAt\":{\"type\":\"datetime\"},\"publishedAt\":{\"type\":\"datetime\",\"configurable\":false,\"writable\":true,\"visible\":false},\"createdBy\":{\"type\":\"relation\",\"relation\":\"oneToOne\",\"target\":\"admin::user\",\"configurable\":false,\"writable\":false,\"visible\":false,\"useJoinTable\":false,\"private\":true},\"updatedBy\":{\"type\":\"relation\",\"relation\":\"oneToOne\",\"target\":\"admin::user\",\"configurable\":false,\"writable\":false,\"visible\":false,\"useJoinTable\":false,\"private\":true},\"locale\":{\"writable\":true,\"private\":false,\"configurable\":false,\"visible\":false,\"type\":\"string\"},\"localizations\":{\"type\":\"relation\",\"relation\":\"oneToMany\",\"target\":\"api::product.product\",\"writable\":false,\"private\":false,\"configurable\":false,\"visible\":false,\"unstable_virtual\":true,\"joinColumn\":{\"name\":\"document_id\",\"referencedColumn\":\"document_id\",\"referencedTable\":\"products\"}}},\"apiName\":\"product\",\"globalId\":\"Product\",\"uid\":\"api::product.product\",\"modelType\":\"contentType\",\"__schema__\":{\"collectionName\":\"products\",\"info\":{\"singularName\":\"product\",\"pluralName\":\"products\",\"displayName\":\"Product\",\"description\":\"\"},\"options\":{\"draftAndPublish\":true},\"pluginOptions\":{},\"attributes\":{\"name\":{\"type\":\"string\"},\"slug\":{\"type\":\"uid\",\"targetField\":\"name\"},\"media\":{\"type\":\"media\",\"multiple\":true,\"required\":false,\"allowedTypes\":[\"images\",\"files\",\"videos\",\"audios\"]},\"price\":{\"type\":\"decimal\"},\"quantity\":{\"type\":\"integer\"},\"discount\":{\"type\":\"integer\"},\"categories\":{\"type\":\"relation\",\"relation\":\"oneToMany\",\"target\":\"api::category.category\",\"mappedBy\":\"product\"},\"like\":{\"type\":\"integer\"},\"description\":{\"type\":\"text\"}},\"kind\":\"collectionType\"},\"modelName\":\"product\",\"actions\":{},\"lifecycles\":{}},\"api::sell-product.sell-product\":{\"kind\":\"collectionType\",\"collectionName\":\"sell_products\",\"info\":{\"singularName\":\"sell-product\",\"pluralName\":\"sell-products\",\"displayName\":\"sellProduct\"},\"options\":{\"draftAndPublish\":true},\"pluginOptions\":{},\"attributes\":{\"totalSell\":{\"type\":\"decimal\"},\"products\":{\"type\":\"relation\",\"relation\":\"oneToMany\",\"target\":\"api::product.product\"},\"methodPaid\":{\"type\":\"string\"},\"selled\":{\"type\":\"boolean\",\"default\":false,\"required\":true},\"address\":{\"type\":\"string\"},\"adicionaldata\":{\"type\":\"blocks\"},\"contact\":{\"type\":\"string\"},\"date_delivery\":{\"type\":\"string\"},\"hour_delivery\":{\"type\":\"string\"},\"users_permissions_user\":{\"type\":\"relation\",\"relation\":\"manyToOne\",\"target\":\"plugin::users-permissions.user\",\"inversedBy\":\"sell_products\"},\"createdAt\":{\"type\":\"datetime\"},\"updatedAt\":{\"type\":\"datetime\"},\"publishedAt\":{\"type\":\"datetime\",\"configurable\":false,\"writable\":true,\"visible\":false},\"createdBy\":{\"type\":\"relation\",\"relation\":\"oneToOne\",\"target\":\"admin::user\",\"configurable\":false,\"writable\":false,\"visible\":false,\"useJoinTable\":false,\"private\":true},\"updatedBy\":{\"type\":\"relation\",\"relation\":\"oneToOne\",\"target\":\"admin::user\",\"configurable\":false,\"writable\":false,\"visible\":false,\"useJoinTable\":false,\"private\":true},\"locale\":{\"writable\":true,\"private\":false,\"configurable\":false,\"visible\":false,\"type\":\"string\"},\"localizations\":{\"type\":\"relation\",\"relation\":\"oneToMany\",\"target\":\"api::sell-product.sell-product\",\"writable\":false,\"private\":false,\"configurable\":false,\"visible\":false,\"unstable_virtual\":true,\"joinColumn\":{\"name\":\"document_id\",\"referencedColumn\":\"document_id\",\"referencedTable\":\"sell_products\"}}},\"apiName\":\"sell-product\",\"globalId\":\"SellProduct\",\"uid\":\"api::sell-product.sell-product\",\"modelType\":\"contentType\",\"__schema__\":{\"collectionName\":\"sell_products\",\"info\":{\"singularName\":\"sell-product\",\"pluralName\":\"sell-products\",\"displayName\":\"sellProduct\"},\"options\":{\"draftAndPublish\":true},\"pluginOptions\":{},\"attributes\":{\"totalSell\":{\"type\":\"decimal\"},\"products\":{\"type\":\"relation\",\"relation\":\"oneToMany\",\"target\":\"api::product.product\"},\"methodPaid\":{\"type\":\"string\"},\"selled\":{\"type\":\"boolean\",\"default\":false,\"required\":true},\"address\":{\"type\":\"string\"},\"adicionaldata\":{\"type\":\"blocks\"},\"contact\":{\"type\":\"string\"},\"date_delivery\":{\"type\":\"string\"},\"hour_delivery\":{\"type\":\"string\"},\"users_permissions_user\":{\"type\":\"relation\",\"relation\":\"manyToOne\",\"target\":\"plugin::users-permissions.user\",\"inversedBy\":\"sell_products\"}},\"kind\":\"collectionType\"},\"modelName\":\"sell-product\",\"actions\":{},\"lifecycles\":{}},\"admin::permission\":{\"collectionName\":\"admin_permissions\",\"info\":{\"name\":\"Permission\",\"description\":\"\",\"singularName\":\"permission\",\"pluralName\":\"permissions\",\"displayName\":\"Permission\"},\"options\":{\"draftAndPublish\":false},\"pluginOptions\":{\"content-manager\":{\"visible\":false},\"content-type-builder\":{\"visible\":false}},\"attributes\":{\"action\":{\"type\":\"string\",\"minLength\":1,\"configurable\":false,\"required\":true},\"actionParameters\":{\"type\":\"json\",\"configurable\":false,\"required\":false,\"default\":{}},\"subject\":{\"type\":\"string\",\"minLength\":1,\"configurable\":false,\"required\":false},\"properties\":{\"type\":\"json\",\"configurable\":false,\"required\":false,\"default\":{}},\"conditions\":{\"type\":\"json\",\"configurable\":false,\"required\":false,\"default\":[]},\"role\":{\"configurable\":false,\"type\":\"relation\",\"relation\":\"manyToOne\",\"inversedBy\":\"permissions\",\"target\":\"admin::role\"},\"createdAt\":{\"type\":\"datetime\"},\"updatedAt\":{\"type\":\"datetime\"},\"publishedAt\":{\"type\":\"datetime\",\"configurable\":false,\"writable\":true,\"visible\":false},\"createdBy\":{\"type\":\"relation\",\"relation\":\"oneToOne\",\"target\":\"admin::user\",\"configurable\":false,\"writable\":false,\"visible\":false,\"useJoinTable\":false,\"private\":true},\"updatedBy\":{\"type\":\"relation\",\"relation\":\"oneToOne\",\"target\":\"admin::user\",\"configurable\":false,\"writable\":false,\"visible\":false,\"useJoinTable\":false,\"private\":true},\"locale\":{\"writable\":true,\"private\":false,\"configurable\":false,\"visible\":false,\"type\":\"string\"},\"localizations\":{\"type\":\"relation\",\"relation\":\"oneToMany\",\"target\":\"admin::permission\",\"writable\":false,\"private\":false,\"configurable\":false,\"visible\":false,\"unstable_virtual\":true,\"joinColumn\":{\"name\":\"document_id\",\"referencedColumn\":\"document_id\",\"referencedTable\":\"admin_permissions\"}}},\"plugin\":\"admin\",\"globalId\":\"AdminPermission\",\"uid\":\"admin::permission\",\"modelType\":\"contentType\",\"kind\":\"collectionType\",\"__schema__\":{\"collectionName\":\"admin_permissions\",\"info\":{\"name\":\"Permission\",\"description\":\"\",\"singularName\":\"permission\",\"pluralName\":\"permissions\",\"displayName\":\"Permission\"},\"options\":{},\"pluginOptions\":{\"content-manager\":{\"visible\":false},\"content-type-builder\":{\"visible\":false}},\"attributes\":{\"action\":{\"type\":\"string\",\"minLength\":1,\"configurable\":false,\"required\":true},\"actionParameters\":{\"type\":\"json\",\"configurable\":false,\"required\":false,\"default\":{}},\"subject\":{\"type\":\"string\",\"minLength\":1,\"configurable\":false,\"required\":false},\"properties\":{\"type\":\"json\",\"configurable\":false,\"required\":false,\"default\":{}},\"conditions\":{\"type\":\"json\",\"configurable\":false,\"required\":false,\"default\":[]},\"role\":{\"configurable\":false,\"type\":\"relation\",\"relation\":\"manyToOne\",\"inversedBy\":\"permissions\",\"target\":\"admin::role\"}},\"kind\":\"collectionType\"},\"modelName\":\"permission\"},\"admin::user\":{\"collectionName\":\"admin_users\",\"info\":{\"name\":\"User\",\"description\":\"\",\"singularName\":\"user\",\"pluralName\":\"users\",\"displayName\":\"User\"},\"pluginOptions\":{\"content-manager\":{\"visible\":false},\"content-type-builder\":{\"visible\":false}},\"attributes\":{\"firstname\":{\"type\":\"string\",\"unique\":false,\"minLength\":1,\"configurable\":false,\"required\":false},\"lastname\":{\"type\":\"string\",\"unique\":false,\"minLength\":1,\"configurable\":false,\"required\":false},\"username\":{\"type\":\"string\",\"unique\":false,\"configurable\":false,\"required\":false},\"email\":{\"type\":\"email\",\"minLength\":6,\"configurable\":false,\"required\":true,\"unique\":true,\"private\":true},\"password\":{\"type\":\"password\",\"minLength\":6,\"configurable\":false,\"required\":false,\"private\":true,\"searchable\":false},\"resetPasswordToken\":{\"type\":\"string\",\"configurable\":false,\"private\":true,\"searchable\":false},\"registrationToken\":{\"type\":\"string\",\"configurable\":false,\"private\":true,\"searchable\":false},\"isActive\":{\"type\":\"boolean\",\"default\":false,\"configurable\":false,\"private\":true},\"roles\":{\"configurable\":false,\"private\":true,\"type\":\"relation\",\"relation\":\"manyToMany\",\"inversedBy\":\"users\",\"target\":\"admin::role\",\"collectionName\":\"strapi_users_roles\"},\"blocked\":{\"type\":\"boolean\",\"default\":false,\"configurable\":false,\"private\":true},\"preferedLanguage\":{\"type\":\"string\",\"configurable\":false,\"required\":false,\"searchable\":false},\"createdAt\":{\"type\":\"datetime\"},\"updatedAt\":{\"type\":\"datetime\"},\"publishedAt\":{\"type\":\"datetime\",\"configurable\":false,\"writable\":true,\"visible\":false},\"createdBy\":{\"type\":\"relation\",\"relation\":\"oneToOne\",\"target\":\"admin::user\",\"configurable\":false,\"writable\":false,\"visible\":false,\"useJoinTable\":false,\"private\":true},\"updatedBy\":{\"type\":\"relation\",\"relation\":\"oneToOne\",\"target\":\"admin::user\",\"configurable\":false,\"writable\":false,\"visible\":false,\"useJoinTable\":false,\"private\":true},\"locale\":{\"writable\":true,\"private\":false,\"configurable\":false,\"visible\":false,\"type\":\"string\"},\"localizations\":{\"type\":\"relation\",\"relation\":\"oneToMany\",\"target\":\"admin::user\",\"writable\":false,\"private\":false,\"configurable\":false,\"visible\":false,\"unstable_virtual\":true,\"joinColumn\":{\"name\":\"document_id\",\"referencedColumn\":\"document_id\",\"referencedTable\":\"admin_users\"}}},\"config\":{\"attributes\":{\"resetPasswordToken\":{\"hidden\":true},\"registrationToken\":{\"hidden\":true}}},\"plugin\":\"admin\",\"globalId\":\"AdminUser\",\"uid\":\"admin::user\",\"modelType\":\"contentType\",\"kind\":\"collectionType\",\"__schema__\":{\"collectionName\":\"admin_users\",\"info\":{\"name\":\"User\",\"description\":\"\",\"singularName\":\"user\",\"pluralName\":\"users\",\"displayName\":\"User\"},\"pluginOptions\":{\"content-manager\":{\"visible\":false},\"content-type-builder\":{\"visible\":false}},\"attributes\":{\"firstname\":{\"type\":\"string\",\"unique\":false,\"minLength\":1,\"configurable\":false,\"required\":false},\"lastname\":{\"type\":\"string\",\"unique\":false,\"minLength\":1,\"configurable\":false,\"required\":false},\"username\":{\"type\":\"string\",\"unique\":false,\"configurable\":false,\"required\":false},\"email\":{\"type\":\"email\",\"minLength\":6,\"configurable\":false,\"required\":true,\"unique\":true,\"private\":true},\"password\":{\"type\":\"password\",\"minLength\":6,\"configurable\":false,\"required\":false,\"private\":true,\"searchable\":false},\"resetPasswordToken\":{\"type\":\"string\",\"configurable\":false,\"private\":true,\"searchable\":false},\"registrationToken\":{\"type\":\"string\",\"configurable\":false,\"private\":true,\"searchable\":false},\"isActive\":{\"type\":\"boolean\",\"default\":false,\"configurable\":false,\"private\":true},\"roles\":{\"configurable\":false,\"private\":true,\"type\":\"relation\",\"relation\":\"manyToMany\",\"inversedBy\":\"users\",\"target\":\"admin::role\",\"collectionName\":\"strapi_users_roles\"},\"blocked\":{\"type\":\"boolean\",\"default\":false,\"configurable\":false,\"private\":true},\"preferedLanguage\":{\"type\":\"string\",\"configurable\":false,\"required\":false,\"searchable\":false}},\"kind\":\"collectionType\"},\"modelName\":\"user\",\"options\":{\"draftAndPublish\":false}},\"admin::role\":{\"collectionName\":\"admin_roles\",\"info\":{\"name\":\"Role\",\"description\":\"\",\"singularName\":\"role\",\"pluralName\":\"roles\",\"displayName\":\"Role\"},\"options\":{\"draftAndPublish\":false},\"pluginOptions\":{\"content-manager\":{\"visible\":false},\"content-type-builder\":{\"visible\":false}},\"attributes\":{\"name\":{\"type\":\"string\",\"minLength\":1,\"unique\":true,\"configurable\":false,\"required\":true},\"code\":{\"type\":\"string\",\"minLength\":1,\"unique\":true,\"configurable\":false,\"required\":true},\"description\":{\"type\":\"string\",\"configurable\":false},\"users\":{\"configurable\":false,\"type\":\"relation\",\"relation\":\"manyToMany\",\"mappedBy\":\"roles\",\"target\":\"admin::user\"},\"permissions\":{\"configurable\":false,\"type\":\"relation\",\"relation\":\"oneToMany\",\"mappedBy\":\"role\",\"target\":\"admin::permission\"},\"createdAt\":{\"type\":\"datetime\"},\"updatedAt\":{\"type\":\"datetime\"},\"publishedAt\":{\"type\":\"datetime\",\"configurable\":false,\"writable\":true,\"visible\":false},\"createdBy\":{\"type\":\"relation\",\"relation\":\"oneToOne\",\"target\":\"admin::user\",\"configurable\":false,\"writable\":false,\"visible\":false,\"useJoinTable\":false,\"private\":true},\"updatedBy\":{\"type\":\"relation\",\"relation\":\"oneToOne\",\"target\":\"admin::user\",\"configurable\":false,\"writable\":false,\"visible\":false,\"useJoinTable\":false,\"private\":true},\"locale\":{\"writable\":true,\"private\":false,\"configurable\":false,\"visible\":false,\"type\":\"string\"},\"localizations\":{\"type\":\"relation\",\"relation\":\"oneToMany\",\"target\":\"admin::role\",\"writable\":false,\"private\":false,\"configurable\":false,\"visible\":false,\"unstable_virtual\":true,\"joinColumn\":{\"name\":\"document_id\",\"referencedColumn\":\"document_id\",\"referencedTable\":\"admin_roles\"}}},\"plugin\":\"admin\",\"globalId\":\"AdminRole\",\"uid\":\"admin::role\",\"modelType\":\"contentType\",\"kind\":\"collectionType\",\"__schema__\":{\"collectionName\":\"admin_roles\",\"info\":{\"name\":\"Role\",\"description\":\"\",\"singularName\":\"role\",\"pluralName\":\"roles\",\"displayName\":\"Role\"},\"options\":{},\"pluginOptions\":{\"content-manager\":{\"visible\":false},\"content-type-builder\":{\"visible\":false}},\"attributes\":{\"name\":{\"type\":\"string\",\"minLength\":1,\"unique\":true,\"configurable\":false,\"required\":true},\"code\":{\"type\":\"string\",\"minLength\":1,\"unique\":true,\"configurable\":false,\"required\":true},\"description\":{\"type\":\"string\",\"configurable\":false},\"users\":{\"configurable\":false,\"type\":\"relation\",\"relation\":\"manyToMany\",\"mappedBy\":\"roles\",\"target\":\"admin::user\"},\"permissions\":{\"configurable\":false,\"type\":\"relation\",\"relation\":\"oneToMany\",\"mappedBy\":\"role\",\"target\":\"admin::permission\"}},\"kind\":\"collectionType\"},\"modelName\":\"role\"},\"admin::api-token\":{\"collectionName\":\"strapi_api_tokens\",\"info\":{\"name\":\"Api Token\",\"singularName\":\"api-token\",\"pluralName\":\"api-tokens\",\"displayName\":\"Api Token\",\"description\":\"\"},\"options\":{\"draftAndPublish\":false},\"pluginOptions\":{\"content-manager\":{\"visible\":false},\"content-type-builder\":{\"visible\":false}},\"attributes\":{\"name\":{\"type\":\"string\",\"minLength\":1,\"configurable\":false,\"required\":true,\"unique\":true},\"description\":{\"type\":\"string\",\"minLength\":1,\"configurable\":false,\"required\":false,\"default\":\"\"},\"type\":{\"type\":\"enumeration\",\"enum\":[\"read-only\",\"full-access\",\"custom\"],\"configurable\":false,\"required\":true,\"default\":\"read-only\"},\"accessKey\":{\"type\":\"string\",\"minLength\":1,\"configurable\":false,\"required\":true,\"searchable\":false},\"lastUsedAt\":{\"type\":\"datetime\",\"configurable\":false,\"required\":false},\"permissions\":{\"type\":\"relation\",\"target\":\"admin::api-token-permission\",\"relation\":\"oneToMany\",\"mappedBy\":\"token\",\"configurable\":false,\"required\":false},\"expiresAt\":{\"type\":\"datetime\",\"configurable\":false,\"required\":false},\"lifespan\":{\"type\":\"biginteger\",\"configurable\":false,\"required\":false},\"createdAt\":{\"type\":\"datetime\"},\"updatedAt\":{\"type\":\"datetime\"},\"publishedAt\":{\"type\":\"datetime\",\"configurable\":false,\"writable\":true,\"visible\":false},\"createdBy\":{\"type\":\"relation\",\"relation\":\"oneToOne\",\"target\":\"admin::user\",\"configurable\":false,\"writable\":false,\"visible\":false,\"useJoinTable\":false,\"private\":true},\"updatedBy\":{\"type\":\"relation\",\"relation\":\"oneToOne\",\"target\":\"admin::user\",\"configurable\":false,\"writable\":false,\"visible\":false,\"useJoinTable\":false,\"private\":true},\"locale\":{\"writable\":true,\"private\":false,\"configurable\":false,\"visible\":false,\"type\":\"string\"},\"localizations\":{\"type\":\"relation\",\"relation\":\"oneToMany\",\"target\":\"admin::api-token\",\"writable\":false,\"private\":false,\"configurable\":false,\"visible\":false,\"unstable_virtual\":true,\"joinColumn\":{\"name\":\"document_id\",\"referencedColumn\":\"document_id\",\"referencedTable\":\"strapi_api_tokens\"}}},\"plugin\":\"admin\",\"globalId\":\"AdminApiToken\",\"uid\":\"admin::api-token\",\"modelType\":\"contentType\",\"kind\":\"collectionType\",\"__schema__\":{\"collectionName\":\"strapi_api_tokens\",\"info\":{\"name\":\"Api Token\",\"singularName\":\"api-token\",\"pluralName\":\"api-tokens\",\"displayName\":\"Api Token\",\"description\":\"\"},\"options\":{},\"pluginOptions\":{\"content-manager\":{\"visible\":false},\"content-type-builder\":{\"visible\":false}},\"attributes\":{\"name\":{\"type\":\"string\",\"minLength\":1,\"configurable\":false,\"required\":true,\"unique\":true},\"description\":{\"type\":\"string\",\"minLength\":1,\"configurable\":false,\"required\":false,\"default\":\"\"},\"type\":{\"type\":\"enumeration\",\"enum\":[\"read-only\",\"full-access\",\"custom\"],\"configurable\":false,\"required\":true,\"default\":\"read-only\"},\"accessKey\":{\"type\":\"string\",\"minLength\":1,\"configurable\":false,\"required\":true,\"searchable\":false},\"lastUsedAt\":{\"type\":\"datetime\",\"configurable\":false,\"required\":false},\"permissions\":{\"type\":\"relation\",\"target\":\"admin::api-token-permission\",\"relation\":\"oneToMany\",\"mappedBy\":\"token\",\"configurable\":false,\"required\":false},\"expiresAt\":{\"type\":\"datetime\",\"configurable\":false,\"required\":false},\"lifespan\":{\"type\":\"biginteger\",\"configurable\":false,\"required\":false}},\"kind\":\"collectionType\"},\"modelName\":\"api-token\"},\"admin::api-token-permission\":{\"collectionName\":\"strapi_api_token_permissions\",\"info\":{\"name\":\"API Token Permission\",\"description\":\"\",\"singularName\":\"api-token-permission\",\"pluralName\":\"api-token-permissions\",\"displayName\":\"API Token Permission\"},\"options\":{\"draftAndPublish\":false},\"pluginOptions\":{\"content-manager\":{\"visible\":false},\"content-type-builder\":{\"visible\":false}},\"attributes\":{\"action\":{\"type\":\"string\",\"minLength\":1,\"configurable\":false,\"required\":true},\"token\":{\"configurable\":false,\"type\":\"relation\",\"relation\":\"manyToOne\",\"inversedBy\":\"permissions\",\"target\":\"admin::api-token\"},\"createdAt\":{\"type\":\"datetime\"},\"updatedAt\":{\"type\":\"datetime\"},\"publishedAt\":{\"type\":\"datetime\",\"configurable\":false,\"writable\":true,\"visible\":false},\"createdBy\":{\"type\":\"relation\",\"relation\":\"oneToOne\",\"target\":\"admin::user\",\"configurable\":false,\"writable\":false,\"visible\":false,\"useJoinTable\":false,\"private\":true},\"updatedBy\":{\"type\":\"relation\",\"relation\":\"oneToOne\",\"target\":\"admin::user\",\"configurable\":false,\"writable\":false,\"visible\":false,\"useJoinTable\":false,\"private\":true},\"locale\":{\"writable\":true,\"private\":false,\"configurable\":false,\"visible\":false,\"type\":\"string\"},\"localizations\":{\"type\":\"relation\",\"relation\":\"oneToMany\",\"target\":\"admin::api-token-permission\",\"writable\":false,\"private\":false,\"configurable\":false,\"visible\":false,\"unstable_virtual\":true,\"joinColumn\":{\"name\":\"document_id\",\"referencedColumn\":\"document_id\",\"referencedTable\":\"strapi_api_token_permissions\"}}},\"plugin\":\"admin\",\"globalId\":\"AdminApiTokenPermission\",\"uid\":\"admin::api-token-permission\",\"modelType\":\"contentType\",\"kind\":\"collectionType\",\"__schema__\":{\"collectionName\":\"strapi_api_token_permissions\",\"info\":{\"name\":\"API Token Permission\",\"description\":\"\",\"singularName\":\"api-token-permission\",\"pluralName\":\"api-token-permissions\",\"displayName\":\"API Token Permission\"},\"options\":{},\"pluginOptions\":{\"content-manager\":{\"visible\":false},\"content-type-builder\":{\"visible\":false}},\"attributes\":{\"action\":{\"type\":\"string\",\"minLength\":1,\"configurable\":false,\"required\":true},\"token\":{\"configurable\":false,\"type\":\"relation\",\"relation\":\"manyToOne\",\"inversedBy\":\"permissions\",\"target\":\"admin::api-token\"}},\"kind\":\"collectionType\"},\"modelName\":\"api-token-permission\"},\"admin::transfer-token\":{\"collectionName\":\"strapi_transfer_tokens\",\"info\":{\"name\":\"Transfer Token\",\"singularName\":\"transfer-token\",\"pluralName\":\"transfer-tokens\",\"displayName\":\"Transfer Token\",\"description\":\"\"},\"options\":{\"draftAndPublish\":false},\"pluginOptions\":{\"content-manager\":{\"visible\":false},\"content-type-builder\":{\"visible\":false}},\"attributes\":{\"name\":{\"type\":\"string\",\"minLength\":1,\"configurable\":false,\"required\":true,\"unique\":true},\"description\":{\"type\":\"string\",\"minLength\":1,\"configurable\":false,\"required\":false,\"default\":\"\"},\"accessKey\":{\"type\":\"string\",\"minLength\":1,\"configurable\":false,\"required\":true},\"lastUsedAt\":{\"type\":\"datetime\",\"configurable\":false,\"required\":false},\"permissions\":{\"type\":\"relation\",\"target\":\"admin::transfer-token-permission\",\"relation\":\"oneToMany\",\"mappedBy\":\"token\",\"configurable\":false,\"required\":false},\"expiresAt\":{\"type\":\"datetime\",\"configurable\":false,\"required\":false},\"lifespan\":{\"type\":\"biginteger\",\"configurable\":false,\"required\":false},\"createdAt\":{\"type\":\"datetime\"},\"updatedAt\":{\"type\":\"datetime\"},\"publishedAt\":{\"type\":\"datetime\",\"configurable\":false,\"writable\":true,\"visible\":false},\"createdBy\":{\"type\":\"relation\",\"relation\":\"oneToOne\",\"target\":\"admin::user\",\"configurable\":false,\"writable\":false,\"visible\":false,\"useJoinTable\":false,\"private\":true},\"updatedBy\":{\"type\":\"relation\",\"relation\":\"oneToOne\",\"target\":\"admin::user\",\"configurable\":false,\"writable\":false,\"visible\":false,\"useJoinTable\":false,\"private\":true},\"locale\":{\"writable\":true,\"private\":false,\"configurable\":false,\"visible\":false,\"type\":\"string\"},\"localizations\":{\"type\":\"relation\",\"relation\":\"oneToMany\",\"target\":\"admin::transfer-token\",\"writable\":false,\"private\":false,\"configurable\":false,\"visible\":false,\"unstable_virtual\":true,\"joinColumn\":{\"name\":\"document_id\",\"referencedColumn\":\"document_id\",\"referencedTable\":\"strapi_transfer_tokens\"}}},\"plugin\":\"admin\",\"globalId\":\"AdminTransferToken\",\"uid\":\"admin::transfer-token\",\"modelType\":\"contentType\",\"kind\":\"collectionType\",\"__schema__\":{\"collectionName\":\"strapi_transfer_tokens\",\"info\":{\"name\":\"Transfer Token\",\"singularName\":\"transfer-token\",\"pluralName\":\"transfer-tokens\",\"displayName\":\"Transfer Token\",\"description\":\"\"},\"options\":{},\"pluginOptions\":{\"content-manager\":{\"visible\":false},\"content-type-builder\":{\"visible\":false}},\"attributes\":{\"name\":{\"type\":\"string\",\"minLength\":1,\"configurable\":false,\"required\":true,\"unique\":true},\"description\":{\"type\":\"string\",\"minLength\":1,\"configurable\":false,\"required\":false,\"default\":\"\"},\"accessKey\":{\"type\":\"string\",\"minLength\":1,\"configurable\":false,\"required\":true},\"lastUsedAt\":{\"type\":\"datetime\",\"configurable\":false,\"required\":false},\"permissions\":{\"type\":\"relation\",\"target\":\"admin::transfer-token-permission\",\"relation\":\"oneToMany\",\"mappedBy\":\"token\",\"configurable\":false,\"required\":false},\"expiresAt\":{\"type\":\"datetime\",\"configurable\":false,\"required\":false},\"lifespan\":{\"type\":\"biginteger\",\"configurable\":false,\"required\":false}},\"kind\":\"collectionType\"},\"modelName\":\"transfer-token\"},\"admin::transfer-token-permission\":{\"collectionName\":\"strapi_transfer_token_permissions\",\"info\":{\"name\":\"Transfer Token Permission\",\"description\":\"\",\"singularName\":\"transfer-token-permission\",\"pluralName\":\"transfer-token-permissions\",\"displayName\":\"Transfer Token Permission\"},\"options\":{\"draftAndPublish\":false},\"pluginOptions\":{\"content-manager\":{\"visible\":false},\"content-type-builder\":{\"visible\":false}},\"attributes\":{\"action\":{\"type\":\"string\",\"minLength\":1,\"configurable\":false,\"required\":true},\"token\":{\"configurable\":false,\"type\":\"relation\",\"relation\":\"manyToOne\",\"inversedBy\":\"permissions\",\"target\":\"admin::transfer-token\"},\"createdAt\":{\"type\":\"datetime\"},\"updatedAt\":{\"type\":\"datetime\"},\"publishedAt\":{\"type\":\"datetime\",\"configurable\":false,\"writable\":true,\"visible\":false},\"createdBy\":{\"type\":\"relation\",\"relation\":\"oneToOne\",\"target\":\"admin::user\",\"configurable\":false,\"writable\":false,\"visible\":false,\"useJoinTable\":false,\"private\":true},\"updatedBy\":{\"type\":\"relation\",\"relation\":\"oneToOne\",\"target\":\"admin::user\",\"configurable\":false,\"writable\":false,\"visible\":false,\"useJoinTable\":false,\"private\":true},\"locale\":{\"writable\":true,\"private\":false,\"configurable\":false,\"visible\":false,\"type\":\"string\"},\"localizations\":{\"type\":\"relation\",\"relation\":\"oneToMany\",\"target\":\"admin::transfer-token-permission\",\"writable\":false,\"private\":false,\"configurable\":false,\"visible\":false,\"unstable_virtual\":true,\"joinColumn\":{\"name\":\"document_id\",\"referencedColumn\":\"document_id\",\"referencedTable\":\"strapi_transfer_token_permissions\"}}},\"plugin\":\"admin\",\"globalId\":\"AdminTransferTokenPermission\",\"uid\":\"admin::transfer-token-permission\",\"modelType\":\"contentType\",\"kind\":\"collectionType\",\"__schema__\":{\"collectionName\":\"strapi_transfer_token_permissions\",\"info\":{\"name\":\"Transfer Token Permission\",\"description\":\"\",\"singularName\":\"transfer-token-permission\",\"pluralName\":\"transfer-token-permissions\",\"displayName\":\"Transfer Token Permission\"},\"options\":{},\"pluginOptions\":{\"content-manager\":{\"visible\":false},\"content-type-builder\":{\"visible\":false}},\"attributes\":{\"action\":{\"type\":\"string\",\"minLength\":1,\"configurable\":false,\"required\":true},\"token\":{\"configurable\":false,\"type\":\"relation\",\"relation\":\"manyToOne\",\"inversedBy\":\"permissions\",\"target\":\"admin::transfer-token\"}},\"kind\":\"collectionType\"},\"modelName\":\"transfer-token-permission\"}}','object',NULL,NULL),(2,'plugin_content_manager_configuration_content_types::plugin::upload.file','{\"settings\":{\"bulkable\":true,\"filterable\":true,\"searchable\":true,\"pageSize\":10,\"mainField\":\"name\",\"defaultSortBy\":\"name\",\"defaultSortOrder\":\"ASC\"},\"metadatas\":{\"id\":{\"edit\":{},\"list\":{\"label\":\"id\",\"searchable\":true,\"sortable\":true}},\"name\":{\"edit\":{\"label\":\"name\",\"description\":\"\",\"placeholder\":\"\",\"visible\":true,\"editable\":true},\"list\":{\"label\":\"name\",\"searchable\":true,\"sortable\":true}},\"alternativeText\":{\"edit\":{\"label\":\"alternativeText\",\"description\":\"\",\"placeholder\":\"\",\"visible\":true,\"editable\":true},\"list\":{\"label\":\"alternativeText\",\"searchable\":true,\"sortable\":true}},\"caption\":{\"edit\":{\"label\":\"caption\",\"description\":\"\",\"placeholder\":\"\",\"visible\":true,\"editable\":true},\"list\":{\"label\":\"caption\",\"searchable\":true,\"sortable\":true}},\"width\":{\"edit\":{\"label\":\"width\",\"description\":\"\",\"placeholder\":\"\",\"visible\":true,\"editable\":true},\"list\":{\"label\":\"width\",\"searchable\":true,\"sortable\":true}},\"height\":{\"edit\":{\"label\":\"height\",\"description\":\"\",\"placeholder\":\"\",\"visible\":true,\"editable\":true},\"list\":{\"label\":\"height\",\"searchable\":true,\"sortable\":true}},\"formats\":{\"edit\":{\"label\":\"formats\",\"description\":\"\",\"placeholder\":\"\",\"visible\":true,\"editable\":true},\"list\":{\"label\":\"formats\",\"searchable\":false,\"sortable\":false}},\"hash\":{\"edit\":{\"label\":\"hash\",\"description\":\"\",\"placeholder\":\"\",\"visible\":true,\"editable\":true},\"list\":{\"label\":\"hash\",\"searchable\":true,\"sortable\":true}},\"ext\":{\"edit\":{\"label\":\"ext\",\"description\":\"\",\"placeholder\":\"\",\"visible\":true,\"editable\":true},\"list\":{\"label\":\"ext\",\"searchable\":true,\"sortable\":true}},\"mime\":{\"edit\":{\"label\":\"mime\",\"description\":\"\",\"placeholder\":\"\",\"visible\":true,\"editable\":true},\"list\":{\"label\":\"mime\",\"searchable\":true,\"sortable\":true}},\"size\":{\"edit\":{\"label\":\"size\",\"description\":\"\",\"placeholder\":\"\",\"visible\":true,\"editable\":true},\"list\":{\"label\":\"size\",\"searchable\":true,\"sortable\":true}},\"url\":{\"edit\":{\"label\":\"url\",\"description\":\"\",\"placeholder\":\"\",\"visible\":true,\"editable\":true},\"list\":{\"label\":\"url\",\"searchable\":true,\"sortable\":true}},\"previewUrl\":{\"edit\":{\"label\":\"previewUrl\",\"description\":\"\",\"placeholder\":\"\",\"visible\":true,\"editable\":true},\"list\":{\"label\":\"previewUrl\",\"searchable\":true,\"sortable\":true}},\"provider\":{\"edit\":{\"label\":\"provider\",\"description\":\"\",\"placeholder\":\"\",\"visible\":true,\"editable\":true},\"list\":{\"label\":\"provider\",\"searchable\":true,\"sortable\":true}},\"provider_metadata\":{\"edit\":{\"label\":\"provider_metadata\",\"description\":\"\",\"placeholder\":\"\",\"visible\":true,\"editable\":true},\"list\":{\"label\":\"provider_metadata\",\"searchable\":false,\"sortable\":false}},\"folder\":{\"edit\":{\"label\":\"folder\",\"description\":\"\",\"placeholder\":\"\",\"visible\":true,\"editable\":true,\"mainField\":\"name\"},\"list\":{\"label\":\"folder\",\"searchable\":true,\"sortable\":true}},\"folderPath\":{\"edit\":{\"label\":\"folderPath\",\"description\":\"\",\"placeholder\":\"\",\"visible\":true,\"editable\":true},\"list\":{\"label\":\"folderPath\",\"searchable\":true,\"sortable\":true}},\"createdAt\":{\"edit\":{\"label\":\"createdAt\",\"description\":\"\",\"placeholder\":\"\",\"visible\":false,\"editable\":true},\"list\":{\"label\":\"createdAt\",\"searchable\":true,\"sortable\":true}},\"updatedAt\":{\"edit\":{\"label\":\"updatedAt\",\"description\":\"\",\"placeholder\":\"\",\"visible\":false,\"editable\":true},\"list\":{\"label\":\"updatedAt\",\"searchable\":true,\"sortable\":true}},\"createdBy\":{\"edit\":{\"label\":\"createdBy\",\"description\":\"\",\"placeholder\":\"\",\"visible\":false,\"editable\":true,\"mainField\":\"firstname\"},\"list\":{\"label\":\"createdBy\",\"searchable\":true,\"sortable\":true}},\"updatedBy\":{\"edit\":{\"label\":\"updatedBy\",\"description\":\"\",\"placeholder\":\"\",\"visible\":false,\"editable\":true,\"mainField\":\"firstname\"},\"list\":{\"label\":\"updatedBy\",\"searchable\":true,\"sortable\":true}}},\"layouts\":{\"list\":[\"id\",\"name\",\"alternativeText\",\"caption\"],\"edit\":[[{\"name\":\"name\",\"size\":6},{\"name\":\"alternativeText\",\"size\":6}],[{\"name\":\"caption\",\"size\":6},{\"name\":\"width\",\"size\":4}],[{\"name\":\"height\",\"size\":4}],[{\"name\":\"formats\",\"size\":12}],[{\"name\":\"hash\",\"size\":6},{\"name\":\"ext\",\"size\":6}],[{\"name\":\"mime\",\"size\":6},{\"name\":\"size\",\"size\":4}],[{\"name\":\"url\",\"size\":6},{\"name\":\"previewUrl\",\"size\":6}],[{\"name\":\"provider\",\"size\":6}],[{\"name\":\"provider_metadata\",\"size\":12}],[{\"name\":\"folder\",\"size\":6},{\"name\":\"folderPath\",\"size\":6}]]},\"uid\":\"plugin::upload.file\"}','object',NULL,NULL),(3,'plugin_content_manager_configuration_content_types::plugin::upload.folder','{\"settings\":{\"bulkable\":true,\"filterable\":true,\"searchable\":true,\"pageSize\":10,\"mainField\":\"name\",\"defaultSortBy\":\"name\",\"defaultSortOrder\":\"ASC\"},\"metadatas\":{\"id\":{\"edit\":{},\"list\":{\"label\":\"id\",\"searchable\":true,\"sortable\":true}},\"name\":{\"edit\":{\"label\":\"name\",\"description\":\"\",\"placeholder\":\"\",\"visible\":true,\"editable\":true},\"list\":{\"label\":\"name\",\"searchable\":true,\"sortable\":true}},\"pathId\":{\"edit\":{\"label\":\"pathId\",\"description\":\"\",\"placeholder\":\"\",\"visible\":true,\"editable\":true},\"list\":{\"label\":\"pathId\",\"searchable\":true,\"sortable\":true}},\"parent\":{\"edit\":{\"label\":\"parent\",\"description\":\"\",\"placeholder\":\"\",\"visible\":true,\"editable\":true,\"mainField\":\"name\"},\"list\":{\"label\":\"parent\",\"searchable\":true,\"sortable\":true}},\"children\":{\"edit\":{\"label\":\"children\",\"description\":\"\",\"placeholder\":\"\",\"visible\":true,\"editable\":true,\"mainField\":\"name\"},\"list\":{\"label\":\"children\",\"searchable\":false,\"sortable\":false}},\"files\":{\"edit\":{\"label\":\"files\",\"description\":\"\",\"placeholder\":\"\",\"visible\":true,\"editable\":true,\"mainField\":\"name\"},\"list\":{\"label\":\"files\",\"searchable\":false,\"sortable\":false}},\"path\":{\"edit\":{\"label\":\"path\",\"description\":\"\",\"placeholder\":\"\",\"visible\":true,\"editable\":true},\"list\":{\"label\":\"path\",\"searchable\":true,\"sortable\":true}},\"createdAt\":{\"edit\":{\"label\":\"createdAt\",\"description\":\"\",\"placeholder\":\"\",\"visible\":false,\"editable\":true},\"list\":{\"label\":\"createdAt\",\"searchable\":true,\"sortable\":true}},\"updatedAt\":{\"edit\":{\"label\":\"updatedAt\",\"description\":\"\",\"placeholder\":\"\",\"visible\":false,\"editable\":true},\"list\":{\"label\":\"updatedAt\",\"searchable\":true,\"sortable\":true}},\"createdBy\":{\"edit\":{\"label\":\"createdBy\",\"description\":\"\",\"placeholder\":\"\",\"visible\":false,\"editable\":true,\"mainField\":\"firstname\"},\"list\":{\"label\":\"createdBy\",\"searchable\":true,\"sortable\":true}},\"updatedBy\":{\"edit\":{\"label\":\"updatedBy\",\"description\":\"\",\"placeholder\":\"\",\"visible\":false,\"editable\":true,\"mainField\":\"firstname\"},\"list\":{\"label\":\"updatedBy\",\"searchable\":true,\"sortable\":true}}},\"layouts\":{\"list\":[\"id\",\"name\",\"pathId\",\"parent\"],\"edit\":[[{\"name\":\"name\",\"size\":6},{\"name\":\"pathId\",\"size\":4}],[{\"name\":\"parent\",\"size\":6},{\"name\":\"children\",\"size\":6}],[{\"name\":\"files\",\"size\":6},{\"name\":\"path\",\"size\":6}]]},\"uid\":\"plugin::upload.folder\"}','object',NULL,NULL),(4,'plugin_content_manager_configuration_content_types::plugin::content-releases.release','{\"settings\":{\"bulkable\":true,\"filterable\":true,\"searchable\":true,\"pageSize\":10,\"mainField\":\"name\",\"defaultSortBy\":\"name\",\"defaultSortOrder\":\"ASC\"},\"metadatas\":{\"id\":{\"edit\":{},\"list\":{\"label\":\"id\",\"searchable\":true,\"sortable\":true}},\"name\":{\"edit\":{\"label\":\"name\",\"description\":\"\",\"placeholder\":\"\",\"visible\":true,\"editable\":true},\"list\":{\"label\":\"name\",\"searchable\":true,\"sortable\":true}},\"releasedAt\":{\"edit\":{\"label\":\"releasedAt\",\"description\":\"\",\"placeholder\":\"\",\"visible\":true,\"editable\":true},\"list\":{\"label\":\"releasedAt\",\"searchable\":true,\"sortable\":true}},\"scheduledAt\":{\"edit\":{\"label\":\"scheduledAt\",\"description\":\"\",\"placeholder\":\"\",\"visible\":true,\"editable\":true},\"list\":{\"label\":\"scheduledAt\",\"searchable\":true,\"sortable\":true}},\"timezone\":{\"edit\":{\"label\":\"timezone\",\"description\":\"\",\"placeholder\":\"\",\"visible\":true,\"editable\":true},\"list\":{\"label\":\"timezone\",\"searchable\":true,\"sortable\":true}},\"status\":{\"edit\":{\"label\":\"status\",\"description\":\"\",\"placeholder\":\"\",\"visible\":true,\"editable\":true},\"list\":{\"label\":\"status\",\"searchable\":true,\"sortable\":true}},\"actions\":{\"edit\":{\"label\":\"actions\",\"description\":\"\",\"placeholder\":\"\",\"visible\":true,\"editable\":true,\"mainField\":\"contentType\"},\"list\":{\"label\":\"actions\",\"searchable\":false,\"sortable\":false}},\"createdAt\":{\"edit\":{\"label\":\"createdAt\",\"description\":\"\",\"placeholder\":\"\",\"visible\":false,\"editable\":true},\"list\":{\"label\":\"createdAt\",\"searchable\":true,\"sortable\":true}},\"updatedAt\":{\"edit\":{\"label\":\"updatedAt\",\"description\":\"\",\"placeholder\":\"\",\"visible\":false,\"editable\":true},\"list\":{\"label\":\"updatedAt\",\"searchable\":true,\"sortable\":true}},\"createdBy\":{\"edit\":{\"label\":\"createdBy\",\"description\":\"\",\"placeholder\":\"\",\"visible\":false,\"editable\":true,\"mainField\":\"firstname\"},\"list\":{\"label\":\"createdBy\",\"searchable\":true,\"sortable\":true}},\"updatedBy\":{\"edit\":{\"label\":\"updatedBy\",\"description\":\"\",\"placeholder\":\"\",\"visible\":false,\"editable\":true,\"mainField\":\"firstname\"},\"list\":{\"label\":\"updatedBy\",\"searchable\":true,\"sortable\":true}}},\"layouts\":{\"list\":[\"id\",\"name\",\"releasedAt\",\"scheduledAt\"],\"edit\":[[{\"name\":\"name\",\"size\":6},{\"name\":\"releasedAt\",\"size\":6}],[{\"name\":\"scheduledAt\",\"size\":6},{\"name\":\"timezone\",\"size\":6}],[{\"name\":\"status\",\"size\":6},{\"name\":\"actions\",\"size\":6}]]},\"uid\":\"plugin::content-releases.release\"}','object',NULL,NULL),(5,'plugin_content_manager_configuration_content_types::plugin::content-releases.release-action','{\"settings\":{\"bulkable\":true,\"filterable\":true,\"searchable\":true,\"pageSize\":10,\"mainField\":\"contentType\",\"defaultSortBy\":\"contentType\",\"defaultSortOrder\":\"ASC\"},\"metadatas\":{\"id\":{\"edit\":{},\"list\":{\"label\":\"id\",\"searchable\":true,\"sortable\":true}},\"type\":{\"edit\":{\"label\":\"type\",\"description\":\"\",\"placeholder\":\"\",\"visible\":true,\"editable\":true},\"list\":{\"label\":\"type\",\"searchable\":true,\"sortable\":true}},\"contentType\":{\"edit\":{\"label\":\"contentType\",\"description\":\"\",\"placeholder\":\"\",\"visible\":true,\"editable\":true},\"list\":{\"label\":\"contentType\",\"searchable\":true,\"sortable\":true}},\"entryDocumentId\":{\"edit\":{\"label\":\"entryDocumentId\",\"description\":\"\",\"placeholder\":\"\",\"visible\":true,\"editable\":true},\"list\":{\"label\":\"entryDocumentId\",\"searchable\":true,\"sortable\":true}},\"release\":{\"edit\":{\"label\":\"release\",\"description\":\"\",\"placeholder\":\"\",\"visible\":true,\"editable\":true,\"mainField\":\"name\"},\"list\":{\"label\":\"release\",\"searchable\":true,\"sortable\":true}},\"isEntryValid\":{\"edit\":{\"label\":\"isEntryValid\",\"description\":\"\",\"placeholder\":\"\",\"visible\":true,\"editable\":true},\"list\":{\"label\":\"isEntryValid\",\"searchable\":true,\"sortable\":true}},\"createdAt\":{\"edit\":{\"label\":\"createdAt\",\"description\":\"\",\"placeholder\":\"\",\"visible\":false,\"editable\":true},\"list\":{\"label\":\"createdAt\",\"searchable\":true,\"sortable\":true}},\"updatedAt\":{\"edit\":{\"label\":\"updatedAt\",\"description\":\"\",\"placeholder\":\"\",\"visible\":false,\"editable\":true},\"list\":{\"label\":\"updatedAt\",\"searchable\":true,\"sortable\":true}},\"createdBy\":{\"edit\":{\"label\":\"createdBy\",\"description\":\"\",\"placeholder\":\"\",\"visible\":false,\"editable\":true,\"mainField\":\"firstname\"},\"list\":{\"label\":\"createdBy\",\"searchable\":true,\"sortable\":true}},\"updatedBy\":{\"edit\":{\"label\":\"updatedBy\",\"description\":\"\",\"placeholder\":\"\",\"visible\":false,\"editable\":true,\"mainField\":\"firstname\"},\"list\":{\"label\":\"updatedBy\",\"searchable\":true,\"sortable\":true}}},\"layouts\":{\"list\":[\"id\",\"type\",\"contentType\",\"entryDocumentId\"],\"edit\":[[{\"name\":\"type\",\"size\":6},{\"name\":\"contentType\",\"size\":6}],[{\"name\":\"entryDocumentId\",\"size\":6},{\"name\":\"release\",\"size\":6}],[{\"name\":\"isEntryValid\",\"size\":4}]]},\"uid\":\"plugin::content-releases.release-action\"}','object',NULL,NULL),(6,'plugin_content_manager_configuration_content_types::plugin::review-workflows.workflow','{\"settings\":{\"bulkable\":true,\"filterable\":true,\"searchable\":true,\"pageSize\":10,\"mainField\":\"name\",\"defaultSortBy\":\"name\",\"defaultSortOrder\":\"ASC\"},\"metadatas\":{\"id\":{\"edit\":{},\"list\":{\"label\":\"id\",\"searchable\":true,\"sortable\":true}},\"name\":{\"edit\":{\"label\":\"name\",\"description\":\"\",\"placeholder\":\"\",\"visible\":true,\"editable\":true},\"list\":{\"label\":\"name\",\"searchable\":true,\"sortable\":true}},\"stages\":{\"edit\":{\"label\":\"stages\",\"description\":\"\",\"placeholder\":\"\",\"visible\":true,\"editable\":true,\"mainField\":\"name\"},\"list\":{\"label\":\"stages\",\"searchable\":false,\"sortable\":false}},\"contentTypes\":{\"edit\":{\"label\":\"contentTypes\",\"description\":\"\",\"placeholder\":\"\",\"visible\":true,\"editable\":true},\"list\":{\"label\":\"contentTypes\",\"searchable\":false,\"sortable\":false}},\"createdAt\":{\"edit\":{\"label\":\"createdAt\",\"description\":\"\",\"placeholder\":\"\",\"visible\":false,\"editable\":true},\"list\":{\"label\":\"createdAt\",\"searchable\":true,\"sortable\":true}},\"updatedAt\":{\"edit\":{\"label\":\"updatedAt\",\"description\":\"\",\"placeholder\":\"\",\"visible\":false,\"editable\":true},\"list\":{\"label\":\"updatedAt\",\"searchable\":true,\"sortable\":true}},\"createdBy\":{\"edit\":{\"label\":\"createdBy\",\"description\":\"\",\"placeholder\":\"\",\"visible\":false,\"editable\":true,\"mainField\":\"firstname\"},\"list\":{\"label\":\"createdBy\",\"searchable\":true,\"sortable\":true}},\"updatedBy\":{\"edit\":{\"label\":\"updatedBy\",\"description\":\"\",\"placeholder\":\"\",\"visible\":false,\"editable\":true,\"mainField\":\"firstname\"},\"list\":{\"label\":\"updatedBy\",\"searchable\":true,\"sortable\":true}}},\"layouts\":{\"list\":[\"id\",\"name\",\"stages\",\"createdAt\"],\"edit\":[[{\"name\":\"name\",\"size\":6},{\"name\":\"stages\",\"size\":6}],[{\"name\":\"contentTypes\",\"size\":12}]]},\"uid\":\"plugin::review-workflows.workflow\"}','object',NULL,NULL),(7,'plugin_content_manager_configuration_content_types::plugin::review-workflows.workflow-stage','{\"settings\":{\"bulkable\":true,\"filterable\":true,\"searchable\":true,\"pageSize\":10,\"mainField\":\"name\",\"defaultSortBy\":\"name\",\"defaultSortOrder\":\"ASC\"},\"metadatas\":{\"id\":{\"edit\":{},\"list\":{\"label\":\"id\",\"searchable\":true,\"sortable\":true}},\"name\":{\"edit\":{\"label\":\"name\",\"description\":\"\",\"placeholder\":\"\",\"visible\":true,\"editable\":true},\"list\":{\"label\":\"name\",\"searchable\":true,\"sortable\":true}},\"color\":{\"edit\":{\"label\":\"color\",\"description\":\"\",\"placeholder\":\"\",\"visible\":true,\"editable\":true},\"list\":{\"label\":\"color\",\"searchable\":true,\"sortable\":true}},\"workflow\":{\"edit\":{\"label\":\"workflow\",\"description\":\"\",\"placeholder\":\"\",\"visible\":true,\"editable\":true,\"mainField\":\"name\"},\"list\":{\"label\":\"workflow\",\"searchable\":true,\"sortable\":true}},\"permissions\":{\"edit\":{\"label\":\"permissions\",\"description\":\"\",\"placeholder\":\"\",\"visible\":true,\"editable\":true,\"mainField\":\"action\"},\"list\":{\"label\":\"permissions\",\"searchable\":false,\"sortable\":false}},\"createdAt\":{\"edit\":{\"label\":\"createdAt\",\"description\":\"\",\"placeholder\":\"\",\"visible\":false,\"editable\":true},\"list\":{\"label\":\"createdAt\",\"searchable\":true,\"sortable\":true}},\"updatedAt\":{\"edit\":{\"label\":\"updatedAt\",\"description\":\"\",\"placeholder\":\"\",\"visible\":false,\"editable\":true},\"list\":{\"label\":\"updatedAt\",\"searchable\":true,\"sortable\":true}},\"createdBy\":{\"edit\":{\"label\":\"createdBy\",\"description\":\"\",\"placeholder\":\"\",\"visible\":false,\"editable\":true,\"mainField\":\"firstname\"},\"list\":{\"label\":\"createdBy\",\"searchable\":true,\"sortable\":true}},\"updatedBy\":{\"edit\":{\"label\":\"updatedBy\",\"description\":\"\",\"placeholder\":\"\",\"visible\":false,\"editable\":true,\"mainField\":\"firstname\"},\"list\":{\"label\":\"updatedBy\",\"searchable\":true,\"sortable\":true}}},\"layouts\":{\"list\":[\"id\",\"name\",\"color\",\"workflow\"],\"edit\":[[{\"name\":\"name\",\"size\":6},{\"name\":\"color\",\"size\":6}],[{\"name\":\"workflow\",\"size\":6},{\"name\":\"permissions\",\"size\":6}]]},\"uid\":\"plugin::review-workflows.workflow-stage\"}','object',NULL,NULL),(8,'plugin_content_manager_configuration_content_types::plugin::users-permissions.permission','{\"settings\":{\"bulkable\":true,\"filterable\":true,\"searchable\":true,\"pageSize\":10,\"mainField\":\"action\",\"defaultSortBy\":\"action\",\"defaultSortOrder\":\"ASC\"},\"metadatas\":{\"id\":{\"edit\":{},\"list\":{\"label\":\"id\",\"searchable\":true,\"sortable\":true}},\"action\":{\"edit\":{\"label\":\"action\",\"description\":\"\",\"placeholder\":\"\",\"visible\":true,\"editable\":true},\"list\":{\"label\":\"action\",\"searchable\":true,\"sortable\":true}},\"role\":{\"edit\":{\"label\":\"role\",\"description\":\"\",\"placeholder\":\"\",\"visible\":true,\"editable\":true,\"mainField\":\"name\"},\"list\":{\"label\":\"role\",\"searchable\":true,\"sortable\":true}},\"createdAt\":{\"edit\":{\"label\":\"createdAt\",\"description\":\"\",\"placeholder\":\"\",\"visible\":false,\"editable\":true},\"list\":{\"label\":\"createdAt\",\"searchable\":true,\"sortable\":true}},\"updatedAt\":{\"edit\":{\"label\":\"updatedAt\",\"description\":\"\",\"placeholder\":\"\",\"visible\":false,\"editable\":true},\"list\":{\"label\":\"updatedAt\",\"searchable\":true,\"sortable\":true}},\"createdBy\":{\"edit\":{\"label\":\"createdBy\",\"description\":\"\",\"placeholder\":\"\",\"visible\":false,\"editable\":true,\"mainField\":\"firstname\"},\"list\":{\"label\":\"createdBy\",\"searchable\":true,\"sortable\":true}},\"updatedBy\":{\"edit\":{\"label\":\"updatedBy\",\"description\":\"\",\"placeholder\":\"\",\"visible\":false,\"editable\":true,\"mainField\":\"firstname\"},\"list\":{\"label\":\"updatedBy\",\"searchable\":true,\"sortable\":true}}},\"layouts\":{\"list\":[\"id\",\"action\",\"role\",\"createdAt\"],\"edit\":[[{\"name\":\"action\",\"size\":6},{\"name\":\"role\",\"size\":6}]]},\"uid\":\"plugin::users-permissions.permission\"}','object',NULL,NULL),(9,'plugin_content_manager_configuration_content_types::plugin::users-permissions.role','{\"settings\":{\"bulkable\":true,\"filterable\":true,\"searchable\":true,\"pageSize\":10,\"mainField\":\"name\",\"defaultSortBy\":\"name\",\"defaultSortOrder\":\"ASC\"},\"metadatas\":{\"id\":{\"edit\":{},\"list\":{\"label\":\"id\",\"searchable\":true,\"sortable\":true}},\"name\":{\"edit\":{\"label\":\"name\",\"description\":\"\",\"placeholder\":\"\",\"visible\":true,\"editable\":true},\"list\":{\"label\":\"name\",\"searchable\":true,\"sortable\":true}},\"description\":{\"edit\":{\"label\":\"description\",\"description\":\"\",\"placeholder\":\"\",\"visible\":true,\"editable\":true},\"list\":{\"label\":\"description\",\"searchable\":true,\"sortable\":true}},\"type\":{\"edit\":{\"label\":\"type\",\"description\":\"\",\"placeholder\":\"\",\"visible\":true,\"editable\":true},\"list\":{\"label\":\"type\",\"searchable\":true,\"sortable\":true}},\"permissions\":{\"edit\":{\"label\":\"permissions\",\"description\":\"\",\"placeholder\":\"\",\"visible\":true,\"editable\":true,\"mainField\":\"action\"},\"list\":{\"label\":\"permissions\",\"searchable\":false,\"sortable\":false}},\"users\":{\"edit\":{\"label\":\"users\",\"description\":\"\",\"placeholder\":\"\",\"visible\":true,\"editable\":true,\"mainField\":\"username\"},\"list\":{\"label\":\"users\",\"searchable\":false,\"sortable\":false}},\"createdAt\":{\"edit\":{\"label\":\"createdAt\",\"description\":\"\",\"placeholder\":\"\",\"visible\":false,\"editable\":true},\"list\":{\"label\":\"createdAt\",\"searchable\":true,\"sortable\":true}},\"updatedAt\":{\"edit\":{\"label\":\"updatedAt\",\"description\":\"\",\"placeholder\":\"\",\"visible\":false,\"editable\":true},\"list\":{\"label\":\"updatedAt\",\"searchable\":true,\"sortable\":true}},\"createdBy\":{\"edit\":{\"label\":\"createdBy\",\"description\":\"\",\"placeholder\":\"\",\"visible\":false,\"editable\":true,\"mainField\":\"firstname\"},\"list\":{\"label\":\"createdBy\",\"searchable\":true,\"sortable\":true}},\"updatedBy\":{\"edit\":{\"label\":\"updatedBy\",\"description\":\"\",\"placeholder\":\"\",\"visible\":false,\"editable\":true,\"mainField\":\"firstname\"},\"list\":{\"label\":\"updatedBy\",\"searchable\":true,\"sortable\":true}}},\"layouts\":{\"list\":[\"id\",\"name\",\"description\",\"type\"],\"edit\":[[{\"name\":\"name\",\"size\":6},{\"name\":\"description\",\"size\":6}],[{\"name\":\"type\",\"size\":6},{\"name\":\"permissions\",\"size\":6}],[{\"name\":\"users\",\"size\":6}]]},\"uid\":\"plugin::users-permissions.role\"}','object',NULL,NULL),(10,'plugin_content_manager_configuration_content_types::plugin::i18n.locale','{\"settings\":{\"bulkable\":true,\"filterable\":true,\"searchable\":true,\"pageSize\":10,\"mainField\":\"name\",\"defaultSortBy\":\"name\",\"defaultSortOrder\":\"ASC\"},\"metadatas\":{\"id\":{\"edit\":{},\"list\":{\"label\":\"id\",\"searchable\":true,\"sortable\":true}},\"name\":{\"edit\":{\"label\":\"name\",\"description\":\"\",\"placeholder\":\"\",\"visible\":true,\"editable\":true},\"list\":{\"label\":\"name\",\"searchable\":true,\"sortable\":true}},\"code\":{\"edit\":{\"label\":\"code\",\"description\":\"\",\"placeholder\":\"\",\"visible\":true,\"editable\":true},\"list\":{\"label\":\"code\",\"searchable\":true,\"sortable\":true}},\"createdAt\":{\"edit\":{\"label\":\"createdAt\",\"description\":\"\",\"placeholder\":\"\",\"visible\":false,\"editable\":true},\"list\":{\"label\":\"createdAt\",\"searchable\":true,\"sortable\":true}},\"updatedAt\":{\"edit\":{\"label\":\"updatedAt\",\"description\":\"\",\"placeholder\":\"\",\"visible\":false,\"editable\":true},\"list\":{\"label\":\"updatedAt\",\"searchable\":true,\"sortable\":true}},\"createdBy\":{\"edit\":{\"label\":\"createdBy\",\"description\":\"\",\"placeholder\":\"\",\"visible\":false,\"editable\":true,\"mainField\":\"firstname\"},\"list\":{\"label\":\"createdBy\",\"searchable\":true,\"sortable\":true}},\"updatedBy\":{\"edit\":{\"label\":\"updatedBy\",\"description\":\"\",\"placeholder\":\"\",\"visible\":false,\"editable\":true,\"mainField\":\"firstname\"},\"list\":{\"label\":\"updatedBy\",\"searchable\":true,\"sortable\":true}}},\"layouts\":{\"list\":[\"id\",\"name\",\"code\",\"createdAt\"],\"edit\":[[{\"name\":\"name\",\"size\":6},{\"name\":\"code\",\"size\":6}]]},\"uid\":\"plugin::i18n.locale\"}','object',NULL,NULL),(11,'plugin_content_manager_configuration_content_types::admin::permission','{\"settings\":{\"bulkable\":true,\"filterable\":true,\"searchable\":true,\"pageSize\":10,\"mainField\":\"action\",\"defaultSortBy\":\"action\",\"defaultSortOrder\":\"ASC\"},\"metadatas\":{\"id\":{\"edit\":{},\"list\":{\"label\":\"id\",\"searchable\":true,\"sortable\":true}},\"action\":{\"edit\":{\"label\":\"action\",\"description\":\"\",\"placeholder\":\"\",\"visible\":true,\"editable\":true},\"list\":{\"label\":\"action\",\"searchable\":true,\"sortable\":true}},\"actionParameters\":{\"edit\":{\"label\":\"actionParameters\",\"description\":\"\",\"placeholder\":\"\",\"visible\":true,\"editable\":true},\"list\":{\"label\":\"actionParameters\",\"searchable\":false,\"sortable\":false}},\"subject\":{\"edit\":{\"label\":\"subject\",\"description\":\"\",\"placeholder\":\"\",\"visible\":true,\"editable\":true},\"list\":{\"label\":\"subject\",\"searchable\":true,\"sortable\":true}},\"properties\":{\"edit\":{\"label\":\"properties\",\"description\":\"\",\"placeholder\":\"\",\"visible\":true,\"editable\":true},\"list\":{\"label\":\"properties\",\"searchable\":false,\"sortable\":false}},\"conditions\":{\"edit\":{\"label\":\"conditions\",\"description\":\"\",\"placeholder\":\"\",\"visible\":true,\"editable\":true},\"list\":{\"label\":\"conditions\",\"searchable\":false,\"sortable\":false}},\"role\":{\"edit\":{\"label\":\"role\",\"description\":\"\",\"placeholder\":\"\",\"visible\":true,\"editable\":true,\"mainField\":\"name\"},\"list\":{\"label\":\"role\",\"searchable\":true,\"sortable\":true}},\"createdAt\":{\"edit\":{\"label\":\"createdAt\",\"description\":\"\",\"placeholder\":\"\",\"visible\":false,\"editable\":true},\"list\":{\"label\":\"createdAt\",\"searchable\":true,\"sortable\":true}},\"updatedAt\":{\"edit\":{\"label\":\"updatedAt\",\"description\":\"\",\"placeholder\":\"\",\"visible\":false,\"editable\":true},\"list\":{\"label\":\"updatedAt\",\"searchable\":true,\"sortable\":true}},\"createdBy\":{\"edit\":{\"label\":\"createdBy\",\"description\":\"\",\"placeholder\":\"\",\"visible\":false,\"editable\":true,\"mainField\":\"firstname\"},\"list\":{\"label\":\"createdBy\",\"searchable\":true,\"sortable\":true}},\"updatedBy\":{\"edit\":{\"label\":\"updatedBy\",\"description\":\"\",\"placeholder\":\"\",\"visible\":false,\"editable\":true,\"mainField\":\"firstname\"},\"list\":{\"label\":\"updatedBy\",\"searchable\":true,\"sortable\":true}}},\"layouts\":{\"list\":[\"id\",\"action\",\"subject\",\"role\"],\"edit\":[[{\"name\":\"action\",\"size\":6}],[{\"name\":\"actionParameters\",\"size\":12}],[{\"name\":\"subject\",\"size\":6}],[{\"name\":\"properties\",\"size\":12}],[{\"name\":\"conditions\",\"size\":12}],[{\"name\":\"role\",\"size\":6}]]},\"uid\":\"admin::permission\"}','object',NULL,NULL),(12,'plugin_content_manager_configuration_content_types::admin::user','{\"settings\":{\"bulkable\":true,\"filterable\":true,\"searchable\":true,\"pageSize\":10,\"mainField\":\"firstname\",\"defaultSortBy\":\"firstname\",\"defaultSortOrder\":\"ASC\"},\"metadatas\":{\"id\":{\"edit\":{},\"list\":{\"label\":\"id\",\"searchable\":true,\"sortable\":true}},\"firstname\":{\"edit\":{\"label\":\"firstname\",\"description\":\"\",\"placeholder\":\"\",\"visible\":true,\"editable\":true},\"list\":{\"label\":\"firstname\",\"searchable\":true,\"sortable\":true}},\"lastname\":{\"edit\":{\"label\":\"lastname\",\"description\":\"\",\"placeholder\":\"\",\"visible\":true,\"editable\":true},\"list\":{\"label\":\"lastname\",\"searchable\":true,\"sortable\":true}},\"username\":{\"edit\":{\"label\":\"username\",\"description\":\"\",\"placeholder\":\"\",\"visible\":true,\"editable\":true},\"list\":{\"label\":\"username\",\"searchable\":true,\"sortable\":true}},\"email\":{\"edit\":{\"label\":\"email\",\"description\":\"\",\"placeholder\":\"\",\"visible\":true,\"editable\":true},\"list\":{\"label\":\"email\",\"searchable\":true,\"sortable\":true}},\"password\":{\"edit\":{\"label\":\"password\",\"description\":\"\",\"placeholder\":\"\",\"visible\":true,\"editable\":true},\"list\":{\"label\":\"password\",\"searchable\":true,\"sortable\":true}},\"resetPasswordToken\":{\"edit\":{\"label\":\"resetPasswordToken\",\"description\":\"\",\"placeholder\":\"\",\"visible\":false,\"editable\":true},\"list\":{\"label\":\"resetPasswordToken\",\"searchable\":true,\"sortable\":true}},\"registrationToken\":{\"edit\":{\"label\":\"registrationToken\",\"description\":\"\",\"placeholder\":\"\",\"visible\":false,\"editable\":true},\"list\":{\"label\":\"registrationToken\",\"searchable\":true,\"sortable\":true}},\"isActive\":{\"edit\":{\"label\":\"isActive\",\"description\":\"\",\"placeholder\":\"\",\"visible\":true,\"editable\":true},\"list\":{\"label\":\"isActive\",\"searchable\":true,\"sortable\":true}},\"roles\":{\"edit\":{\"label\":\"roles\",\"description\":\"\",\"placeholder\":\"\",\"visible\":true,\"editable\":true,\"mainField\":\"name\"},\"list\":{\"label\":\"roles\",\"searchable\":false,\"sortable\":false}},\"blocked\":{\"edit\":{\"label\":\"blocked\",\"description\":\"\",\"placeholder\":\"\",\"visible\":true,\"editable\":true},\"list\":{\"label\":\"blocked\",\"searchable\":true,\"sortable\":true}},\"preferedLanguage\":{\"edit\":{\"label\":\"preferedLanguage\",\"description\":\"\",\"placeholder\":\"\",\"visible\":true,\"editable\":true},\"list\":{\"label\":\"preferedLanguage\",\"searchable\":true,\"sortable\":true}},\"createdAt\":{\"edit\":{\"label\":\"createdAt\",\"description\":\"\",\"placeholder\":\"\",\"visible\":false,\"editable\":true},\"list\":{\"label\":\"createdAt\",\"searchable\":true,\"sortable\":true}},\"updatedAt\":{\"edit\":{\"label\":\"updatedAt\",\"description\":\"\",\"placeholder\":\"\",\"visible\":false,\"editable\":true},\"list\":{\"label\":\"updatedAt\",\"searchable\":true,\"sortable\":true}},\"createdBy\":{\"edit\":{\"label\":\"createdBy\",\"description\":\"\",\"placeholder\":\"\",\"visible\":false,\"editable\":true,\"mainField\":\"firstname\"},\"list\":{\"label\":\"createdBy\",\"searchable\":true,\"sortable\":true}},\"updatedBy\":{\"edit\":{\"label\":\"updatedBy\",\"description\":\"\",\"placeholder\":\"\",\"visible\":false,\"editable\":true,\"mainField\":\"firstname\"},\"list\":{\"label\":\"updatedBy\",\"searchable\":true,\"sortable\":true}}},\"layouts\":{\"list\":[\"id\",\"firstname\",\"lastname\",\"username\"],\"edit\":[[{\"name\":\"firstname\",\"size\":6},{\"name\":\"lastname\",\"size\":6}],[{\"name\":\"username\",\"size\":6},{\"name\":\"email\",\"size\":6}],[{\"name\":\"password\",\"size\":6},{\"name\":\"isActive\",\"size\":4}],[{\"name\":\"roles\",\"size\":6},{\"name\":\"blocked\",\"size\":4}],[{\"name\":\"preferedLanguage\",\"size\":6}]]},\"uid\":\"admin::user\"}','object',NULL,NULL),(13,'plugin_content_manager_configuration_content_types::admin::role','{\"settings\":{\"bulkable\":true,\"filterable\":true,\"searchable\":true,\"pageSize\":10,\"mainField\":\"name\",\"defaultSortBy\":\"name\",\"defaultSortOrder\":\"ASC\"},\"metadatas\":{\"id\":{\"edit\":{},\"list\":{\"label\":\"id\",\"searchable\":true,\"sortable\":true}},\"name\":{\"edit\":{\"label\":\"name\",\"description\":\"\",\"placeholder\":\"\",\"visible\":true,\"editable\":true},\"list\":{\"label\":\"name\",\"searchable\":true,\"sortable\":true}},\"code\":{\"edit\":{\"label\":\"code\",\"description\":\"\",\"placeholder\":\"\",\"visible\":true,\"editable\":true},\"list\":{\"label\":\"code\",\"searchable\":true,\"sortable\":true}},\"description\":{\"edit\":{\"label\":\"description\",\"description\":\"\",\"placeholder\":\"\",\"visible\":true,\"editable\":true},\"list\":{\"label\":\"description\",\"searchable\":true,\"sortable\":true}},\"users\":{\"edit\":{\"label\":\"users\",\"description\":\"\",\"placeholder\":\"\",\"visible\":true,\"editable\":true,\"mainField\":\"firstname\"},\"list\":{\"label\":\"users\",\"searchable\":false,\"sortable\":false}},\"permissions\":{\"edit\":{\"label\":\"permissions\",\"description\":\"\",\"placeholder\":\"\",\"visible\":true,\"editable\":true,\"mainField\":\"action\"},\"list\":{\"label\":\"permissions\",\"searchable\":false,\"sortable\":false}},\"createdAt\":{\"edit\":{\"label\":\"createdAt\",\"description\":\"\",\"placeholder\":\"\",\"visible\":false,\"editable\":true},\"list\":{\"label\":\"createdAt\",\"searchable\":true,\"sortable\":true}},\"updatedAt\":{\"edit\":{\"label\":\"updatedAt\",\"description\":\"\",\"placeholder\":\"\",\"visible\":false,\"editable\":true},\"list\":{\"label\":\"updatedAt\",\"searchable\":true,\"sortable\":true}},\"createdBy\":{\"edit\":{\"label\":\"createdBy\",\"description\":\"\",\"placeholder\":\"\",\"visible\":false,\"editable\":true,\"mainField\":\"firstname\"},\"list\":{\"label\":\"createdBy\",\"searchable\":true,\"sortable\":true}},\"updatedBy\":{\"edit\":{\"label\":\"updatedBy\",\"description\":\"\",\"placeholder\":\"\",\"visible\":false,\"editable\":true,\"mainField\":\"firstname\"},\"list\":{\"label\":\"updatedBy\",\"searchable\":true,\"sortable\":true}}},\"layouts\":{\"list\":[\"id\",\"name\",\"code\",\"description\"],\"edit\":[[{\"name\":\"name\",\"size\":6},{\"name\":\"code\",\"size\":6}],[{\"name\":\"description\",\"size\":6},{\"name\":\"users\",\"size\":6}],[{\"name\":\"permissions\",\"size\":6}]]},\"uid\":\"admin::role\"}','object',NULL,NULL),(14,'plugin_content_manager_configuration_content_types::admin::api-token','{\"settings\":{\"bulkable\":true,\"filterable\":true,\"searchable\":true,\"pageSize\":10,\"mainField\":\"name\",\"defaultSortBy\":\"name\",\"defaultSortOrder\":\"ASC\"},\"metadatas\":{\"id\":{\"edit\":{},\"list\":{\"label\":\"id\",\"searchable\":true,\"sortable\":true}},\"name\":{\"edit\":{\"label\":\"name\",\"description\":\"\",\"placeholder\":\"\",\"visible\":true,\"editable\":true},\"list\":{\"label\":\"name\",\"searchable\":true,\"sortable\":true}},\"description\":{\"edit\":{\"label\":\"description\",\"description\":\"\",\"placeholder\":\"\",\"visible\":true,\"editable\":true},\"list\":{\"label\":\"description\",\"searchable\":true,\"sortable\":true}},\"type\":{\"edit\":{\"label\":\"type\",\"description\":\"\",\"placeholder\":\"\",\"visible\":true,\"editable\":true},\"list\":{\"label\":\"type\",\"searchable\":true,\"sortable\":true}},\"accessKey\":{\"edit\":{\"label\":\"accessKey\",\"description\":\"\",\"placeholder\":\"\",\"visible\":true,\"editable\":true},\"list\":{\"label\":\"accessKey\",\"searchable\":true,\"sortable\":true}},\"lastUsedAt\":{\"edit\":{\"label\":\"lastUsedAt\",\"description\":\"\",\"placeholder\":\"\",\"visible\":true,\"editable\":true},\"list\":{\"label\":\"lastUsedAt\",\"searchable\":true,\"sortable\":true}},\"permissions\":{\"edit\":{\"label\":\"permissions\",\"description\":\"\",\"placeholder\":\"\",\"visible\":true,\"editable\":true,\"mainField\":\"action\"},\"list\":{\"label\":\"permissions\",\"searchable\":false,\"sortable\":false}},\"expiresAt\":{\"edit\":{\"label\":\"expiresAt\",\"description\":\"\",\"placeholder\":\"\",\"visible\":true,\"editable\":true},\"list\":{\"label\":\"expiresAt\",\"searchable\":true,\"sortable\":true}},\"lifespan\":{\"edit\":{\"label\":\"lifespan\",\"description\":\"\",\"placeholder\":\"\",\"visible\":true,\"editable\":true},\"list\":{\"label\":\"lifespan\",\"searchable\":true,\"sortable\":true}},\"createdAt\":{\"edit\":{\"label\":\"createdAt\",\"description\":\"\",\"placeholder\":\"\",\"visible\":false,\"editable\":true},\"list\":{\"label\":\"createdAt\",\"searchable\":true,\"sortable\":true}},\"updatedAt\":{\"edit\":{\"label\":\"updatedAt\",\"description\":\"\",\"placeholder\":\"\",\"visible\":false,\"editable\":true},\"list\":{\"label\":\"updatedAt\",\"searchable\":true,\"sortable\":true}},\"createdBy\":{\"edit\":{\"label\":\"createdBy\",\"description\":\"\",\"placeholder\":\"\",\"visible\":false,\"editable\":true,\"mainField\":\"firstname\"},\"list\":{\"label\":\"createdBy\",\"searchable\":true,\"sortable\":true}},\"updatedBy\":{\"edit\":{\"label\":\"updatedBy\",\"description\":\"\",\"placeholder\":\"\",\"visible\":false,\"editable\":true,\"mainField\":\"firstname\"},\"list\":{\"label\":\"updatedBy\",\"searchable\":true,\"sortable\":true}}},\"layouts\":{\"list\":[\"id\",\"name\",\"description\",\"type\"],\"edit\":[[{\"name\":\"name\",\"size\":6},{\"name\":\"description\",\"size\":6}],[{\"name\":\"type\",\"size\":6},{\"name\":\"accessKey\",\"size\":6}],[{\"name\":\"lastUsedAt\",\"size\":6},{\"name\":\"permissions\",\"size\":6}],[{\"name\":\"expiresAt\",\"size\":6},{\"name\":\"lifespan\",\"size\":4}]]},\"uid\":\"admin::api-token\"}','object',NULL,NULL),(15,'plugin_content_manager_configuration_content_types::admin::api-token-permission','{\"settings\":{\"bulkable\":true,\"filterable\":true,\"searchable\":true,\"pageSize\":10,\"mainField\":\"action\",\"defaultSortBy\":\"action\",\"defaultSortOrder\":\"ASC\"},\"metadatas\":{\"id\":{\"edit\":{},\"list\":{\"label\":\"id\",\"searchable\":true,\"sortable\":true}},\"action\":{\"edit\":{\"label\":\"action\",\"description\":\"\",\"placeholder\":\"\",\"visible\":true,\"editable\":true},\"list\":{\"label\":\"action\",\"searchable\":true,\"sortable\":true}},\"token\":{\"edit\":{\"label\":\"token\",\"description\":\"\",\"placeholder\":\"\",\"visible\":true,\"editable\":true,\"mainField\":\"name\"},\"list\":{\"label\":\"token\",\"searchable\":true,\"sortable\":true}},\"createdAt\":{\"edit\":{\"label\":\"createdAt\",\"description\":\"\",\"placeholder\":\"\",\"visible\":false,\"editable\":true},\"list\":{\"label\":\"createdAt\",\"searchable\":true,\"sortable\":true}},\"updatedAt\":{\"edit\":{\"label\":\"updatedAt\",\"description\":\"\",\"placeholder\":\"\",\"visible\":false,\"editable\":true},\"list\":{\"label\":\"updatedAt\",\"searchable\":true,\"sortable\":true}},\"createdBy\":{\"edit\":{\"label\":\"createdBy\",\"description\":\"\",\"placeholder\":\"\",\"visible\":false,\"editable\":true,\"mainField\":\"firstname\"},\"list\":{\"label\":\"createdBy\",\"searchable\":true,\"sortable\":true}},\"updatedBy\":{\"edit\":{\"label\":\"updatedBy\",\"description\":\"\",\"placeholder\":\"\",\"visible\":false,\"editable\":true,\"mainField\":\"firstname\"},\"list\":{\"label\":\"updatedBy\",\"searchable\":true,\"sortable\":true}}},\"layouts\":{\"list\":[\"id\",\"action\",\"token\",\"createdAt\"],\"edit\":[[{\"name\":\"action\",\"size\":6},{\"name\":\"token\",\"size\":6}]]},\"uid\":\"admin::api-token-permission\"}','object',NULL,NULL),(16,'plugin_content_manager_configuration_content_types::admin::transfer-token','{\"settings\":{\"bulkable\":true,\"filterable\":true,\"searchable\":true,\"pageSize\":10,\"mainField\":\"name\",\"defaultSortBy\":\"name\",\"defaultSortOrder\":\"ASC\"},\"metadatas\":{\"id\":{\"edit\":{},\"list\":{\"label\":\"id\",\"searchable\":true,\"sortable\":true}},\"name\":{\"edit\":{\"label\":\"name\",\"description\":\"\",\"placeholder\":\"\",\"visible\":true,\"editable\":true},\"list\":{\"label\":\"name\",\"searchable\":true,\"sortable\":true}},\"description\":{\"edit\":{\"label\":\"description\",\"description\":\"\",\"placeholder\":\"\",\"visible\":true,\"editable\":true},\"list\":{\"label\":\"description\",\"searchable\":true,\"sortable\":true}},\"accessKey\":{\"edit\":{\"label\":\"accessKey\",\"description\":\"\",\"placeholder\":\"\",\"visible\":true,\"editable\":true},\"list\":{\"label\":\"accessKey\",\"searchable\":true,\"sortable\":true}},\"lastUsedAt\":{\"edit\":{\"label\":\"lastUsedAt\",\"description\":\"\",\"placeholder\":\"\",\"visible\":true,\"editable\":true},\"list\":{\"label\":\"lastUsedAt\",\"searchable\":true,\"sortable\":true}},\"permissions\":{\"edit\":{\"label\":\"permissions\",\"description\":\"\",\"placeholder\":\"\",\"visible\":true,\"editable\":true,\"mainField\":\"action\"},\"list\":{\"label\":\"permissions\",\"searchable\":false,\"sortable\":false}},\"expiresAt\":{\"edit\":{\"label\":\"expiresAt\",\"description\":\"\",\"placeholder\":\"\",\"visible\":true,\"editable\":true},\"list\":{\"label\":\"expiresAt\",\"searchable\":true,\"sortable\":true}},\"lifespan\":{\"edit\":{\"label\":\"lifespan\",\"description\":\"\",\"placeholder\":\"\",\"visible\":true,\"editable\":true},\"list\":{\"label\":\"lifespan\",\"searchable\":true,\"sortable\":true}},\"createdAt\":{\"edit\":{\"label\":\"createdAt\",\"description\":\"\",\"placeholder\":\"\",\"visible\":false,\"editable\":true},\"list\":{\"label\":\"createdAt\",\"searchable\":true,\"sortable\":true}},\"updatedAt\":{\"edit\":{\"label\":\"updatedAt\",\"description\":\"\",\"placeholder\":\"\",\"visible\":false,\"editable\":true},\"list\":{\"label\":\"updatedAt\",\"searchable\":true,\"sortable\":true}},\"createdBy\":{\"edit\":{\"label\":\"createdBy\",\"description\":\"\",\"placeholder\":\"\",\"visible\":false,\"editable\":true,\"mainField\":\"firstname\"},\"list\":{\"label\":\"createdBy\",\"searchable\":true,\"sortable\":true}},\"updatedBy\":{\"edit\":{\"label\":\"updatedBy\",\"description\":\"\",\"placeholder\":\"\",\"visible\":false,\"editable\":true,\"mainField\":\"firstname\"},\"list\":{\"label\":\"updatedBy\",\"searchable\":true,\"sortable\":true}}},\"layouts\":{\"list\":[\"id\",\"name\",\"description\",\"accessKey\"],\"edit\":[[{\"name\":\"name\",\"size\":6},{\"name\":\"description\",\"size\":6}],[{\"name\":\"accessKey\",\"size\":6},{\"name\":\"lastUsedAt\",\"size\":6}],[{\"name\":\"permissions\",\"size\":6},{\"name\":\"expiresAt\",\"size\":6}],[{\"name\":\"lifespan\",\"size\":4}]]},\"uid\":\"admin::transfer-token\"}','object',NULL,NULL),(17,'plugin_content_manager_configuration_content_types::admin::transfer-token-permission','{\"settings\":{\"bulkable\":true,\"filterable\":true,\"searchable\":true,\"pageSize\":10,\"mainField\":\"action\",\"defaultSortBy\":\"action\",\"defaultSortOrder\":\"ASC\"},\"metadatas\":{\"id\":{\"edit\":{},\"list\":{\"label\":\"id\",\"searchable\":true,\"sortable\":true}},\"action\":{\"edit\":{\"label\":\"action\",\"description\":\"\",\"placeholder\":\"\",\"visible\":true,\"editable\":true},\"list\":{\"label\":\"action\",\"searchable\":true,\"sortable\":true}},\"token\":{\"edit\":{\"label\":\"token\",\"description\":\"\",\"placeholder\":\"\",\"visible\":true,\"editable\":true,\"mainField\":\"name\"},\"list\":{\"label\":\"token\",\"searchable\":true,\"sortable\":true}},\"createdAt\":{\"edit\":{\"label\":\"createdAt\",\"description\":\"\",\"placeholder\":\"\",\"visible\":false,\"editable\":true},\"list\":{\"label\":\"createdAt\",\"searchable\":true,\"sortable\":true}},\"updatedAt\":{\"edit\":{\"label\":\"updatedAt\",\"description\":\"\",\"placeholder\":\"\",\"visible\":false,\"editable\":true},\"list\":{\"label\":\"updatedAt\",\"searchable\":true,\"sortable\":true}},\"createdBy\":{\"edit\":{\"label\":\"createdBy\",\"description\":\"\",\"placeholder\":\"\",\"visible\":false,\"editable\":true,\"mainField\":\"firstname\"},\"list\":{\"label\":\"createdBy\",\"searchable\":true,\"sortable\":true}},\"updatedBy\":{\"edit\":{\"label\":\"updatedBy\",\"description\":\"\",\"placeholder\":\"\",\"visible\":false,\"editable\":true,\"mainField\":\"firstname\"},\"list\":{\"label\":\"updatedBy\",\"searchable\":true,\"sortable\":true}}},\"layouts\":{\"list\":[\"id\",\"action\",\"token\",\"createdAt\"],\"edit\":[[{\"name\":\"action\",\"size\":6},{\"name\":\"token\",\"size\":6}]]},\"uid\":\"admin::transfer-token-permission\"}','object',NULL,NULL),(18,'plugin_content_manager_configuration_content_types::plugin::users-permissions.user','{\"settings\":{\"bulkable\":true,\"filterable\":true,\"searchable\":true,\"pageSize\":10,\"mainField\":\"username\",\"defaultSortBy\":\"username\",\"defaultSortOrder\":\"ASC\"},\"metadatas\":{\"id\":{\"edit\":{},\"list\":{\"label\":\"id\",\"searchable\":true,\"sortable\":true}},\"username\":{\"edit\":{\"label\":\"username\",\"description\":\"\",\"placeholder\":\"\",\"visible\":true,\"editable\":true},\"list\":{\"label\":\"username\",\"searchable\":true,\"sortable\":true}},\"email\":{\"edit\":{\"label\":\"email\",\"description\":\"\",\"placeholder\":\"\",\"visible\":true,\"editable\":true},\"list\":{\"label\":\"email\",\"searchable\":true,\"sortable\":true}},\"provider\":{\"edit\":{\"label\":\"provider\",\"description\":\"\",\"placeholder\":\"\",\"visible\":false,\"editable\":true},\"list\":{\"label\":\"provider\",\"searchable\":true,\"sortable\":true}},\"password\":{\"edit\":{\"label\":\"password\",\"description\":\"\",\"placeholder\":\"\",\"visible\":true,\"editable\":true},\"list\":{\"label\":\"password\",\"searchable\":true,\"sortable\":true}},\"resetPasswordToken\":{\"edit\":{\"label\":\"resetPasswordToken\",\"description\":\"\",\"placeholder\":\"\",\"visible\":false,\"editable\":true},\"list\":{\"label\":\"resetPasswordToken\",\"searchable\":true,\"sortable\":true}},\"confirmationToken\":{\"edit\":{\"label\":\"confirmationToken\",\"description\":\"\",\"placeholder\":\"\",\"visible\":false,\"editable\":true},\"list\":{\"label\":\"confirmationToken\",\"searchable\":true,\"sortable\":true}},\"confirmed\":{\"edit\":{\"label\":\"confirmed\",\"description\":\"\",\"placeholder\":\"\",\"visible\":true,\"editable\":true},\"list\":{\"label\":\"confirmed\",\"searchable\":true,\"sortable\":true}},\"blocked\":{\"edit\":{\"label\":\"blocked\",\"description\":\"\",\"placeholder\":\"\",\"visible\":true,\"editable\":true},\"list\":{\"label\":\"blocked\",\"searchable\":true,\"sortable\":true}},\"role\":{\"edit\":{\"label\":\"role\",\"description\":\"\",\"placeholder\":\"\",\"visible\":true,\"editable\":true,\"mainField\":\"name\"},\"list\":{\"label\":\"role\",\"searchable\":true,\"sortable\":true}},\"cel\":{\"edit\":{\"label\":\"cel\",\"description\":\"\",\"placeholder\":\"\",\"visible\":true,\"editable\":true},\"list\":{\"label\":\"cel\",\"searchable\":true,\"sortable\":true}},\"interval\":{\"edit\":{\"label\":\"interval\",\"description\":\"\",\"placeholder\":\"\",\"visible\":true,\"editable\":true},\"list\":{\"label\":\"interval\",\"searchable\":true,\"sortable\":true}},\"sell_products\":{\"edit\":{\"label\":\"sell_products\",\"description\":\"\",\"placeholder\":\"\",\"visible\":true,\"editable\":true,\"mainField\":\"methodPaid\"},\"list\":{\"label\":\"sell_products\",\"searchable\":false,\"sortable\":false}},\"createdAt\":{\"edit\":{\"label\":\"createdAt\",\"description\":\"\",\"placeholder\":\"\",\"visible\":false,\"editable\":true},\"list\":{\"label\":\"createdAt\",\"searchable\":true,\"sortable\":true}},\"updatedAt\":{\"edit\":{\"label\":\"updatedAt\",\"description\":\"\",\"placeholder\":\"\",\"visible\":false,\"editable\":true},\"list\":{\"label\":\"updatedAt\",\"searchable\":true,\"sortable\":true}},\"createdBy\":{\"edit\":{\"label\":\"createdBy\",\"description\":\"\",\"placeholder\":\"\",\"visible\":false,\"editable\":true,\"mainField\":\"firstname\"},\"list\":{\"label\":\"createdBy\",\"searchable\":true,\"sortable\":true}},\"updatedBy\":{\"edit\":{\"label\":\"updatedBy\",\"description\":\"\",\"placeholder\":\"\",\"visible\":false,\"editable\":true,\"mainField\":\"firstname\"},\"list\":{\"label\":\"updatedBy\",\"searchable\":true,\"sortable\":true}}},\"layouts\":{\"list\":[\"id\",\"username\",\"email\",\"confirmed\"],\"edit\":[[{\"name\":\"username\",\"size\":6},{\"name\":\"email\",\"size\":6}],[{\"name\":\"password\",\"size\":6},{\"name\":\"confirmed\",\"size\":4}],[{\"name\":\"blocked\",\"size\":4},{\"name\":\"role\",\"size\":6}],[{\"name\":\"cel\",\"size\":6}],[{\"name\":\"interval\",\"size\":6},{\"name\":\"sell_products\",\"size\":6}]]},\"uid\":\"plugin::users-permissions.user\"}','object',NULL,NULL),(19,'plugin_upload_settings','{\"sizeOptimization\":true,\"responsiveDimensions\":true,\"autoOrientation\":false}','object',NULL,NULL),(20,'plugin_upload_view_configuration','{\"pageSize\":10,\"sort\":\"createdAt:DESC\"}','object',NULL,NULL),(21,'plugin_upload_metrics','{\"weeklySchedule\":\"58 6 23 * * 2\",\"lastWeeklyUpdate\":1733267218057}','object',NULL,NULL),(22,'plugin_i18n_default_locale','\"en\"','string',NULL,NULL),(23,'plugin_users-permissions_grant','{\"email\":{\"icon\":\"envelope\",\"enabled\":true},\"discord\":{\"icon\":\"discord\",\"enabled\":false,\"key\":\"\",\"secret\":\"\",\"callbackUrl\":\"api/v1/auth/discord/callback\",\"scope\":[\"identify\",\"email\"]},\"facebook\":{\"icon\":\"facebook-square\",\"enabled\":false,\"key\":\"\",\"secret\":\"\",\"callbackUrl\":\"api/v1/auth/facebook/callback\",\"scope\":[\"email\"]},\"google\":{\"icon\":\"google\",\"enabled\":false,\"key\":\"\",\"secret\":\"\",\"callbackUrl\":\"api/v1/auth/google/callback\",\"scope\":[\"email\"]},\"github\":{\"icon\":\"github\",\"enabled\":false,\"key\":\"\",\"secret\":\"\",\"callbackUrl\":\"api/v1/auth/github/callback\",\"scope\":[\"user\",\"user:email\"]},\"microsoft\":{\"icon\":\"windows\",\"enabled\":false,\"key\":\"\",\"secret\":\"\",\"callbackUrl\":\"api/v1/auth/microsoft/callback\",\"scope\":[\"user.read\"]},\"twitter\":{\"icon\":\"twitter\",\"enabled\":false,\"key\":\"\",\"secret\":\"\",\"callbackUrl\":\"api/v1/auth/twitter/callback\"},\"instagram\":{\"icon\":\"instagram\",\"enabled\":false,\"key\":\"\",\"secret\":\"\",\"callbackUrl\":\"api/v1/auth/instagram/callback\",\"scope\":[\"user_profile\"]},\"vk\":{\"icon\":\"vk\",\"enabled\":false,\"key\":\"\",\"secret\":\"\",\"callbackUrl\":\"api/v1/auth/vk/callback\",\"scope\":[\"email\"]},\"twitch\":{\"icon\":\"twitch\",\"enabled\":false,\"key\":\"\",\"secret\":\"\",\"callbackUrl\":\"api/v1/auth/twitch/callback\",\"scope\":[\"user:read:email\"]},\"linkedin\":{\"icon\":\"linkedin\",\"enabled\":false,\"key\":\"\",\"secret\":\"\",\"callbackUrl\":\"api/v1/auth/linkedin/callback\",\"scope\":[\"r_liteprofile\",\"r_emailaddress\"]},\"cognito\":{\"icon\":\"aws\",\"enabled\":false,\"key\":\"\",\"secret\":\"\",\"subdomain\":\"my.subdomain.com\",\"callback\":\"api/v1/auth/cognito/callback\",\"scope\":[\"email\",\"openid\",\"profile\"]},\"reddit\":{\"icon\":\"reddit\",\"enabled\":false,\"key\":\"\",\"secret\":\"\",\"callback\":\"api/v1/auth/reddit/callback\",\"scope\":[\"identity\"]},\"auth0\":{\"icon\":\"\",\"enabled\":false,\"key\":\"\",\"secret\":\"\",\"subdomain\":\"my-tenant.eu\",\"callback\":\"api/v1/auth/auth0/callback\",\"scope\":[\"openid\",\"email\",\"profile\"]},\"cas\":{\"icon\":\"book\",\"enabled\":false,\"key\":\"\",\"secret\":\"\",\"callback\":\"api/v1/auth/cas/callback\",\"scope\":[\"openid email\"],\"subdomain\":\"my.subdomain.com/cas\"},\"patreon\":{\"icon\":\"\",\"enabled\":false,\"key\":\"\",\"secret\":\"\",\"callback\":\"api/v1/auth/patreon/callback\",\"scope\":[\"identity\",\"identity[email]\"]},\"keycloack\":{\"icon\":\"\",\"enabled\":false,\"key\":\"\",\"secret\":\"\",\"subdomain\":\"myKeycloakProvider.com/realms/myrealm\",\"callback\":\"api/v1/auth/keycloak/callback\",\"scope\":[\"openid\",\"email\",\"profile\"]}}','object',NULL,NULL),(24,'plugin_users-permissions_email','{\"reset_password\":{\"display\":\"Email.template.reset_password\",\"icon\":\"sync\",\"options\":{\"from\":{\"name\":\"Administration Panel\",\"email\":\"no-reply@strapi.io\"},\"response_email\":\"\",\"object\":\"Reset password\",\"message\":\"<p>We heard that you lost your password. Sorry about that!</p>\\n\\n<p>But don뗪 worry! You can use the following link to reset your password:</p>\\n<p><%= URL %>?code=<%= TOKEN %></p>\\n\\n<p>Thanks.</p>\"}},\"email_confirmation\":{\"display\":\"Email.template.email_confirmation\",\"icon\":\"check-square\",\"options\":{\"from\":{\"name\":\"Administration Panel\",\"email\":\"no-reply@strapi.io\"},\"response_email\":\"\",\"object\":\"Account confirmation\",\"message\":\"<p>Thank you for registering!</p>\\n\\n<p>You have to confirm your email address. Please click on the link below.</p>\\n\\n<p><%= URL %>?confirmation=<%= CODE %></p>\\n\\n<p>Thanks.</p>\"}}}','object',NULL,NULL),(25,'plugin_users-permissions_advanced','{\"unique_email\":true,\"allow_register\":true,\"email_confirmation\":false,\"email_reset_password\":null,\"email_confirmation_redirection\":null,\"default_role\":\"authenticated\"}','object',NULL,NULL),(26,'core_admin_auth','{\"providers\":{\"autoRegister\":false,\"defaultRole\":null,\"ssoLockedRoles\":null}}','object',NULL,NULL),(30,'plugin_content_manager_configuration_content_types::api::category.category','{\"settings\":{\"bulkable\":true,\"filterable\":true,\"searchable\":true,\"pageSize\":10,\"mainField\":\"name\",\"defaultSortBy\":\"name\",\"defaultSortOrder\":\"ASC\"},\"metadatas\":{\"id\":{\"edit\":{},\"list\":{\"label\":\"id\",\"searchable\":true,\"sortable\":true}},\"name\":{\"edit\":{\"label\":\"name\",\"description\":\"\",\"placeholder\":\"\",\"visible\":true,\"editable\":true},\"list\":{\"label\":\"name\",\"searchable\":true,\"sortable\":true}},\"banner\":{\"edit\":{\"label\":\"banner\",\"description\":\"\",\"placeholder\":\"\",\"visible\":true,\"editable\":true},\"list\":{\"label\":\"banner\",\"searchable\":false,\"sortable\":false}},\"description\":{\"edit\":{\"label\":\"description\",\"description\":\"\",\"placeholder\":\"\",\"visible\":true,\"editable\":true},\"list\":{\"label\":\"description\",\"searchable\":true,\"sortable\":true}},\"product\":{\"edit\":{\"label\":\"product\",\"description\":\"\",\"placeholder\":\"\",\"visible\":true,\"editable\":true,\"mainField\":\"name\"},\"list\":{\"label\":\"product\",\"searchable\":true,\"sortable\":true}},\"slug\":{\"edit\":{\"label\":\"slug\",\"description\":\"\",\"placeholder\":\"\",\"visible\":true,\"editable\":true},\"list\":{\"label\":\"slug\",\"searchable\":true,\"sortable\":true}},\"category\":{\"edit\":{\"label\":\"category\",\"description\":\"\",\"placeholder\":\"\",\"visible\":true,\"editable\":true,\"mainField\":\"name\"},\"list\":{\"label\":\"category\",\"searchable\":true,\"sortable\":true}},\"createdAt\":{\"edit\":{\"label\":\"createdAt\",\"description\":\"\",\"placeholder\":\"\",\"visible\":false,\"editable\":true},\"list\":{\"label\":\"createdAt\",\"searchable\":true,\"sortable\":true}},\"updatedAt\":{\"edit\":{\"label\":\"updatedAt\",\"description\":\"\",\"placeholder\":\"\",\"visible\":false,\"editable\":true},\"list\":{\"label\":\"updatedAt\",\"searchable\":true,\"sortable\":true}},\"createdBy\":{\"edit\":{\"label\":\"createdBy\",\"description\":\"\",\"placeholder\":\"\",\"visible\":false,\"editable\":true,\"mainField\":\"firstname\"},\"list\":{\"label\":\"createdBy\",\"searchable\":true,\"sortable\":true}},\"updatedBy\":{\"edit\":{\"label\":\"updatedBy\",\"description\":\"\",\"placeholder\":\"\",\"visible\":false,\"editable\":true,\"mainField\":\"firstname\"},\"list\":{\"label\":\"updatedBy\",\"searchable\":true,\"sortable\":true}}},\"layouts\":{\"list\":[\"id\",\"name\",\"banner\",\"createdAt\"],\"edit\":[[{\"name\":\"name\",\"size\":6},{\"name\":\"banner\",\"size\":6}],[{\"name\":\"description\",\"size\":6},{\"name\":\"product\",\"size\":6}],[{\"name\":\"slug\",\"size\":6},{\"name\":\"category\",\"size\":6}]]},\"uid\":\"api::category.category\"}','object',NULL,NULL),(31,'plugin_content_manager_configuration_content_types::api::product.product','{\"settings\":{\"bulkable\":true,\"filterable\":true,\"searchable\":true,\"pageSize\":10,\"mainField\":\"name\",\"defaultSortBy\":\"name\",\"defaultSortOrder\":\"ASC\"},\"metadatas\":{\"id\":{\"edit\":{},\"list\":{\"label\":\"id\",\"searchable\":true,\"sortable\":true}},\"name\":{\"edit\":{\"label\":\"name\",\"description\":\"\",\"placeholder\":\"\",\"visible\":true,\"editable\":true},\"list\":{\"label\":\"name\",\"searchable\":true,\"sortable\":true}},\"slug\":{\"edit\":{\"label\":\"slug\",\"description\":\"\",\"placeholder\":\"\",\"visible\":true,\"editable\":true},\"list\":{\"label\":\"slug\",\"searchable\":true,\"sortable\":true}},\"media\":{\"edit\":{\"label\":\"media\",\"description\":\"\",\"placeholder\":\"\",\"visible\":true,\"editable\":true},\"list\":{\"label\":\"media\",\"searchable\":false,\"sortable\":false}},\"price\":{\"edit\":{\"label\":\"price\",\"description\":\"\",\"placeholder\":\"\",\"visible\":true,\"editable\":true},\"list\":{\"label\":\"price\",\"searchable\":true,\"sortable\":true}},\"description\":{\"edit\":{\"label\":\"description\",\"description\":\"\",\"placeholder\":\"\",\"visible\":true,\"editable\":true},\"list\":{\"label\":\"description\",\"searchable\":false,\"sortable\":false}},\"quantity\":{\"edit\":{\"label\":\"quantity\",\"description\":\"\",\"placeholder\":\"\",\"visible\":true,\"editable\":true},\"list\":{\"label\":\"quantity\",\"searchable\":true,\"sortable\":true}},\"discount\":{\"edit\":{\"label\":\"discount\",\"description\":\"\",\"placeholder\":\"\",\"visible\":true,\"editable\":true},\"list\":{\"label\":\"discount\",\"searchable\":true,\"sortable\":true}},\"categories\":{\"edit\":{\"label\":\"categories\",\"description\":\"\",\"placeholder\":\"\",\"visible\":true,\"editable\":true,\"mainField\":\"name\"},\"list\":{\"label\":\"categories\",\"searchable\":false,\"sortable\":false}},\"like\":{\"edit\":{\"label\":\"like\",\"description\":\"\",\"placeholder\":\"\",\"visible\":true,\"editable\":true},\"list\":{\"label\":\"like\",\"searchable\":true,\"sortable\":true}},\"createdAt\":{\"edit\":{\"label\":\"createdAt\",\"description\":\"\",\"placeholder\":\"\",\"visible\":false,\"editable\":true},\"list\":{\"label\":\"createdAt\",\"searchable\":true,\"sortable\":true}},\"updatedAt\":{\"edit\":{\"label\":\"updatedAt\",\"description\":\"\",\"placeholder\":\"\",\"visible\":false,\"editable\":true},\"list\":{\"label\":\"updatedAt\",\"searchable\":true,\"sortable\":true}},\"createdBy\":{\"edit\":{\"label\":\"createdBy\",\"description\":\"\",\"placeholder\":\"\",\"visible\":false,\"editable\":true,\"mainField\":\"firstname\"},\"list\":{\"label\":\"createdBy\",\"searchable\":true,\"sortable\":true}},\"updatedBy\":{\"edit\":{\"label\":\"updatedBy\",\"description\":\"\",\"placeholder\":\"\",\"visible\":false,\"editable\":true,\"mainField\":\"firstname\"},\"list\":{\"label\":\"updatedBy\",\"searchable\":true,\"sortable\":true}}},\"layouts\":{\"list\":[\"id\",\"name\",\"slug\",\"media\"],\"edit\":[[{\"name\":\"name\",\"size\":6},{\"name\":\"slug\",\"size\":6}],[{\"name\":\"media\",\"size\":6},{\"name\":\"price\",\"size\":4}],[{\"name\":\"description\",\"size\":12}],[{\"name\":\"quantity\",\"size\":4},{\"name\":\"discount\",\"size\":4}],[{\"name\":\"categories\",\"size\":6},{\"name\":\"like\",\"size\":4}]]},\"uid\":\"api::product.product\"}','object',NULL,NULL),(32,'plugin_content_manager_configuration_content_types::api::list-ip.list-ip','{\"settings\":{\"bulkable\":true,\"filterable\":true,\"searchable\":true,\"pageSize\":10,\"mainField\":\"ip\",\"defaultSortBy\":\"ip\",\"defaultSortOrder\":\"ASC\"},\"metadatas\":{\"id\":{\"edit\":{},\"list\":{\"label\":\"id\",\"searchable\":true,\"sortable\":true}},\"ip\":{\"edit\":{\"label\":\"ip\",\"description\":\"\",\"placeholder\":\"\",\"visible\":true,\"editable\":true},\"list\":{\"label\":\"ip\",\"searchable\":true,\"sortable\":true}},\"blocked\":{\"edit\":{\"label\":\"blocked\",\"description\":\"\",\"placeholder\":\"\",\"visible\":true,\"editable\":true},\"list\":{\"label\":\"blocked\",\"searchable\":true,\"sortable\":true}},\"attemps\":{\"edit\":{\"label\":\"attemps\",\"description\":\"\",\"placeholder\":\"\",\"visible\":true,\"editable\":true},\"list\":{\"label\":\"attemps\",\"searchable\":true,\"sortable\":true}},\"createdAt\":{\"edit\":{\"label\":\"createdAt\",\"description\":\"\",\"placeholder\":\"\",\"visible\":false,\"editable\":true},\"list\":{\"label\":\"createdAt\",\"searchable\":true,\"sortable\":true}},\"updatedAt\":{\"edit\":{\"label\":\"updatedAt\",\"description\":\"\",\"placeholder\":\"\",\"visible\":false,\"editable\":true},\"list\":{\"label\":\"updatedAt\",\"searchable\":true,\"sortable\":true}},\"createdBy\":{\"edit\":{\"label\":\"createdBy\",\"description\":\"\",\"placeholder\":\"\",\"visible\":false,\"editable\":true,\"mainField\":\"firstname\"},\"list\":{\"label\":\"createdBy\",\"searchable\":true,\"sortable\":true}},\"updatedBy\":{\"edit\":{\"label\":\"updatedBy\",\"description\":\"\",\"placeholder\":\"\",\"visible\":false,\"editable\":true,\"mainField\":\"firstname\"},\"list\":{\"label\":\"updatedBy\",\"searchable\":true,\"sortable\":true}}},\"layouts\":{\"list\":[\"id\",\"ip\",\"blocked\",\"attemps\"],\"edit\":[[{\"name\":\"ip\",\"size\":6},{\"name\":\"blocked\",\"size\":6}],[{\"name\":\"attemps\",\"size\":6}]]},\"uid\":\"api::list-ip.list-ip\"}','object',NULL,NULL),(33,'plugin_content_manager_configuration_content_types::api::sell-product.sell-product','{\"settings\":{\"bulkable\":true,\"filterable\":true,\"searchable\":true,\"pageSize\":10,\"mainField\":\"methodPaid\",\"defaultSortBy\":\"methodPaid\",\"defaultSortOrder\":\"ASC\"},\"metadatas\":{\"id\":{\"edit\":{},\"list\":{\"label\":\"id\",\"searchable\":true,\"sortable\":true}},\"totalSell\":{\"edit\":{\"label\":\"totalSell\",\"description\":\"\",\"placeholder\":\"\",\"visible\":true,\"editable\":true},\"list\":{\"label\":\"totalSell\",\"searchable\":true,\"sortable\":true}},\"products\":{\"edit\":{\"label\":\"products\",\"description\":\"\",\"placeholder\":\"\",\"visible\":true,\"editable\":true,\"mainField\":\"name\"},\"list\":{\"label\":\"products\",\"searchable\":false,\"sortable\":false}},\"methodPaid\":{\"edit\":{\"label\":\"methodPaid\",\"description\":\"\",\"placeholder\":\"\",\"visible\":true,\"editable\":true},\"list\":{\"label\":\"methodPaid\",\"searchable\":true,\"sortable\":true}},\"selled\":{\"edit\":{\"label\":\"selled\",\"description\":\"\",\"placeholder\":\"\",\"visible\":true,\"editable\":true},\"list\":{\"label\":\"selled\",\"searchable\":true,\"sortable\":true}},\"address\":{\"edit\":{\"label\":\"address\",\"description\":\"\",\"placeholder\":\"\",\"visible\":true,\"editable\":true},\"list\":{\"label\":\"address\",\"searchable\":true,\"sortable\":true}},\"adicionaldata\":{\"edit\":{\"label\":\"adicionaldata\",\"description\":\"\",\"placeholder\":\"\",\"visible\":true,\"editable\":true},\"list\":{\"label\":\"adicionaldata\",\"searchable\":false,\"sortable\":false}},\"contact\":{\"edit\":{\"label\":\"contact\",\"description\":\"\",\"placeholder\":\"\",\"visible\":true,\"editable\":true},\"list\":{\"label\":\"contact\",\"searchable\":true,\"sortable\":true}},\"date_delivery\":{\"edit\":{\"label\":\"date_delivery\",\"description\":\"\",\"placeholder\":\"\",\"visible\":true,\"editable\":true},\"list\":{\"label\":\"date_delivery\",\"searchable\":true,\"sortable\":true}},\"hour_delivery\":{\"edit\":{\"label\":\"hour_delivery\",\"description\":\"\",\"placeholder\":\"\",\"visible\":true,\"editable\":true},\"list\":{\"label\":\"hour_delivery\",\"searchable\":true,\"sortable\":true}},\"users_permissions_user\":{\"edit\":{\"label\":\"users_permissions_user\",\"description\":\"\",\"placeholder\":\"\",\"visible\":true,\"editable\":true,\"mainField\":\"username\"},\"list\":{\"label\":\"users_permissions_user\",\"searchable\":true,\"sortable\":true}},\"createdAt\":{\"edit\":{\"label\":\"createdAt\",\"description\":\"\",\"placeholder\":\"\",\"visible\":false,\"editable\":true},\"list\":{\"label\":\"createdAt\",\"searchable\":true,\"sortable\":true}},\"updatedAt\":{\"edit\":{\"label\":\"updatedAt\",\"description\":\"\",\"placeholder\":\"\",\"visible\":false,\"editable\":true},\"list\":{\"label\":\"updatedAt\",\"searchable\":true,\"sortable\":true}},\"createdBy\":{\"edit\":{\"label\":\"createdBy\",\"description\":\"\",\"placeholder\":\"\",\"visible\":false,\"editable\":true,\"mainField\":\"firstname\"},\"list\":{\"label\":\"createdBy\",\"searchable\":true,\"sortable\":true}},\"updatedBy\":{\"edit\":{\"label\":\"updatedBy\",\"description\":\"\",\"placeholder\":\"\",\"visible\":false,\"editable\":true,\"mainField\":\"firstname\"},\"list\":{\"label\":\"updatedBy\",\"searchable\":true,\"sortable\":true}}},\"layouts\":{\"list\":[\"id\",\"totalSell\",\"products\",\"methodPaid\"],\"edit\":[[{\"name\":\"totalSell\",\"size\":4},{\"name\":\"products\",\"size\":6}],[{\"name\":\"methodPaid\",\"size\":6},{\"name\":\"selled\",\"size\":4}],[{\"name\":\"address\",\"size\":6}],[{\"name\":\"adicionaldata\",\"size\":12}],[{\"name\":\"contact\",\"size\":6},{\"name\":\"date_delivery\",\"size\":6}],[{\"name\":\"hour_delivery\",\"size\":6},{\"name\":\"users_permissions_user\",\"size\":6}]]},\"uid\":\"api::sell-product.sell-product\"}','object',NULL,NULL);
/*!40000 ALTER TABLE `strapi_core_store_settings` ENABLE KEYS */;
UNLOCK TABLES;

--
-- Table structure for table `strapi_database_schema`
--

DROP TABLE IF EXISTS `strapi_database_schema`;
/*!40101 SET @saved_cs_client     = @@character_set_client */;
/*!50503 SET character_set_client = utf8mb4 */;
CREATE TABLE `strapi_database_schema` (
  `id` int unsigned NOT NULL AUTO_INCREMENT,
  `schema` json DEFAULT NULL,
  `time` datetime DEFAULT NULL,
  `hash` varchar(255) DEFAULT NULL,
  PRIMARY KEY (`id`)
) ENGINE=InnoDB AUTO_INCREMENT=22 DEFAULT CHARSET=utf8mb4 COLLATE=utf8mb4_0900_ai_ci;
/*!40101 SET character_set_client = @saved_cs_client */;

--
-- Dumping data for table `strapi_database_schema`
--

LOCK TABLES `strapi_database_schema` WRITE;
/*!40000 ALTER TABLE `strapi_database_schema` DISABLE KEYS */;
INSERT INTO `strapi_database_schema` VALUES (21,'{\"tables\": [{\"name\": \"files\", \"columns\": [{\"args\": [{\"primary\": true, \"primaryKey\": true}], \"name\": \"id\", \"type\": \"increments\", \"unsigned\": false, \"defaultTo\": null, \"notNullable\": true}, {\"args\": [], \"name\": \"document_id\", \"type\": \"string\", \"unsigned\": false, \"defaultTo\": null, \"notNullable\": false}, {\"args\": [], \"name\": \"name\", \"type\": \"string\", \"unsigned\": false, \"defaultTo\": null, \"notNullable\": false}, {\"args\": [], \"name\": \"alternative_text\", \"type\": \"string\", \"unsigned\": false, \"defaultTo\": null, \"notNullable\": false}, {\"args\": [], \"name\": \"caption\", \"type\": \"string\", \"unsigned\": false, \"defaultTo\": null, \"notNullable\": false}, {\"args\": [], \"name\": \"width\", \"type\": \"integer\", \"unsigned\": false, \"defaultTo\": null, \"notNullable\": false}, {\"args\": [], \"name\": \"height\", \"type\": \"integer\", \"unsigned\": false, \"defaultTo\": null, \"notNullable\": false}, {\"args\": [], \"name\": \"formats\", \"type\": \"jsonb\", \"unsigned\": false, \"defaultTo\": null, \"notNullable\": false}, {\"args\": [], \"name\": \"hash\", \"type\": \"string\", \"unsigned\": false, \"defaultTo\": null, \"notNullable\": false}, {\"args\": [], \"name\": \"ext\", \"type\": \"string\", \"unsigned\": false, \"defaultTo\": null, \"notNullable\": false}, {\"args\": [], \"name\": \"mime\", \"type\": \"string\", \"unsigned\": false, \"defaultTo\": null, \"notNullable\": false}, {\"args\": [10, 2], \"name\": \"size\", \"type\": \"decimal\", \"unsigned\": false, \"defaultTo\": null, \"notNullable\": false}, {\"args\": [], \"name\": \"url\", \"type\": \"string\", \"unsigned\": false, \"defaultTo\": null, \"notNullable\": false}, {\"args\": [], \"name\": \"preview_url\", \"type\": \"string\", \"unsigned\": false, \"defaultTo\": null, \"notNullable\": false}, {\"args\": [], \"name\": \"provider\", \"type\": \"string\", \"unsigned\": false, \"defaultTo\": null, \"notNullable\": false}, {\"args\": [], \"name\": \"provider_metadata\", \"type\": \"jsonb\", \"unsigned\": false, \"defaultTo\": null, \"notNullable\": false}, {\"args\": [], \"name\": \"folder_path\", \"type\": \"string\", \"unsigned\": false, \"defaultTo\": null, \"notNullable\": false}, {\"args\": [{\"useTz\": false, \"precision\": 6}], \"name\": \"created_at\", \"type\": \"datetime\", \"unsigned\": false, \"defaultTo\": null, \"notNullable\": false}, {\"args\": [{\"useTz\": false, \"precision\": 6}], \"name\": \"updated_at\", \"type\": \"datetime\", \"unsigned\": false, \"defaultTo\": null, \"notNullable\": false}, {\"args\": [{\"useTz\": false, \"precision\": 6}], \"name\": \"published_at\", \"type\": \"datetime\", \"unsigned\": false, \"defaultTo\": null, \"notNullable\": false}, {\"args\": [], \"name\": \"created_by_id\", \"type\": \"integer\", \"unsigned\": true, \"defaultTo\": null, \"notNullable\": false}, {\"args\": [], \"name\": \"updated_by_id\", \"type\": \"integer\", \"unsigned\": true, \"defaultTo\": null, \"notNullable\": false}, {\"args\": [], \"name\": \"locale\", \"type\": \"string\", \"unsigned\": false, \"defaultTo\": null, \"notNullable\": false}], \"indexes\": [{\"name\": \"upload_files_folder_path_index\", \"type\": null, \"columns\": [\"folder_path\"]}, {\"name\": \"upload_files_created_at_index\", \"type\": null, \"columns\": [\"created_at\"]}, {\"name\": \"upload_files_updated_at_index\", \"type\": null, \"columns\": [\"updated_at\"]}, {\"name\": \"upload_files_name_index\", \"type\": null, \"columns\": [\"name\"]}, {\"name\": \"upload_files_size_index\", \"type\": null, \"columns\": [\"size\"]}, {\"name\": \"upload_files_ext_index\", \"type\": null, \"columns\": [\"ext\"]}, {\"name\": \"files_documents_idx\", \"columns\": [\"document_id\", \"locale\", \"published_at\"]}, {\"name\": \"files_created_by_id_fk\", \"columns\": [\"created_by_id\"]}, {\"name\": \"files_updated_by_id_fk\", \"columns\": [\"updated_by_id\"]}], \"foreignKeys\": [{\"name\": \"files_created_by_id_fk\", \"columns\": [\"created_by_id\"], \"onDelete\": \"SET NULL\", \"referencedTable\": \"admin_users\", \"referencedColumns\": [\"id\"]}, {\"name\": \"files_updated_by_id_fk\", \"columns\": [\"updated_by_id\"], \"onDelete\": \"SET NULL\", \"referencedTable\": \"admin_users\", \"referencedColumns\": [\"id\"]}]}, {\"name\": \"upload_folders\", \"columns\": [{\"args\": [{\"primary\": true, \"primaryKey\": true}], \"name\": \"id\", \"type\": \"increments\", \"unsigned\": false, \"defaultTo\": null, \"notNullable\": true}, {\"args\": [], \"name\": \"document_id\", \"type\": \"string\", \"unsigned\": false, \"defaultTo\": null, \"notNullable\": false}, {\"args\": [], \"name\": \"name\", \"type\": \"string\", \"unsigned\": false, \"defaultTo\": null, \"notNullable\": false}, {\"args\": [], \"name\": \"path_id\", \"type\": \"integer\", \"unsigned\": false, \"defaultTo\": null, \"notNullable\": false}, {\"args\": [], \"name\": \"path\", \"type\": \"string\", \"unsigned\": false, \"defaultTo\": null, \"notNullable\": false}, {\"args\": [{\"useTz\": false, \"precision\": 6}], \"name\": \"created_at\", \"type\": \"datetime\", \"unsigned\": false, \"defaultTo\": null, \"notNullable\": false}, {\"args\": [{\"useTz\": false, \"precision\": 6}], \"name\": \"updated_at\", \"type\": \"datetime\", \"unsigned\": false, \"defaultTo\": null, \"notNullable\": false}, {\"args\": [{\"useTz\": false, \"precision\": 6}], \"name\": \"published_at\", \"type\": \"datetime\", \"unsigned\": false, \"defaultTo\": null, \"notNullable\": false}, {\"args\": [], \"name\": \"created_by_id\", \"type\": \"integer\", \"unsigned\": true, \"defaultTo\": null, \"notNullable\": false}, {\"args\": [], \"name\": \"updated_by_id\", \"type\": \"integer\", \"unsigned\": true, \"defaultTo\": null, \"notNullable\": false}, {\"args\": [], \"name\": \"locale\", \"type\": \"string\", \"unsigned\": false, \"defaultTo\": null, \"notNullable\": false}], \"indexes\": [{\"name\": \"upload_folders_path_id_index\", \"type\": \"unique\", \"columns\": [\"path_id\"]}, {\"name\": \"upload_folders_path_index\", \"type\": \"unique\", \"columns\": [\"path\"]}, {\"name\": \"upload_folders_documents_idx\", \"columns\": [\"document_id\", \"locale\", \"published_at\"]}, {\"name\": \"upload_folders_created_by_id_fk\", \"columns\": [\"created_by_id\"]}, {\"name\": \"upload_folders_updated_by_id_fk\", \"columns\": [\"updated_by_id\"]}], \"foreignKeys\": [{\"name\": \"upload_folders_created_by_id_fk\", \"columns\": [\"created_by_id\"], \"onDelete\": \"SET NULL\", \"referencedTable\": \"admin_users\", \"referencedColumns\": [\"id\"]}, {\"name\": \"upload_folders_updated_by_id_fk\", \"columns\": [\"updated_by_id\"], \"onDelete\": \"SET NULL\", \"referencedTable\": \"admin_users\", \"referencedColumns\": [\"id\"]}]}, {\"name\": \"i18n_locale\", \"columns\": [{\"args\": [{\"primary\": true, \"primaryKey\": true}], \"name\": \"id\", \"type\": \"increments\", \"unsigned\": false, \"defaultTo\": null, \"notNullable\": true}, {\"args\": [], \"name\": \"document_id\", \"type\": \"string\", \"unsigned\": false, \"defaultTo\": null, \"notNullable\": false}, {\"args\": [], \"name\": \"name\", \"type\": \"string\", \"unsigned\": false, \"defaultTo\": null, \"notNullable\": false}, {\"args\": [], \"name\": \"code\", \"type\": \"string\", \"unsigned\": false, \"defaultTo\": null, \"notNullable\": false}, {\"args\": [{\"useTz\": false, \"precision\": 6}], \"name\": \"created_at\", \"type\": \"datetime\", \"unsigned\": false, \"defaultTo\": null, \"notNullable\": false}, {\"args\": [{\"useTz\": false, \"precision\": 6}], \"name\": \"updated_at\", \"type\": \"datetime\", \"unsigned\": false, \"defaultTo\": null, \"notNullable\": false}, {\"args\": [{\"useTz\": false, \"precision\": 6}], \"name\": \"published_at\", \"type\": \"datetime\", \"unsigned\": false, \"defaultTo\": null, \"notNullable\": false}, {\"args\": [], \"name\": \"created_by_id\", \"type\": \"integer\", \"unsigned\": true, \"defaultTo\": null, \"notNullable\": false}, {\"args\": [], \"name\": \"updated_by_id\", \"type\": \"integer\", \"unsigned\": true, \"defaultTo\": null, \"notNullable\": false}, {\"args\": [], \"name\": \"locale\", \"type\": \"string\", \"unsigned\": false, \"defaultTo\": null, \"notNullable\": false}], \"indexes\": [{\"name\": \"i18n_locale_documents_idx\", \"columns\": [\"document_id\", \"locale\", \"published_at\"]}, {\"name\": \"i18n_locale_created_by_id_fk\", \"columns\": [\"created_by_id\"]}, {\"name\": \"i18n_locale_updated_by_id_fk\", \"columns\": [\"updated_by_id\"]}], \"foreignKeys\": [{\"name\": \"i18n_locale_created_by_id_fk\", \"columns\": [\"created_by_id\"], \"onDelete\": \"SET NULL\", \"referencedTable\": \"admin_users\", \"referencedColumns\": [\"id\"]}, {\"name\": \"i18n_locale_updated_by_id_fk\", \"columns\": [\"updated_by_id\"], \"onDelete\": \"SET NULL\", \"referencedTable\": \"admin_users\", \"referencedColumns\": [\"id\"]}]}, {\"name\": \"strapi_releases\", \"columns\": [{\"args\": [{\"primary\": true, \"primaryKey\": true}], \"name\": \"id\", \"type\": \"increments\", \"unsigned\": false, \"defaultTo\": null, \"notNullable\": true}, {\"args\": [], \"name\": \"document_id\", \"type\": \"string\", \"unsigned\": false, \"defaultTo\": null, \"notNullable\": false}, {\"args\": [], \"name\": \"name\", \"type\": \"string\", \"unsigned\": false, \"defaultTo\": null, \"notNullable\": false}, {\"args\": [{\"useTz\": false, \"precision\": 6}], \"name\": \"released_at\", \"type\": \"datetime\", \"unsigned\": false, \"defaultTo\": null, \"notNullable\": false}, {\"args\": [{\"useTz\": false, \"precision\": 6}], \"name\": \"scheduled_at\", \"type\": \"datetime\", \"unsigned\": false, \"defaultTo\": null, \"notNullable\": false}, {\"args\": [], \"name\": \"timezone\", \"type\": \"string\", \"unsigned\": false, \"defaultTo\": null, \"notNullable\": false}, {\"args\": [], \"name\": \"status\", \"type\": \"string\", \"unsigned\": false, \"defaultTo\": null, \"notNullable\": false}, {\"args\": [{\"useTz\": false, \"precision\": 6}], \"name\": \"created_at\", \"type\": \"datetime\", \"unsigned\": false, \"defaultTo\": null, \"notNullable\": false}, {\"args\": [{\"useTz\": false, \"precision\": 6}], \"name\": \"updated_at\", \"type\": \"datetime\", \"unsigned\": false, \"defaultTo\": null, \"notNullable\": false}, {\"args\": [{\"useTz\": false, \"precision\": 6}], \"name\": \"published_at\", \"type\": \"datetime\", \"unsigned\": false, \"defaultTo\": null, \"notNullable\": false}, {\"args\": [], \"name\": \"created_by_id\", \"type\": \"integer\", \"unsigned\": true, \"defaultTo\": null, \"notNullable\": false}, {\"args\": [], \"name\": \"updated_by_id\", \"type\": \"integer\", \"unsigned\": true, \"defaultTo\": null, \"notNullable\": false}, {\"args\": [], \"name\": \"locale\", \"type\": \"string\", \"unsigned\": false, \"defaultTo\": null, \"notNullable\": false}], \"indexes\": [{\"name\": \"strapi_releases_documents_idx\", \"columns\": [\"document_id\", \"locale\", \"published_at\"]}, {\"name\": \"strapi_releases_created_by_id_fk\", \"columns\": [\"created_by_id\"]}, {\"name\": \"strapi_releases_updated_by_id_fk\", \"columns\": [\"updated_by_id\"]}], \"foreignKeys\": [{\"name\": \"strapi_releases_created_by_id_fk\", \"columns\": [\"created_by_id\"], \"onDelete\": \"SET NULL\", \"referencedTable\": \"admin_users\", \"referencedColumns\": [\"id\"]}, {\"name\": \"strapi_releases_updated_by_id_fk\", \"columns\": [\"updated_by_id\"], \"onDelete\": \"SET NULL\", \"referencedTable\": \"admin_users\", \"referencedColumns\": [\"id\"]}]}, {\"name\": \"strapi_release_actions\", \"columns\": [{\"args\": [{\"primary\": true, \"primaryKey\": true}], \"name\": \"id\", \"type\": \"increments\", \"unsigned\": false, \"defaultTo\": null, \"notNullable\": true}, {\"args\": [], \"name\": \"document_id\", \"type\": \"string\", \"unsigned\": false, \"defaultTo\": null, \"notNullable\": false}, {\"args\": [], \"name\": \"type\", \"type\": \"string\", \"unsigned\": false, \"defaultTo\": null, \"notNullable\": false}, {\"args\": [], \"name\": \"content_type\", \"type\": \"string\", \"unsigned\": false, \"defaultTo\": null, \"notNullable\": false}, {\"args\": [], \"name\": \"entry_document_id\", \"type\": \"string\", \"unsigned\": false, \"defaultTo\": null, \"notNullable\": false}, {\"args\": [], \"name\": \"locale\", \"type\": \"string\", \"unsigned\": false, \"defaultTo\": null, \"notNullable\": false}, {\"args\": [], \"name\": \"is_entry_valid\", \"type\": \"boolean\", \"unsigned\": false, \"defaultTo\": null, \"notNullable\": false}, {\"args\": [{\"useTz\": false, \"precision\": 6}], \"name\": \"created_at\", \"type\": \"datetime\", \"unsigned\": false, \"defaultTo\": null, \"notNullable\": false}, {\"args\": [{\"useTz\": false, \"precision\": 6}], \"name\": \"updated_at\", \"type\": \"datetime\", \"unsigned\": false, \"defaultTo\": null, \"notNullable\": false}, {\"args\": [{\"useTz\": false, \"precision\": 6}], \"name\": \"published_at\", \"type\": \"datetime\", \"unsigned\": false, \"defaultTo\": null, \"notNullable\": false}, {\"args\": [], \"name\": \"created_by_id\", \"type\": \"integer\", \"unsigned\": true, \"defaultTo\": null, \"notNullable\": false}, {\"args\": [], \"name\": \"updated_by_id\", \"type\": \"integer\", \"unsigned\": true, \"defaultTo\": null, \"notNullable\": false}], \"indexes\": [{\"name\": \"strapi_release_actions_documents_idx\", \"columns\": [\"document_id\", \"locale\", \"published_at\"]}, {\"name\": \"strapi_release_actions_created_by_id_fk\", \"columns\": [\"created_by_id\"]}, {\"name\": \"strapi_release_actions_updated_by_id_fk\", \"columns\": [\"updated_by_id\"]}], \"foreignKeys\": [{\"name\": \"strapi_release_actions_created_by_id_fk\", \"columns\": [\"created_by_id\"], \"onDelete\": \"SET NULL\", \"referencedTable\": \"admin_users\", \"referencedColumns\": [\"id\"]}, {\"name\": \"strapi_release_actions_updated_by_id_fk\", \"columns\": [\"updated_by_id\"], \"onDelete\": \"SET NULL\", \"referencedTable\": \"admin_users\", \"referencedColumns\": [\"id\"]}]}, {\"name\": \"strapi_workflows\", \"columns\": [{\"args\": [{\"primary\": true, \"primaryKey\": true}], \"name\": \"id\", \"type\": \"increments\", \"unsigned\": false, \"defaultTo\": null, \"notNullable\": true}, {\"args\": [], \"name\": \"document_id\", \"type\": \"string\", \"unsigned\": false, \"defaultTo\": null, \"notNullable\": false}, {\"args\": [], \"name\": \"name\", \"type\": \"string\", \"unsigned\": false, \"defaultTo\": null, \"notNullable\": false}, {\"args\": [], \"name\": \"content_types\", \"type\": \"jsonb\", \"unsigned\": false, \"defaultTo\": null, \"notNullable\": false}, {\"args\": [{\"useTz\": false, \"precision\": 6}], \"name\": \"created_at\", \"type\": \"datetime\", \"unsigned\": false, \"defaultTo\": null, \"notNullable\": false}, {\"args\": [{\"useTz\": false, \"precision\": 6}], \"name\": \"updated_at\", \"type\": \"datetime\", \"unsigned\": false, \"defaultTo\": null, \"notNullable\": false}, {\"args\": [{\"useTz\": false, \"precision\": 6}], \"name\": \"published_at\", \"type\": \"datetime\", \"unsigned\": false, \"defaultTo\": null, \"notNullable\": false}, {\"args\": [], \"name\": \"created_by_id\", \"type\": \"integer\", \"unsigned\": true, \"defaultTo\": null, \"notNullable\": false}, {\"args\": [], \"name\": \"updated_by_id\", \"type\": \"integer\", \"unsigned\": true, \"defaultTo\": null, \"notNullable\": false}, {\"args\": [], \"name\": \"locale\", \"type\": \"string\", \"unsigned\": false, \"defaultTo\": null, \"notNullable\": false}], \"indexes\": [{\"name\": \"strapi_workflows_documents_idx\", \"columns\": [\"document_id\", \"locale\", \"published_at\"]}, {\"name\": \"strapi_workflows_created_by_id_fk\", \"columns\": [\"created_by_id\"]}, {\"name\": \"strapi_workflows_updated_by_id_fk\", \"columns\": [\"updated_by_id\"]}], \"foreignKeys\": [{\"name\": \"strapi_workflows_created_by_id_fk\", \"columns\": [\"created_by_id\"], \"onDelete\": \"SET NULL\", \"referencedTable\": \"admin_users\", \"referencedColumns\": [\"id\"]}, {\"name\": \"strapi_workflows_updated_by_id_fk\", \"columns\": [\"updated_by_id\"], \"onDelete\": \"SET NULL\", \"referencedTable\": \"admin_users\", \"referencedColumns\": [\"id\"]}]}, {\"name\": \"strapi_workflows_stages\", \"columns\": [{\"args\": [{\"primary\": true, \"primaryKey\": true}], \"name\": \"id\", \"type\": \"increments\", \"unsigned\": false, \"defaultTo\": null, \"notNullable\": true}, {\"args\": [], \"name\": \"document_id\", \"type\": \"string\", \"unsigned\": false, \"defaultTo\": null, \"notNullable\": false}, {\"args\": [], \"name\": \"name\", \"type\": \"string\", \"unsigned\": false, \"defaultTo\": null, \"notNullable\": false}, {\"args\": [], \"name\": \"color\", \"type\": \"string\", \"unsigned\": false, \"defaultTo\": null, \"notNullable\": false}, {\"args\": [{\"useTz\": false, \"precision\": 6}], \"name\": \"created_at\", \"type\": \"datetime\", \"unsigned\": false, \"defaultTo\": null, \"notNullable\": false}, {\"args\": [{\"useTz\": false, \"precision\": 6}], \"name\": \"updated_at\", \"type\": \"datetime\", \"unsigned\": false, \"defaultTo\": null, \"notNullable\": false}, {\"args\": [{\"useTz\": false, \"precision\": 6}], \"name\": \"published_at\", \"type\": \"datetime\", \"unsigned\": false, \"defaultTo\": null, \"notNullable\": false}, {\"args\": [], \"name\": \"created_by_id\", \"type\": \"integer\", \"unsigned\": true, \"defaultTo\": null, \"notNullable\": false}, {\"args\": [], \"name\": \"updated_by_id\", \"type\": \"integer\", \"unsigned\": true, \"defaultTo\": null, \"notNullable\": false}, {\"args\": [], \"name\": \"locale\", \"type\": \"string\", \"unsigned\": false, \"defaultTo\": null, \"notNullable\": false}], \"indexes\": [{\"name\": \"strapi_workflows_stages_documents_idx\", \"columns\": [\"document_id\", \"locale\", \"published_at\"]}, {\"name\": \"strapi_workflows_stages_created_by_id_fk\", \"columns\": [\"created_by_id\"]}, {\"name\": \"strapi_workflows_stages_updated_by_id_fk\", \"columns\": [\"updated_by_id\"]}], \"foreignKeys\": [{\"name\": \"strapi_workflows_stages_created_by_id_fk\", \"columns\": [\"created_by_id\"], \"onDelete\": \"SET NULL\", \"referencedTable\": \"admin_users\", \"referencedColumns\": [\"id\"]}, {\"name\": \"strapi_workflows_stages_updated_by_id_fk\", \"columns\": [\"updated_by_id\"], \"onDelete\": \"SET NULL\", \"referencedTable\": \"admin_users\", \"referencedColumns\": [\"id\"]}]}, {\"name\": \"up_permissions\", \"columns\": [{\"args\": [{\"primary\": true, \"primaryKey\": true}], \"name\": \"id\", \"type\": \"increments\", \"unsigned\": false, \"defaultTo\": null, \"notNullable\": true}, {\"args\": [], \"name\": \"document_id\", \"type\": \"string\", \"unsigned\": false, \"defaultTo\": null, \"notNullable\": false}, {\"args\": [], \"name\": \"action\", \"type\": \"string\", \"unsigned\": false, \"defaultTo\": null, \"notNullable\": false}, {\"args\": [{\"useTz\": false, \"precision\": 6}], \"name\": \"created_at\", \"type\": \"datetime\", \"unsigned\": false, \"defaultTo\": null, \"notNullable\": false}, {\"args\": [{\"useTz\": false, \"precision\": 6}], \"name\": \"updated_at\", \"type\": \"datetime\", \"unsigned\": false, \"defaultTo\": null, \"notNullable\": false}, {\"args\": [{\"useTz\": false, \"precision\": 6}], \"name\": \"published_at\", \"type\": \"datetime\", \"unsigned\": false, \"defaultTo\": null, \"notNullable\": false}, {\"args\": [], \"name\": \"created_by_id\", \"type\": \"integer\", \"unsigned\": true, \"defaultTo\": null, \"notNullable\": false}, {\"args\": [], \"name\": \"updated_by_id\", \"type\": \"integer\", \"unsigned\": true, \"defaultTo\": null, \"notNullable\": false}, {\"args\": [], \"name\": \"locale\", \"type\": \"string\", \"unsigned\": false, \"defaultTo\": null, \"notNullable\": false}], \"indexes\": [{\"name\": \"up_permissions_documents_idx\", \"columns\": [\"document_id\", \"locale\", \"published_at\"]}, {\"name\": \"up_permissions_created_by_id_fk\", \"columns\": [\"created_by_id\"]}, {\"name\": \"up_permissions_updated_by_id_fk\", \"columns\": [\"updated_by_id\"]}], \"foreignKeys\": [{\"name\": \"up_permissions_created_by_id_fk\", \"columns\": [\"created_by_id\"], \"onDelete\": \"SET NULL\", \"referencedTable\": \"admin_users\", \"referencedColumns\": [\"id\"]}, {\"name\": \"up_permissions_updated_by_id_fk\", \"columns\": [\"updated_by_id\"], \"onDelete\": \"SET NULL\", \"referencedTable\": \"admin_users\", \"referencedColumns\": [\"id\"]}]}, {\"name\": \"up_roles\", \"columns\": [{\"args\": [{\"primary\": true, \"primaryKey\": true}], \"name\": \"id\", \"type\": \"increments\", \"unsigned\": false, \"defaultTo\": null, \"notNullable\": true}, {\"args\": [], \"name\": \"document_id\", \"type\": \"string\", \"unsigned\": false, \"defaultTo\": null, \"notNullable\": false}, {\"args\": [], \"name\": \"name\", \"type\": \"string\", \"unsigned\": false, \"defaultTo\": null, \"notNullable\": false}, {\"args\": [], \"name\": \"description\", \"type\": \"string\", \"unsigned\": false, \"defaultTo\": null, \"notNullable\": false}, {\"args\": [], \"name\": \"type\", \"type\": \"string\", \"unsigned\": false, \"defaultTo\": null, \"notNullable\": false}, {\"args\": [{\"useTz\": false, \"precision\": 6}], \"name\": \"created_at\", \"type\": \"datetime\", \"unsigned\": false, \"defaultTo\": null, \"notNullable\": false}, {\"args\": [{\"useTz\": false, \"precision\": 6}], \"name\": \"updated_at\", \"type\": \"datetime\", \"unsigned\": false, \"defaultTo\": null, \"notNullable\": false}, {\"args\": [{\"useTz\": false, \"precision\": 6}], \"name\": \"published_at\", \"type\": \"datetime\", \"unsigned\": false, \"defaultTo\": null, \"notNullable\": false}, {\"args\": [], \"name\": \"created_by_id\", \"type\": \"integer\", \"unsigned\": true, \"defaultTo\": null, \"notNullable\": false}, {\"args\": [], \"name\": \"updated_by_id\", \"type\": \"integer\", \"unsigned\": true, \"defaultTo\": null, \"notNullable\": false}, {\"args\": [], \"name\": \"locale\", \"type\": \"string\", \"unsigned\": false, \"defaultTo\": null, \"notNullable\": false}], \"indexes\": [{\"name\": \"up_roles_documents_idx\", \"columns\": [\"document_id\", \"locale\", \"published_at\"]}, {\"name\": \"up_roles_created_by_id_fk\", \"columns\": [\"created_by_id\"]}, {\"name\": \"up_roles_updated_by_id_fk\", \"columns\": [\"updated_by_id\"]}], \"foreignKeys\": [{\"name\": \"up_roles_created_by_id_fk\", \"columns\": [\"created_by_id\"], \"onDelete\": \"SET NULL\", \"referencedTable\": \"admin_users\", \"referencedColumns\": [\"id\"]}, {\"name\": \"up_roles_updated_by_id_fk\", \"columns\": [\"updated_by_id\"], \"onDelete\": \"SET NULL\", \"referencedTable\": \"admin_users\", \"referencedColumns\": [\"id\"]}]}, {\"name\": \"up_users\", \"columns\": [{\"args\": [{\"primary\": true, \"primaryKey\": true}], \"name\": \"id\", \"type\": \"increments\", \"unsigned\": false, \"defaultTo\": null, \"notNullable\": true}, {\"args\": [], \"name\": \"document_id\", \"type\": \"string\", \"unsigned\": false, \"defaultTo\": null, \"notNullable\": false}, {\"args\": [], \"name\": \"username\", \"type\": \"string\", \"unsigned\": false, \"defaultTo\": null, \"notNullable\": false}, {\"args\": [], \"name\": \"email\", \"type\": \"string\", \"unsigned\": false, \"defaultTo\": null, \"notNullable\": false}, {\"args\": [], \"name\": \"provider\", \"type\": \"string\", \"unsigned\": false, \"defaultTo\": null, \"notNullable\": false}, {\"args\": [], \"name\": \"password\", \"type\": \"string\", \"unsigned\": false, \"defaultTo\": null, \"notNullable\": false}, {\"args\": [], \"name\": \"reset_password_token\", \"type\": \"string\", \"unsigned\": false, \"defaultTo\": null, \"notNullable\": false}, {\"args\": [], \"name\": \"confirmation_token\", \"type\": \"string\", \"unsigned\": false, \"defaultTo\": null, \"notNullable\": false}, {\"args\": [], \"name\": \"confirmed\", \"type\": \"boolean\", \"unsigned\": false, \"defaultTo\": null, \"notNullable\": false}, {\"args\": [], \"name\": \"blocked\", \"type\": \"boolean\", \"unsigned\": false, \"defaultTo\": null, \"notNullable\": false}, {\"args\": [], \"name\": \"cel\", \"type\": \"string\", \"unsigned\": false, \"defaultTo\": null, \"notNullable\": false}, {\"args\": [], \"name\": \"interval\", \"type\": \"string\", \"unsigned\": false, \"defaultTo\": null, \"notNullable\": false}, {\"args\": [{\"useTz\": false, \"precision\": 6}], \"name\": \"created_at\", \"type\": \"datetime\", \"unsigned\": false, \"defaultTo\": null, \"notNullable\": false}, {\"args\": [{\"useTz\": false, \"precision\": 6}], \"name\": \"updated_at\", \"type\": \"datetime\", \"unsigned\": false, \"defaultTo\": null, \"notNullable\": false}, {\"args\": [{\"useTz\": false, \"precision\": 6}], \"name\": \"published_at\", \"type\": \"datetime\", \"unsigned\": false, \"defaultTo\": null, \"notNullable\": false}, {\"args\": [], \"name\": \"created_by_id\", \"type\": \"integer\", \"unsigned\": true, \"defaultTo\": null, \"notNullable\": false}, {\"args\": [], \"name\": \"updated_by_id\", \"type\": \"integer\", \"unsigned\": true, \"defaultTo\": null, \"notNullable\": false}, {\"args\": [], \"name\": \"locale\", \"type\": \"string\", \"unsigned\": false, \"defaultTo\": null, \"notNullable\": false}], \"indexes\": [{\"name\": \"up_users_documents_idx\", \"columns\": [\"document_id\", \"locale\", \"published_at\"]}, {\"name\": \"up_users_created_by_id_fk\", \"columns\": [\"created_by_id\"]}, {\"name\": \"up_users_updated_by_id_fk\", \"columns\": [\"updated_by_id\"]}], \"foreignKeys\": [{\"name\": \"up_users_created_by_id_fk\", \"columns\": [\"created_by_id\"], \"onDelete\": \"SET NULL\", \"referencedTable\": \"admin_users\", \"referencedColumns\": [\"id\"]}, {\"name\": \"up_users_updated_by_id_fk\", \"columns\": [\"updated_by_id\"], \"onDelete\": \"SET NULL\", \"referencedTable\": \"admin_users\", \"referencedColumns\": [\"id\"]}]}, {\"name\": \"categories\", \"columns\": [{\"args\": [{\"primary\": true, \"primaryKey\": true}], \"name\": \"id\", \"type\": \"increments\", \"unsigned\": false, \"defaultTo\": null, \"notNullable\": true}, {\"args\": [], \"name\": \"document_id\", \"type\": \"string\", \"unsigned\": false, \"defaultTo\": null, \"notNullable\": false}, {\"args\": [], \"name\": \"name\", \"type\": \"string\", \"unsigned\": false, \"defaultTo\": null, \"notNullable\": false}, {\"args\": [\"longtext\"], \"name\": \"description\", \"type\": \"text\", \"unsigned\": false, \"defaultTo\": null, \"notNullable\": false}, {\"args\": [], \"name\": \"slug\", \"type\": \"string\", \"unsigned\": false, \"defaultTo\": null, \"notNullable\": false}, {\"args\": [{\"useTz\": false, \"precision\": 6}], \"name\": \"created_at\", \"type\": \"datetime\", \"unsigned\": false, \"defaultTo\": null, \"notNullable\": false}, {\"args\": [{\"useTz\": false, \"precision\": 6}], \"name\": \"updated_at\", \"type\": \"datetime\", \"unsigned\": false, \"defaultTo\": null, \"notNullable\": false}, {\"args\": [{\"useTz\": false, \"precision\": 6}], \"name\": \"published_at\", \"type\": \"datetime\", \"unsigned\": false, \"defaultTo\": null, \"notNullable\": false}, {\"args\": [], \"name\": \"created_by_id\", \"type\": \"integer\", \"unsigned\": true, \"defaultTo\": null, \"notNullable\": false}, {\"args\": [], \"name\": \"updated_by_id\", \"type\": \"integer\", \"unsigned\": true, \"defaultTo\": null, \"notNullable\": false}, {\"args\": [], \"name\": \"locale\", \"type\": \"string\", \"unsigned\": false, \"defaultTo\": null, \"notNullable\": false}], \"indexes\": [{\"name\": \"categories_documents_idx\", \"columns\": [\"document_id\", \"locale\", \"published_at\"]}, {\"name\": \"categories_created_by_id_fk\", \"columns\": [\"created_by_id\"]}, {\"name\": \"categories_updated_by_id_fk\", \"columns\": [\"updated_by_id\"]}], \"foreignKeys\": [{\"name\": \"categories_created_by_id_fk\", \"columns\": [\"created_by_id\"], \"onDelete\": \"SET NULL\", \"referencedTable\": \"admin_users\", \"referencedColumns\": [\"id\"]}, {\"name\": \"categories_updated_by_id_fk\", \"columns\": [\"updated_by_id\"], \"onDelete\": \"SET NULL\", \"referencedTable\": \"admin_users\", \"referencedColumns\": [\"id\"]}]}, {\"name\": \"list_ips\", \"columns\": [{\"args\": [{\"primary\": true, \"primaryKey\": true}], \"name\": \"id\", \"type\": \"increments\", \"unsigned\": false, \"defaultTo\": null, \"notNullable\": true}, {\"args\": [], \"name\": \"document_id\", \"type\": \"string\", \"unsigned\": false, \"defaultTo\": null, \"notNullable\": false}, {\"args\": [], \"name\": \"ip\", \"type\": \"string\", \"unsigned\": false, \"defaultTo\": null, \"notNullable\": false}, {\"args\": [], \"name\": \"blocked\", \"type\": \"string\", \"unsigned\": false, \"defaultTo\": null, \"notNullable\": false}, {\"args\": [], \"name\": \"attemps\", \"type\": \"string\", \"unsigned\": false, \"defaultTo\": null, \"notNullable\": false}, {\"args\": [{\"useTz\": false, \"precision\": 6}], \"name\": \"created_at\", \"type\": \"datetime\", \"unsigned\": false, \"defaultTo\": null, \"notNullable\": false}, {\"args\": [{\"useTz\": false, \"precision\": 6}], \"name\": \"updated_at\", \"type\": \"datetime\", \"unsigned\": false, \"defaultTo\": null, \"notNullable\": false}, {\"args\": [{\"useTz\": false, \"precision\": 6}], \"name\": \"published_at\", \"type\": \"datetime\", \"unsigned\": false, \"defaultTo\": null, \"notNullable\": false}, {\"args\": [], \"name\": \"created_by_id\", \"type\": \"integer\", \"unsigned\": true, \"defaultTo\": null, \"notNullable\": false}, {\"args\": [], \"name\": \"updated_by_id\", \"type\": \"integer\", \"unsigned\": true, \"defaultTo\": null, \"notNullable\": false}, {\"args\": [], \"name\": \"locale\", \"type\": \"string\", \"unsigned\": false, \"defaultTo\": null, \"notNullable\": false}], \"indexes\": [{\"name\": \"list_ips_documents_idx\", \"columns\": [\"document_id\", \"locale\", \"published_at\"]}, {\"name\": \"list_ips_created_by_id_fk\", \"columns\": [\"created_by_id\"]}, {\"name\": \"list_ips_updated_by_id_fk\", \"columns\": [\"updated_by_id\"]}], \"foreignKeys\": [{\"name\": \"list_ips_created_by_id_fk\", \"columns\": [\"created_by_id\"], \"onDelete\": \"SET NULL\", \"referencedTable\": \"admin_users\", \"referencedColumns\": [\"id\"]}, {\"name\": \"list_ips_updated_by_id_fk\", \"columns\": [\"updated_by_id\"], \"onDelete\": \"SET NULL\", \"referencedTable\": \"admin_users\", \"referencedColumns\": [\"id\"]}]}, {\"name\": \"products\", \"columns\": [{\"args\": [{\"primary\": true, \"primaryKey\": true}], \"name\": \"id\", \"type\": \"increments\", \"unsigned\": false, \"defaultTo\": null, \"notNullable\": true}, {\"args\": [], \"name\": \"document_id\", \"type\": \"string\", \"unsigned\": false, \"defaultTo\": null, \"notNullable\": false}, {\"args\": [], \"name\": \"name\", \"type\": \"string\", \"unsigned\": false, \"defaultTo\": null, \"notNullable\": false}, {\"args\": [], \"name\": \"slug\", \"type\": \"string\", \"unsigned\": false, \"defaultTo\": null, \"notNullable\": false}, {\"args\": [10, 2], \"name\": \"price\", \"type\": \"decimal\", \"unsigned\": false, \"defaultTo\": null, \"notNullable\": false}, {\"args\": [], \"name\": \"quantity\", \"type\": \"integer\", \"unsigned\": false, \"defaultTo\": null, \"notNullable\": false}, {\"args\": [], \"name\": \"discount\", \"type\": \"integer\", \"unsigned\": false, \"defaultTo\": null, \"notNullable\": false}, {\"args\": [], \"name\": \"like\", \"type\": \"integer\", \"unsigned\": false, \"defaultTo\": null, \"notNullable\": false}, {\"args\": [\"longtext\"], \"name\": \"description\", \"type\": \"text\", \"unsigned\": false, \"defaultTo\": null, \"notNullable\": false}, {\"args\": [{\"useTz\": false, \"precision\": 6}], \"name\": \"created_at\", \"type\": \"datetime\", \"unsigned\": false, \"defaultTo\": null, \"notNullable\": false}, {\"args\": [{\"useTz\": false, \"precision\": 6}], \"name\": \"updated_at\", \"type\": \"datetime\", \"unsigned\": false, \"defaultTo\": null, \"notNullable\": false}, {\"args\": [{\"useTz\": false, \"precision\": 6}], \"name\": \"published_at\", \"type\": \"datetime\", \"unsigned\": false, \"defaultTo\": null, \"notNullable\": false}, {\"args\": [], \"name\": \"created_by_id\", \"type\": \"integer\", \"unsigned\": true, \"defaultTo\": null, \"notNullable\": false}, {\"args\": [], \"name\": \"updated_by_id\", \"type\": \"integer\", \"unsigned\": true, \"defaultTo\": null, \"notNullable\": false}, {\"args\": [], \"name\": \"locale\", \"type\": \"string\", \"unsigned\": false, \"defaultTo\": null, \"notNullable\": false}], \"indexes\": [{\"name\": \"products_documents_idx\", \"columns\": [\"document_id\", \"locale\", \"published_at\"]}, {\"name\": \"products_created_by_id_fk\", \"columns\": [\"created_by_id\"]}, {\"name\": \"products_updated_by_id_fk\", \"columns\": [\"updated_by_id\"]}], \"foreignKeys\": [{\"name\": \"products_created_by_id_fk\", \"columns\": [\"created_by_id\"], \"onDelete\": \"SET NULL\", \"referencedTable\": \"admin_users\", \"referencedColumns\": [\"id\"]}, {\"name\": \"products_updated_by_id_fk\", \"columns\": [\"updated_by_id\"], \"onDelete\": \"SET NULL\", \"referencedTable\": \"admin_users\", \"referencedColumns\": [\"id\"]}]}, {\"name\": \"sell_products\", \"columns\": [{\"args\": [{\"primary\": true, \"primaryKey\": true}], \"name\": \"id\", \"type\": \"increments\", \"unsigned\": false, \"defaultTo\": null, \"notNullable\": true}, {\"args\": [], \"name\": \"document_id\", \"type\": \"string\", \"unsigned\": false, \"defaultTo\": null, \"notNullable\": false}, {\"args\": [10, 2], \"name\": \"total_sell\", \"type\": \"decimal\", \"unsigned\": false, \"defaultTo\": null, \"notNullable\": false}, {\"args\": [], \"name\": \"method_paid\", \"type\": \"string\", \"unsigned\": false, \"defaultTo\": null, \"notNullable\": false}, {\"args\": [], \"name\": \"selled\", \"type\": \"boolean\", \"unsigned\": false, \"defaultTo\": null, \"notNullable\": false}, {\"args\": [], \"name\": \"address\", \"type\": \"string\", \"unsigned\": false, \"defaultTo\": null, \"notNullable\": false}, {\"args\": [], \"name\": \"adicionaldata\", \"type\": \"jsonb\", \"unsigned\": false, \"defaultTo\": null, \"notNullable\": false}, {\"args\": [], \"name\": \"contact\", \"type\": \"string\", \"unsigned\": false, \"defaultTo\": null, \"notNullable\": false}, {\"args\": [], \"name\": \"date_delivery\", \"type\": \"string\", \"unsigned\": false, \"defaultTo\": null, \"notNullable\": false}, {\"args\": [], \"name\": \"hour_delivery\", \"type\": \"string\", \"unsigned\": false, \"defaultTo\": null, \"notNullable\": false}, {\"args\": [{\"useTz\": false, \"precision\": 6}], \"name\": \"created_at\", \"type\": \"datetime\", \"unsigned\": false, \"defaultTo\": null, \"notNullable\": false}, {\"args\": [{\"useTz\": false, \"precision\": 6}], \"name\": \"updated_at\", \"type\": \"datetime\", \"unsigned\": false, \"defaultTo\": null, \"notNullable\": false}, {\"args\": [{\"useTz\": false, \"precision\": 6}], \"name\": \"published_at\", \"type\": \"datetime\", \"unsigned\": false, \"defaultTo\": null, \"notNullable\": false}, {\"args\": [], \"name\": \"created_by_id\", \"type\": \"integer\", \"unsigned\": true, \"defaultTo\": null, \"notNullable\": false}, {\"args\": [], \"name\": \"updated_by_id\", \"type\": \"integer\", \"unsigned\": true, \"defaultTo\": null, \"notNullable\": false}, {\"args\": [], \"name\": \"locale\", \"type\": \"string\", \"unsigned\": false, \"defaultTo\": null, \"notNullable\": false}], \"indexes\": [{\"name\": \"sell_products_documents_idx\", \"columns\": [\"document_id\", \"locale\", \"published_at\"]}, {\"name\": \"sell_products_created_by_id_fk\", \"columns\": [\"created_by_id\"]}, {\"name\": \"sell_products_updated_by_id_fk\", \"columns\": [\"updated_by_id\"]}], \"foreignKeys\": [{\"name\": \"sell_products_created_by_id_fk\", \"columns\": [\"created_by_id\"], \"onDelete\": \"SET NULL\", \"referencedTable\": \"admin_users\", \"referencedColumns\": [\"id\"]}, {\"name\": \"sell_products_updated_by_id_fk\", \"columns\": [\"updated_by_id\"], \"onDelete\": \"SET NULL\", \"referencedTable\": \"admin_users\", \"referencedColumns\": [\"id\"]}]}, {\"name\": \"admin_permissions\", \"columns\": [{\"args\": [{\"primary\": true, \"primaryKey\": true}], \"name\": \"id\", \"type\": \"increments\", \"unsigned\": false, \"defaultTo\": null, \"notNullable\": true}, {\"args\": [], \"name\": \"document_id\", \"type\": \"string\", \"unsigned\": false, \"defaultTo\": null, \"notNullable\": false}, {\"args\": [], \"name\": \"action\", \"type\": \"string\", \"unsigned\": false, \"defaultTo\": null, \"notNullable\": false}, {\"args\": [], \"name\": \"action_parameters\", \"type\": \"jsonb\", \"unsigned\": false, \"defaultTo\": null, \"notNullable\": false}, {\"args\": [], \"name\": \"subject\", \"type\": \"string\", \"unsigned\": false, \"defaultTo\": null, \"notNullable\": false}, {\"args\": [], \"name\": \"properties\", \"type\": \"jsonb\", \"unsigned\": false, \"defaultTo\": null, \"notNullable\": false}, {\"args\": [], \"name\": \"conditions\", \"type\": \"jsonb\", \"unsigned\": false, \"defaultTo\": null, \"notNullable\": false}, {\"args\": [{\"useTz\": false, \"precision\": 6}], \"name\": \"created_at\", \"type\": \"datetime\", \"unsigned\": false, \"defaultTo\": null, \"notNullable\": false}, {\"args\": [{\"useTz\": false, \"precision\": 6}], \"name\": \"updated_at\", \"type\": \"datetime\", \"unsigned\": false, \"defaultTo\": null, \"notNullable\": false}, {\"args\": [{\"useTz\": false, \"precision\": 6}], \"name\": \"published_at\", \"type\": \"datetime\", \"unsigned\": false, \"defaultTo\": null, \"notNullable\": false}, {\"args\": [], \"name\": \"created_by_id\", \"type\": \"integer\", \"unsigned\": true, \"defaultTo\": null, \"notNullable\": false}, {\"args\": [], \"name\": \"updated_by_id\", \"type\": \"integer\", \"unsigned\": true, \"defaultTo\": null, \"notNullable\": false}, {\"args\": [], \"name\": \"locale\", \"type\": \"string\", \"unsigned\": false, \"defaultTo\": null, \"notNullable\": false}], \"indexes\": [{\"name\": \"admin_permissions_documents_idx\", \"columns\": [\"document_id\", \"locale\", \"published_at\"]}, {\"name\": \"admin_permissions_created_by_id_fk\", \"columns\": [\"created_by_id\"]}, {\"name\": \"admin_permissions_updated_by_id_fk\", \"columns\": [\"updated_by_id\"]}], \"foreignKeys\": [{\"name\": \"admin_permissions_created_by_id_fk\", \"columns\": [\"created_by_id\"], \"onDelete\": \"SET NULL\", \"referencedTable\": \"admin_users\", \"referencedColumns\": [\"id\"]}, {\"name\": \"admin_permissions_updated_by_id_fk\", \"columns\": [\"updated_by_id\"], \"onDelete\": \"SET NULL\", \"referencedTable\": \"admin_users\", \"referencedColumns\": [\"id\"]}]}, {\"name\": \"admin_users\", \"columns\": [{\"args\": [{\"primary\": true, \"primaryKey\": true}], \"name\": \"id\", \"type\": \"increments\", \"unsigned\": false, \"defaultTo\": null, \"notNullable\": true}, {\"args\": [], \"name\": \"document_id\", \"type\": \"string\", \"unsigned\": false, \"defaultTo\": null, \"notNullable\": false}, {\"args\": [], \"name\": \"firstname\", \"type\": \"string\", \"unsigned\": false, \"defaultTo\": null, \"notNullable\": false}, {\"args\": [], \"name\": \"lastname\", \"type\": \"string\", \"unsigned\": false, \"defaultTo\": null, \"notNullable\": false}, {\"args\": [], \"name\": \"username\", \"type\": \"string\", \"unsigned\": false, \"defaultTo\": null, \"notNullable\": false}, {\"args\": [], \"name\": \"email\", \"type\": \"string\", \"unsigned\": false, \"defaultTo\": null, \"notNullable\": false}, {\"args\": [], \"name\": \"password\", \"type\": \"string\", \"unsigned\": false, \"defaultTo\": null, \"notNullable\": false}, {\"args\": [], \"name\": \"reset_password_token\", \"type\": \"string\", \"unsigned\": false, \"defaultTo\": null, \"notNullable\": false}, {\"args\": [], \"name\": \"registration_token\", \"type\": \"string\", \"unsigned\": false, \"defaultTo\": null, \"notNullable\": false}, {\"args\": [], \"name\": \"is_active\", \"type\": \"boolean\", \"unsigned\": false, \"defaultTo\": null, \"notNullable\": false}, {\"args\": [], \"name\": \"blocked\", \"type\": \"boolean\", \"unsigned\": false, \"defaultTo\": null, \"notNullable\": false}, {\"args\": [], \"name\": \"prefered_language\", \"type\": \"string\", \"unsigned\": false, \"defaultTo\": null, \"notNullable\": false}, {\"args\": [{\"useTz\": false, \"precision\": 6}], \"name\": \"created_at\", \"type\": \"datetime\", \"unsigned\": false, \"defaultTo\": null, \"notNullable\": false}, {\"args\": [{\"useTz\": false, \"precision\": 6}], \"name\": \"updated_at\", \"type\": \"datetime\", \"unsigned\": false, \"defaultTo\": null, \"notNullable\": false}, {\"args\": [{\"useTz\": false, \"precision\": 6}], \"name\": \"published_at\", \"type\": \"datetime\", \"unsigned\": false, \"defaultTo\": null, \"notNullable\": false}, {\"args\": [], \"name\": \"created_by_id\", \"type\": \"integer\", \"unsigned\": true, \"defaultTo\": null, \"notNullable\": false}, {\"args\": [], \"name\": \"updated_by_id\", \"type\": \"integer\", \"unsigned\": true, \"defaultTo\": null, \"notNullable\": false}, {\"args\": [], \"name\": \"locale\", \"type\": \"string\", \"unsigned\": false, \"defaultTo\": null, \"notNullable\": false}], \"indexes\": [{\"name\": \"admin_users_documents_idx\", \"columns\": [\"document_id\", \"locale\", \"published_at\"]}, {\"name\": \"admin_users_created_by_id_fk\", \"columns\": [\"created_by_id\"]}, {\"name\": \"admin_users_updated_by_id_fk\", \"columns\": [\"updated_by_id\"]}], \"foreignKeys\": [{\"name\": \"admin_users_created_by_id_fk\", \"columns\": [\"created_by_id\"], \"onDelete\": \"SET NULL\", \"referencedTable\": \"admin_users\", \"referencedColumns\": [\"id\"]}, {\"name\": \"admin_users_updated_by_id_fk\", \"columns\": [\"updated_by_id\"], \"onDelete\": \"SET NULL\", \"referencedTable\": \"admin_users\", \"referencedColumns\": [\"id\"]}]}, {\"name\": \"admin_roles\", \"columns\": [{\"args\": [{\"primary\": true, \"primaryKey\": true}], \"name\": \"id\", \"type\": \"increments\", \"unsigned\": false, \"defaultTo\": null, \"notNullable\": true}, {\"args\": [], \"name\": \"document_id\", \"type\": \"string\", \"unsigned\": false, \"defaultTo\": null, \"notNullable\": false}, {\"args\": [], \"name\": \"name\", \"type\": \"string\", \"unsigned\": false, \"defaultTo\": null, \"notNullable\": false}, {\"args\": [], \"name\": \"code\", \"type\": \"string\", \"unsigned\": false, \"defaultTo\": null, \"notNullable\": false}, {\"args\": [], \"name\": \"description\", \"type\": \"string\", \"unsigned\": false, \"defaultTo\": null, \"notNullable\": false}, {\"args\": [{\"useTz\": false, \"precision\": 6}], \"name\": \"created_at\", \"type\": \"datetime\", \"unsigned\": false, \"defaultTo\": null, \"notNullable\": false}, {\"args\": [{\"useTz\": false, \"precision\": 6}], \"name\": \"updated_at\", \"type\": \"datetime\", \"unsigned\": false, \"defaultTo\": null, \"notNullable\": false}, {\"args\": [{\"useTz\": false, \"precision\": 6}], \"name\": \"published_at\", \"type\": \"datetime\", \"unsigned\": false, \"defaultTo\": null, \"notNullable\": false}, {\"args\": [], \"name\": \"created_by_id\", \"type\": \"integer\", \"unsigned\": true, \"defaultTo\": null, \"notNullable\": false}, {\"args\": [], \"name\": \"updated_by_id\", \"type\": \"integer\", \"unsigned\": true, \"defaultTo\": null, \"notNullable\": false}, {\"args\": [], \"name\": \"locale\", \"type\": \"string\", \"unsigned\": false, \"defaultTo\": null, \"notNullable\": false}], \"indexes\": [{\"name\": \"admin_roles_documents_idx\", \"columns\": [\"document_id\", \"locale\", \"published_at\"]}, {\"name\": \"admin_roles_created_by_id_fk\", \"columns\": [\"created_by_id\"]}, {\"name\": \"admin_roles_updated_by_id_fk\", \"columns\": [\"updated_by_id\"]}], \"foreignKeys\": [{\"name\": \"admin_roles_created_by_id_fk\", \"columns\": [\"created_by_id\"], \"onDelete\": \"SET NULL\", \"referencedTable\": \"admin_users\", \"referencedColumns\": [\"id\"]}, {\"name\": \"admin_roles_updated_by_id_fk\", \"columns\": [\"updated_by_id\"], \"onDelete\": \"SET NULL\", \"referencedTable\": \"admin_users\", \"referencedColumns\": [\"id\"]}]}, {\"name\": \"strapi_api_tokens\", \"columns\": [{\"args\": [{\"primary\": true, \"primaryKey\": true}], \"name\": \"id\", \"type\": \"increments\", \"unsigned\": false, \"defaultTo\": null, \"notNullable\": true}, {\"args\": [], \"name\": \"document_id\", \"type\": \"string\", \"unsigned\": false, \"defaultTo\": null, \"notNullable\": false}, {\"args\": [], \"name\": \"name\", \"type\": \"string\", \"unsigned\": false, \"defaultTo\": null, \"notNullable\": false}, {\"args\": [], \"name\": \"description\", \"type\": \"string\", \"unsigned\": false, \"defaultTo\": null, \"notNullable\": false}, {\"args\": [], \"name\": \"type\", \"type\": \"string\", \"unsigned\": false, \"defaultTo\": null, \"notNullable\": false}, {\"args\": [], \"name\": \"access_key\", \"type\": \"string\", \"unsigned\": false, \"defaultTo\": null, \"notNullable\": false}, {\"args\": [{\"useTz\": false, \"precision\": 6}], \"name\": \"last_used_at\", \"type\": \"datetime\", \"unsigned\": false, \"defaultTo\": null, \"notNullable\": false}, {\"args\": [{\"useTz\": false, \"precision\": 6}], \"name\": \"expires_at\", \"type\": \"datetime\", \"unsigned\": false, \"defaultTo\": null, \"notNullable\": false}, {\"args\": [], \"name\": \"lifespan\", \"type\": \"bigInteger\", \"unsigned\": false, \"defaultTo\": null, \"notNullable\": false}, {\"args\": [{\"useTz\": false, \"precision\": 6}], \"name\": \"created_at\", \"type\": \"datetime\", \"unsigned\": false, \"defaultTo\": null, \"notNullable\": false}, {\"args\": [{\"useTz\": false, \"precision\": 6}], \"name\": \"updated_at\", \"type\": \"datetime\", \"unsigned\": false, \"defaultTo\": null, \"notNullable\": false}, {\"args\": [{\"useTz\": false, \"precision\": 6}], \"name\": \"published_at\", \"type\": \"datetime\", \"unsigned\": false, \"defaultTo\": null, \"notNullable\": false}, {\"args\": [], \"name\": \"created_by_id\", \"type\": \"integer\", \"unsigned\": true, \"defaultTo\": null, \"notNullable\": false}, {\"args\": [], \"name\": \"updated_by_id\", \"type\": \"integer\", \"unsigned\": true, \"defaultTo\": null, \"notNullable\": false}, {\"args\": [], \"name\": \"locale\", \"type\": \"string\", \"unsigned\": false, \"defaultTo\": null, \"notNullable\": false}], \"indexes\": [{\"name\": \"strapi_api_tokens_documents_idx\", \"columns\": [\"document_id\", \"locale\", \"published_at\"]}, {\"name\": \"strapi_api_tokens_created_by_id_fk\", \"columns\": [\"created_by_id\"]}, {\"name\": \"strapi_api_tokens_updated_by_id_fk\", \"columns\": [\"updated_by_id\"]}], \"foreignKeys\": [{\"name\": \"strapi_api_tokens_created_by_id_fk\", \"columns\": [\"created_by_id\"], \"onDelete\": \"SET NULL\", \"referencedTable\": \"admin_users\", \"referencedColumns\": [\"id\"]}, {\"name\": \"strapi_api_tokens_updated_by_id_fk\", \"columns\": [\"updated_by_id\"], \"onDelete\": \"SET NULL\", \"referencedTable\": \"admin_users\", \"referencedColumns\": [\"id\"]}]}, {\"name\": \"strapi_api_token_permissions\", \"columns\": [{\"args\": [{\"primary\": true, \"primaryKey\": true}], \"name\": \"id\", \"type\": \"increments\", \"unsigned\": false, \"defaultTo\": null, \"notNullable\": true}, {\"args\": [], \"name\": \"document_id\", \"type\": \"string\", \"unsigned\": false, \"defaultTo\": null, \"notNullable\": false}, {\"args\": [], \"name\": \"action\", \"type\": \"string\", \"unsigned\": false, \"defaultTo\": null, \"notNullable\": false}, {\"args\": [{\"useTz\": false, \"precision\": 6}], \"name\": \"created_at\", \"type\": \"datetime\", \"unsigned\": false, \"defaultTo\": null, \"notNullable\": false}, {\"args\": [{\"useTz\": false, \"precision\": 6}], \"name\": \"updated_at\", \"type\": \"datetime\", \"unsigned\": false, \"defaultTo\": null, \"notNullable\": false}, {\"args\": [{\"useTz\": false, \"precision\": 6}], \"name\": \"published_at\", \"type\": \"datetime\", \"unsigned\": false, \"defaultTo\": null, \"notNullable\": false}, {\"args\": [], \"name\": \"created_by_id\", \"type\": \"integer\", \"unsigned\": true, \"defaultTo\": null, \"notNullable\": false}, {\"args\": [], \"name\": \"updated_by_id\", \"type\": \"integer\", \"unsigned\": true, \"defaultTo\": null, \"notNullable\": false}, {\"args\": [], \"name\": \"locale\", \"type\": \"string\", \"unsigned\": false, \"defaultTo\": null, \"notNullable\": false}], \"indexes\": [{\"name\": \"strapi_api_token_permissions_documents_idx\", \"columns\": [\"document_id\", \"locale\", \"published_at\"]}, {\"name\": \"strapi_api_token_permissions_created_by_id_fk\", \"columns\": [\"created_by_id\"]}, {\"name\": \"strapi_api_token_permissions_updated_by_id_fk\", \"columns\": [\"updated_by_id\"]}], \"foreignKeys\": [{\"name\": \"strapi_api_token_permissions_created_by_id_fk\", \"columns\": [\"created_by_id\"], \"onDelete\": \"SET NULL\", \"referencedTable\": \"admin_users\", \"referencedColumns\": [\"id\"]}, {\"name\": \"strapi_api_token_permissions_updated_by_id_fk\", \"columns\": [\"updated_by_id\"], \"onDelete\": \"SET NULL\", \"referencedTable\": \"admin_users\", \"referencedColumns\": [\"id\"]}]}, {\"name\": \"strapi_transfer_tokens\", \"columns\": [{\"args\": [{\"primary\": true, \"primaryKey\": true}], \"name\": \"id\", \"type\": \"increments\", \"unsigned\": false, \"defaultTo\": null, \"notNullable\": true}, {\"args\": [], \"name\": \"document_id\", \"type\": \"string\", \"unsigned\": false, \"defaultTo\": null, \"notNullable\": false}, {\"args\": [], \"name\": \"name\", \"type\": \"string\", \"unsigned\": false, \"defaultTo\": null, \"notNullable\": false}, {\"args\": [], \"name\": \"description\", \"type\": \"string\", \"unsigned\": false, \"defaultTo\": null, \"notNullable\": false}, {\"args\": [], \"name\": \"access_key\", \"type\": \"string\", \"unsigned\": false, \"defaultTo\": null, \"notNullable\": false}, {\"args\": [{\"useTz\": false, \"precision\": 6}], \"name\": \"last_used_at\", \"type\": \"datetime\", \"unsigned\": false, \"defaultTo\": null, \"notNullable\": false}, {\"args\": [{\"useTz\": false, \"precision\": 6}], \"name\": \"expires_at\", \"type\": \"datetime\", \"unsigned\": false, \"defaultTo\": null, \"notNullable\": false}, {\"args\": [], \"name\": \"lifespan\", \"type\": \"bigInteger\", \"unsigned\": false, \"defaultTo\": null, \"notNullable\": false}, {\"args\": [{\"useTz\": false, \"precision\": 6}], \"name\": \"created_at\", \"type\": \"datetime\", \"unsigned\": false, \"defaultTo\": null, \"notNullable\": false}, {\"args\": [{\"useTz\": false, \"precision\": 6}], \"name\": \"updated_at\", \"type\": \"datetime\", \"unsigned\": false, \"defaultTo\": null, \"notNullable\": false}, {\"args\": [{\"useTz\": false, \"precision\": 6}], \"name\": \"published_at\", \"type\": \"datetime\", \"unsigned\": false, \"defaultTo\": null, \"notNullable\": false}, {\"args\": [], \"name\": \"created_by_id\", \"type\": \"integer\", \"unsigned\": true, \"defaultTo\": null, \"notNullable\": false}, {\"args\": [], \"name\": \"updated_by_id\", \"type\": \"integer\", \"unsigned\": true, \"defaultTo\": null, \"notNullable\": false}, {\"args\": [], \"name\": \"locale\", \"type\": \"string\", \"unsigned\": false, \"defaultTo\": null, \"notNullable\": false}], \"indexes\": [{\"name\": \"strapi_transfer_tokens_documents_idx\", \"columns\": [\"document_id\", \"locale\", \"published_at\"]}, {\"name\": \"strapi_transfer_tokens_created_by_id_fk\", \"columns\": [\"created_by_id\"]}, {\"name\": \"strapi_transfer_tokens_updated_by_id_fk\", \"columns\": [\"updated_by_id\"]}], \"foreignKeys\": [{\"name\": \"strapi_transfer_tokens_created_by_id_fk\", \"columns\": [\"created_by_id\"], \"onDelete\": \"SET NULL\", \"referencedTable\": \"admin_users\", \"referencedColumns\": [\"id\"]}, {\"name\": \"strapi_transfer_tokens_updated_by_id_fk\", \"columns\": [\"updated_by_id\"], \"onDelete\": \"SET NULL\", \"referencedTable\": \"admin_users\", \"referencedColumns\": [\"id\"]}]}, {\"name\": \"strapi_transfer_token_permissions\", \"columns\": [{\"args\": [{\"primary\": true, \"primaryKey\": true}], \"name\": \"id\", \"type\": \"increments\", \"unsigned\": false, \"defaultTo\": null, \"notNullable\": true}, {\"args\": [], \"name\": \"document_id\", \"type\": \"string\", \"unsigned\": false, \"defaultTo\": null, \"notNullable\": false}, {\"args\": [], \"name\": \"action\", \"type\": \"string\", \"unsigned\": false, \"defaultTo\": null, \"notNullable\": false}, {\"args\": [{\"useTz\": false, \"precision\": 6}], \"name\": \"created_at\", \"type\": \"datetime\", \"unsigned\": false, \"defaultTo\": null, \"notNullable\": false}, {\"args\": [{\"useTz\": false, \"precision\": 6}], \"name\": \"updated_at\", \"type\": \"datetime\", \"unsigned\": false, \"defaultTo\": null, \"notNullable\": false}, {\"args\": [{\"useTz\": false, \"precision\": 6}], \"name\": \"published_at\", \"type\": \"datetime\", \"unsigned\": false, \"defaultTo\": null, \"notNullable\": false}, {\"args\": [], \"name\": \"created_by_id\", \"type\": \"integer\", \"unsigned\": true, \"defaultTo\": null, \"notNullable\": false}, {\"args\": [], \"name\": \"updated_by_id\", \"type\": \"integer\", \"unsigned\": true, \"defaultTo\": null, \"notNullable\": false}, {\"args\": [], \"name\": \"locale\", \"type\": \"string\", \"unsigned\": false, \"defaultTo\": null, \"notNullable\": false}], \"indexes\": [{\"name\": \"strapi_transfer_token_permissions_documents_idx\", \"columns\": [\"document_id\", \"locale\", \"published_at\"]}, {\"name\": \"strapi_transfer_token_permissions_created_by_id_fk\", \"columns\": [\"created_by_id\"]}, {\"name\": \"strapi_transfer_token_permissions_updated_by_id_fk\", \"columns\": [\"updated_by_id\"]}], \"foreignKeys\": [{\"name\": \"strapi_transfer_token_permissions_created_by_id_fk\", \"columns\": [\"created_by_id\"], \"onDelete\": \"SET NULL\", \"referencedTable\": \"admin_users\", \"referencedColumns\": [\"id\"]}, {\"name\": \"strapi_transfer_token_permissions_updated_by_id_fk\", \"columns\": [\"updated_by_id\"], \"onDelete\": \"SET NULL\", \"referencedTable\": \"admin_users\", \"referencedColumns\": [\"id\"]}]}, {\"name\": \"strapi_core_store_settings\", \"columns\": [{\"args\": [{\"primary\": true, \"primaryKey\": true}], \"name\": \"id\", \"type\": \"increments\", \"unsigned\": false, \"defaultTo\": null, \"notNullable\": true}, {\"args\": [], \"name\": \"key\", \"type\": \"string\", \"unsigned\": false, \"defaultTo\": null, \"notNullable\": false}, {\"args\": [\"longtext\"], \"name\": \"value\", \"type\": \"text\", \"unsigned\": false, \"defaultTo\": null, \"notNullable\": false}, {\"args\": [], \"name\": \"type\", \"type\": \"string\", \"unsigned\": false, \"defaultTo\": null, \"notNullable\": false}, {\"args\": [], \"name\": \"environment\", \"type\": \"string\", \"unsigned\": false, \"defaultTo\": null, \"notNullable\": false}, {\"args\": [], \"name\": \"tag\", \"type\": \"string\", \"unsigned\": false, \"defaultTo\": null, \"notNullable\": false}], \"indexes\": [], \"foreignKeys\": []}, {\"name\": \"strapi_webhooks\", \"columns\": [{\"args\": [{\"primary\": true, \"primaryKey\": true}], \"name\": \"id\", \"type\": \"increments\", \"unsigned\": false, \"defaultTo\": null, \"notNullable\": true}, {\"args\": [], \"name\": \"name\", \"type\": \"string\", \"unsigned\": false, \"defaultTo\": null, \"notNullable\": false}, {\"args\": [\"longtext\"], \"name\": \"url\", \"type\": \"text\", \"unsigned\": false, \"defaultTo\": null, \"notNullable\": false}, {\"args\": [], \"name\": \"headers\", \"type\": \"jsonb\", \"unsigned\": false, \"defaultTo\": null, \"notNullable\": false}, {\"args\": [], \"name\": \"events\", \"type\": \"jsonb\", \"unsigned\": false, \"defaultTo\": null, \"notNullable\": false}, {\"args\": [], \"name\": \"enabled\", \"type\": \"boolean\", \"unsigned\": false, \"defaultTo\": null, \"notNullable\": false}], \"indexes\": [], \"foreignKeys\": []}, {\"name\": \"strapi_history_versions\", \"columns\": [{\"args\": [{\"primary\": true, \"primaryKey\": true}], \"name\": \"id\", \"type\": \"increments\", \"unsigned\": false, \"defaultTo\": null, \"notNullable\": true}, {\"args\": [], \"name\": \"content_type\", \"type\": \"string\", \"unsigned\": false, \"defaultTo\": null, \"notNullable\": true}, {\"args\": [], \"name\": \"related_document_id\", \"type\": \"string\", \"unsigned\": false, \"defaultTo\": null, \"notNullable\": false}, {\"args\": [], \"name\": \"locale\", \"type\": \"string\", \"unsigned\": false, \"defaultTo\": null, \"notNullable\": false}, {\"args\": [], \"name\": \"status\", \"type\": \"string\", \"unsigned\": false, \"defaultTo\": null, \"notNullable\": false}, {\"args\": [], \"name\": \"data\", \"type\": \"jsonb\", \"unsigned\": false, \"defaultTo\": null, \"notNullable\": false}, {\"args\": [], \"name\": \"schema\", \"type\": \"jsonb\", \"unsigned\": false, \"defaultTo\": null, \"notNullable\": false}, {\"args\": [{\"useTz\": false, \"precision\": 6}], \"name\": \"created_at\", \"type\": \"datetime\", \"unsigned\": false, \"defaultTo\": null, \"notNullable\": false}, {\"args\": [], \"name\": \"created_by_id\", \"type\": \"integer\", \"unsigned\": true, \"defaultTo\": null, \"notNullable\": false}], \"indexes\": [{\"name\": \"strapi_history_versions_created_by_id_fk\", \"columns\": [\"created_by_id\"]}], \"foreignKeys\": [{\"name\": \"strapi_history_versions_created_by_id_fk\", \"columns\": [\"created_by_id\"], \"onDelete\": \"SET NULL\", \"referencedTable\": \"admin_users\", \"referencedColumns\": [\"id\"]}]}, {\"name\": \"files_related_mph\", \"columns\": [{\"args\": [{\"primary\": true, \"primaryKey\": true}], \"name\": \"id\", \"type\": \"increments\", \"unsigned\": false, \"defaultTo\": null, \"notNullable\": true}, {\"args\": [], \"name\": \"file_id\", \"type\": \"integer\", \"unsigned\": true, \"defaultTo\": null, \"notNullable\": false}, {\"args\": [], \"name\": \"related_id\", \"type\": \"integer\", \"unsigned\": true, \"defaultTo\": null, \"notNullable\": false}, {\"args\": [], \"name\": \"related_type\", \"type\": \"string\", \"unsigned\": false, \"defaultTo\": null, \"notNullable\": false}, {\"args\": [], \"name\": \"field\", \"type\": \"string\", \"unsigned\": false, \"defaultTo\": null, \"notNullable\": false}, {\"args\": [], \"name\": \"order\", \"type\": \"double\", \"unsigned\": true, \"defaultTo\": null, \"notNullable\": false}], \"indexes\": [{\"name\": \"files_related_mph_fk\", \"columns\": [\"file_id\"]}, {\"name\": \"files_related_mph_oidx\", \"columns\": [\"order\"]}, {\"name\": \"files_related_mph_idix\", \"columns\": [\"related_id\"]}], \"foreignKeys\": [{\"name\": \"files_related_mph_fk\", \"columns\": [\"file_id\"], \"onDelete\": \"CASCADE\", \"referencedTable\": \"files\", \"referencedColumns\": [\"id\"]}]}, {\"name\": \"files_folder_lnk\", \"columns\": [{\"args\": [{\"primary\": true, \"primaryKey\": true}], \"name\": \"id\", \"type\": \"increments\", \"unsigned\": false, \"defaultTo\": null, \"notNullable\": true}, {\"args\": [], \"name\": \"file_id\", \"type\": \"integer\", \"unsigned\": true, \"defaultTo\": null, \"notNullable\": false}, {\"args\": [], \"name\": \"folder_id\", \"type\": \"integer\", \"unsigned\": true, \"defaultTo\": null, \"notNullable\": false}, {\"args\": [], \"name\": \"file_ord\", \"type\": \"double\", \"unsigned\": true, \"defaultTo\": null, \"notNullable\": false}], \"indexes\": [{\"name\": \"files_folder_lnk_fk\", \"columns\": [\"file_id\"]}, {\"name\": \"files_folder_lnk_ifk\", \"columns\": [\"folder_id\"]}, {\"name\": \"files_folder_lnk_uq\", \"type\": \"unique\", \"columns\": [\"file_id\", \"folder_id\"]}, {\"name\": \"files_folder_lnk_oifk\", \"columns\": [\"file_ord\"]}], \"foreignKeys\": [{\"name\": \"files_folder_lnk_fk\", \"columns\": [\"file_id\"], \"onDelete\": \"CASCADE\", \"referencedTable\": \"files\", \"referencedColumns\": [\"id\"]}, {\"name\": \"files_folder_lnk_ifk\", \"columns\": [\"folder_id\"], \"onDelete\": \"CASCADE\", \"referencedTable\": \"upload_folders\", \"referencedColumns\": [\"id\"]}]}, {\"name\": \"upload_folders_parent_lnk\", \"columns\": [{\"args\": [{\"primary\": true, \"primaryKey\": true}], \"name\": \"id\", \"type\": \"increments\", \"unsigned\": false, \"defaultTo\": null, \"notNullable\": true}, {\"args\": [], \"name\": \"folder_id\", \"type\": \"integer\", \"unsigned\": true, \"defaultTo\": null, \"notNullable\": false}, {\"args\": [], \"name\": \"inv_folder_id\", \"type\": \"integer\", \"unsigned\": true, \"defaultTo\": null, \"notNullable\": false}, {\"args\": [], \"name\": \"folder_ord\", \"type\": \"double\", \"unsigned\": true, \"defaultTo\": null, \"notNullable\": false}], \"indexes\": [{\"name\": \"upload_folders_parent_lnk_fk\", \"columns\": [\"folder_id\"]}, {\"name\": \"upload_folders_parent_lnk_ifk\", \"columns\": [\"inv_folder_id\"]}, {\"name\": \"upload_folders_parent_lnk_uq\", \"type\": \"unique\", \"columns\": [\"folder_id\", \"inv_folder_id\"]}, {\"name\": \"upload_folders_parent_lnk_oifk\", \"columns\": [\"folder_ord\"]}], \"foreignKeys\": [{\"name\": \"upload_folders_parent_lnk_fk\", \"columns\": [\"folder_id\"], \"onDelete\": \"CASCADE\", \"referencedTable\": \"upload_folders\", \"referencedColumns\": [\"id\"]}, {\"name\": \"upload_folders_parent_lnk_ifk\", \"columns\": [\"inv_folder_id\"], \"onDelete\": \"CASCADE\", \"referencedTable\": \"upload_folders\", \"referencedColumns\": [\"id\"]}]}, {\"name\": \"strapi_release_actions_release_lnk\", \"columns\": [{\"args\": [{\"primary\": true, \"primaryKey\": true}], \"name\": \"id\", \"type\": \"increments\", \"unsigned\": false, \"defaultTo\": null, \"notNullable\": true}, {\"args\": [], \"name\": \"release_action_id\", \"type\": \"integer\", \"unsigned\": true, \"defaultTo\": null, \"notNullable\": false}, {\"args\": [], \"name\": \"release_id\", \"type\": \"integer\", \"unsigned\": true, \"defaultTo\": null, \"notNullable\": false}, {\"args\": [], \"name\": \"release_action_ord\", \"type\": \"double\", \"unsigned\": true, \"defaultTo\": null, \"notNullable\": false}], \"indexes\": [{\"name\": \"strapi_release_actions_release_lnk_fk\", \"columns\": [\"release_action_id\"]}, {\"name\": \"strapi_release_actions_release_lnk_ifk\", \"columns\": [\"release_id\"]}, {\"name\": \"strapi_release_actions_release_lnk_uq\", \"type\": \"unique\", \"columns\": [\"release_action_id\", \"release_id\"]}, {\"name\": \"strapi_release_actions_release_lnk_oifk\", \"columns\": [\"release_action_ord\"]}], \"foreignKeys\": [{\"name\": \"strapi_release_actions_release_lnk_fk\", \"columns\": [\"release_action_id\"], \"onDelete\": \"CASCADE\", \"referencedTable\": \"strapi_release_actions\", \"referencedColumns\": [\"id\"]}, {\"name\": \"strapi_release_actions_release_lnk_ifk\", \"columns\": [\"release_id\"], \"onDelete\": \"CASCADE\", \"referencedTable\": \"strapi_releases\", \"referencedColumns\": [\"id\"]}]}, {\"name\": \"strapi_workflows_stages_workflow_lnk\", \"columns\": [{\"args\": [{\"primary\": true, \"primaryKey\": true}], \"name\": \"id\", \"type\": \"increments\", \"unsigned\": false, \"defaultTo\": null, \"notNullable\": true}, {\"args\": [], \"name\": \"workflow_stage_id\", \"type\": \"integer\", \"unsigned\": true, \"defaultTo\": null, \"notNullable\": false}, {\"args\": [], \"name\": \"workflow_id\", \"type\": \"integer\", \"unsigned\": true, \"defaultTo\": null, \"notNullable\": false}, {\"args\": [], \"name\": \"workflow_stage_ord\", \"type\": \"double\", \"unsigned\": true, \"defaultTo\": null, \"notNullable\": false}], \"indexes\": [{\"name\": \"strapi_workflows_stages_workflow_lnk_fk\", \"columns\": [\"workflow_stage_id\"]}, {\"name\": \"strapi_workflows_stages_workflow_lnk_ifk\", \"columns\": [\"workflow_id\"]}, {\"name\": \"strapi_workflows_stages_workflow_lnk_uq\", \"type\": \"unique\", \"columns\": [\"workflow_stage_id\", \"workflow_id\"]}, {\"name\": \"strapi_workflows_stages_workflow_lnk_oifk\", \"columns\": [\"workflow_stage_ord\"]}], \"foreignKeys\": [{\"name\": \"strapi_workflows_stages_workflow_lnk_fk\", \"columns\": [\"workflow_stage_id\"], \"onDelete\": \"CASCADE\", \"referencedTable\": \"strapi_workflows_stages\", \"referencedColumns\": [\"id\"]}, {\"name\": \"strapi_workflows_stages_workflow_lnk_ifk\", \"columns\": [\"workflow_id\"], \"onDelete\": \"CASCADE\", \"referencedTable\": \"strapi_workflows\", \"referencedColumns\": [\"id\"]}]}, {\"name\": \"strapi_workflows_stages_permissions_lnk\", \"columns\": [{\"args\": [{\"primary\": true, \"primaryKey\": true}], \"name\": \"id\", \"type\": \"increments\", \"unsigned\": false, \"defaultTo\": null, \"notNullable\": true}, {\"args\": [], \"name\": \"workflow_stage_id\", \"type\": \"integer\", \"unsigned\": true, \"defaultTo\": null, \"notNullable\": false}, {\"args\": [], \"name\": \"permission_id\", \"type\": \"integer\", \"unsigned\": true, \"defaultTo\": null, \"notNullable\": false}, {\"args\": [], \"name\": \"permission_ord\", \"type\": \"double\", \"unsigned\": true, \"defaultTo\": null, \"notNullable\": false}], \"indexes\": [{\"name\": \"strapi_workflows_stages_permissions_lnk_fk\", \"columns\": [\"workflow_stage_id\"]}, {\"name\": \"strapi_workflows_stages_permissions_lnk_ifk\", \"columns\": [\"permission_id\"]}, {\"name\": \"strapi_workflows_stages_permissions_lnk_uq\", \"type\": \"unique\", \"columns\": [\"workflow_stage_id\", \"permission_id\"]}, {\"name\": \"strapi_workflows_stages_permissions_lnk_ofk\", \"columns\": [\"permission_ord\"]}], \"foreignKeys\": [{\"name\": \"strapi_workflows_stages_permissions_lnk_fk\", \"columns\": [\"workflow_stage_id\"], \"onDelete\": \"CASCADE\", \"referencedTable\": \"strapi_workflows_stages\", \"referencedColumns\": [\"id\"]}, {\"name\": \"strapi_workflows_stages_permissions_lnk_ifk\", \"columns\": [\"permission_id\"], \"onDelete\": \"CASCADE\", \"referencedTable\": \"admin_permissions\", \"referencedColumns\": [\"id\"]}]}, {\"name\": \"up_permissions_role_lnk\", \"columns\": [{\"args\": [{\"primary\": true, \"primaryKey\": true}], \"name\": \"id\", \"type\": \"increments\", \"unsigned\": false, \"defaultTo\": null, \"notNullable\": true}, {\"args\": [], \"name\": \"permission_id\", \"type\": \"integer\", \"unsigned\": true, \"defaultTo\": null, \"notNullable\": false}, {\"args\": [], \"name\": \"role_id\", \"type\": \"integer\", \"unsigned\": true, \"defaultTo\": null, \"notNullable\": false}, {\"args\": [], \"name\": \"permission_ord\", \"type\": \"double\", \"unsigned\": true, \"defaultTo\": null, \"notNullable\": false}], \"indexes\": [{\"name\": \"up_permissions_role_lnk_fk\", \"columns\": [\"permission_id\"]}, {\"name\": \"up_permissions_role_lnk_ifk\", \"columns\": [\"role_id\"]}, {\"name\": \"up_permissions_role_lnk_uq\", \"type\": \"unique\", \"columns\": [\"permission_id\", \"role_id\"]}, {\"name\": \"up_permissions_role_lnk_oifk\", \"columns\": [\"permission_ord\"]}], \"foreignKeys\": [{\"name\": \"up_permissions_role_lnk_fk\", \"columns\": [\"permission_id\"], \"onDelete\": \"CASCADE\", \"referencedTable\": \"up_permissions\", \"referencedColumns\": [\"id\"]}, {\"name\": \"up_permissions_role_lnk_ifk\", \"columns\": [\"role_id\"], \"onDelete\": \"CASCADE\", \"referencedTable\": \"up_roles\", \"referencedColumns\": [\"id\"]}]}, {\"name\": \"up_users_role_lnk\", \"columns\": [{\"args\": [{\"primary\": true, \"primaryKey\": true}], \"name\": \"id\", \"type\": \"increments\", \"unsigned\": false, \"defaultTo\": null, \"notNullable\": true}, {\"args\": [], \"name\": \"user_id\", \"type\": \"integer\", \"unsigned\": true, \"defaultTo\": null, \"notNullable\": false}, {\"args\": [], \"name\": \"role_id\", \"type\": \"integer\", \"unsigned\": true, \"defaultTo\": null, \"notNullable\": false}, {\"args\": [], \"name\": \"user_ord\", \"type\": \"double\", \"unsigned\": true, \"defaultTo\": null, \"notNullable\": false}], \"indexes\": [{\"name\": \"up_users_role_lnk_fk\", \"columns\": [\"user_id\"]}, {\"name\": \"up_users_role_lnk_ifk\", \"columns\": [\"role_id\"]}, {\"name\": \"up_users_role_lnk_uq\", \"type\": \"unique\", \"columns\": [\"user_id\", \"role_id\"]}, {\"name\": \"up_users_role_lnk_oifk\", \"columns\": [\"user_ord\"]}], \"foreignKeys\": [{\"name\": \"up_users_role_lnk_fk\", \"columns\": [\"user_id\"], \"onDelete\": \"CASCADE\", \"referencedTable\": \"up_users\", \"referencedColumns\": [\"id\"]}, {\"name\": \"up_users_role_lnk_ifk\", \"columns\": [\"role_id\"], \"onDelete\": \"CASCADE\", \"referencedTable\": \"up_roles\", \"referencedColumns\": [\"id\"]}]}, {\"name\": \"categories_product_lnk\", \"columns\": [{\"args\": [{\"primary\": true, \"primaryKey\": true}], \"name\": \"id\", \"type\": \"increments\", \"unsigned\": false, \"defaultTo\": null, \"notNullable\": true}, {\"args\": [], \"name\": \"category_id\", \"type\": \"integer\", \"unsigned\": true, \"defaultTo\": null, \"notNullable\": false}, {\"args\": [], \"name\": \"product_id\", \"type\": \"integer\", \"unsigned\": true, \"defaultTo\": null, \"notNullable\": false}, {\"args\": [], \"name\": \"category_ord\", \"type\": \"double\", \"unsigned\": true, \"defaultTo\": null, \"notNullable\": false}], \"indexes\": [{\"name\": \"categories_product_lnk_fk\", \"columns\": [\"category_id\"]}, {\"name\": \"categories_product_lnk_ifk\", \"columns\": [\"product_id\"]}, {\"name\": \"categories_product_lnk_uq\", \"type\": \"unique\", \"columns\": [\"category_id\", \"product_id\"]}, {\"name\": \"categories_product_lnk_oifk\", \"columns\": [\"category_ord\"]}], \"foreignKeys\": [{\"name\": \"categories_product_lnk_fk\", \"columns\": [\"category_id\"], \"onDelete\": \"CASCADE\", \"referencedTable\": \"categories\", \"referencedColumns\": [\"id\"]}, {\"name\": \"categories_product_lnk_ifk\", \"columns\": [\"product_id\"], \"onDelete\": \"CASCADE\", \"referencedTable\": \"products\", \"referencedColumns\": [\"id\"]}]}, {\"name\": \"categories_category_lnk\", \"columns\": [{\"args\": [{\"primary\": true, \"primaryKey\": true}], \"name\": \"id\", \"type\": \"increments\", \"unsigned\": false, \"defaultTo\": null, \"notNullable\": true}, {\"args\": [], \"name\": \"category_id\", \"type\": \"integer\", \"unsigned\": true, \"defaultTo\": null, \"notNullable\": false}, {\"args\": [], \"name\": \"inv_category_id\", \"type\": \"integer\", \"unsigned\": true, \"defaultTo\": null, \"notNullable\": false}], \"indexes\": [{\"name\": \"categories_category_lnk_fk\", \"columns\": [\"category_id\"]}, {\"name\": \"categories_category_lnk_ifk\", \"columns\": [\"inv_category_id\"]}, {\"name\": \"categories_category_lnk_uq\", \"type\": \"unique\", \"columns\": [\"category_id\", \"inv_category_id\"]}], \"foreignKeys\": [{\"name\": \"categories_category_lnk_fk\", \"columns\": [\"category_id\"], \"onDelete\": \"CASCADE\", \"referencedTable\": \"categories\", \"referencedColumns\": [\"id\"]}, {\"name\": \"categories_category_lnk_ifk\", \"columns\": [\"inv_category_id\"], \"onDelete\": \"CASCADE\", \"referencedTable\": \"categories\", \"referencedColumns\": [\"id\"]}]}, {\"name\": \"sell_products_products_lnk\", \"columns\": [{\"args\": [{\"primary\": true, \"primaryKey\": true}], \"name\": \"id\", \"type\": \"increments\", \"unsigned\": false, \"defaultTo\": null, \"notNullable\": true}, {\"args\": [], \"name\": \"sell_product_id\", \"type\": \"integer\", \"unsigned\": true, \"defaultTo\": null, \"notNullable\": false}, {\"args\": [], \"name\": \"product_id\", \"type\": \"integer\", \"unsigned\": true, \"defaultTo\": null, \"notNullable\": false}, {\"args\": [], \"name\": \"product_ord\", \"type\": \"double\", \"unsigned\": true, \"defaultTo\": null, \"notNullable\": false}], \"indexes\": [{\"name\": \"sell_products_products_lnk_fk\", \"columns\": [\"sell_product_id\"]}, {\"name\": \"sell_products_products_lnk_ifk\", \"columns\": [\"product_id\"]}, {\"name\": \"sell_products_products_lnk_uq\", \"type\": \"unique\", \"columns\": [\"sell_product_id\", \"product_id\"]}, {\"name\": \"sell_products_products_lnk_ofk\", \"columns\": [\"product_ord\"]}], \"foreignKeys\": [{\"name\": \"sell_products_products_lnk_fk\", \"columns\": [\"sell_product_id\"], \"onDelete\": \"CASCADE\", \"referencedTable\": \"sell_products\", \"referencedColumns\": [\"id\"]}, {\"name\": \"sell_products_products_lnk_ifk\", \"columns\": [\"product_id\"], \"onDelete\": \"CASCADE\", \"referencedTable\": \"products\", \"referencedColumns\": [\"id\"]}]}, {\"name\": \"sell_products_users_permissions_user_lnk\", \"columns\": [{\"args\": [{\"primary\": true, \"primaryKey\": true}], \"name\": \"id\", \"type\": \"increments\", \"unsigned\": false, \"defaultTo\": null, \"notNullable\": true}, {\"args\": [], \"name\": \"sell_product_id\", \"type\": \"integer\", \"unsigned\": true, \"defaultTo\": null, \"notNullable\": false}, {\"args\": [], \"name\": \"user_id\", \"type\": \"integer\", \"unsigned\": true, \"defaultTo\": null, \"notNullable\": false}, {\"args\": [], \"name\": \"sell_product_ord\", \"type\": \"double\", \"unsigned\": true, \"defaultTo\": null, \"notNullable\": false}], \"indexes\": [{\"name\": \"sell_products_users_permissions_user_lnk_fk\", \"columns\": [\"sell_product_id\"]}, {\"name\": \"sell_products_users_permissions_user_lnk_ifk\", \"columns\": [\"user_id\"]}, {\"name\": \"sell_products_users_permissions_user_lnk_uq\", \"type\": \"unique\", \"columns\": [\"sell_product_id\", \"user_id\"]}, {\"name\": \"sell_products_users_permissions_user_lnk_oifk\", \"columns\": [\"sell_product_ord\"]}], \"foreignKeys\": [{\"name\": \"sell_products_users_permissions_user_lnk_fk\", \"columns\": [\"sell_product_id\"], \"onDelete\": \"CASCADE\", \"referencedTable\": \"sell_products\", \"referencedColumns\": [\"id\"]}, {\"name\": \"sell_products_users_permissions_user_lnk_ifk\", \"columns\": [\"user_id\"], \"onDelete\": \"CASCADE\", \"referencedTable\": \"up_users\", \"referencedColumns\": [\"id\"]}]}, {\"name\": \"admin_permissions_role_lnk\", \"columns\": [{\"args\": [{\"primary\": true, \"primaryKey\": true}], \"name\": \"id\", \"type\": \"increments\", \"unsigned\": false, \"defaultTo\": null, \"notNullable\": true}, {\"args\": [], \"name\": \"permission_id\", \"type\": \"integer\", \"unsigned\": true, \"defaultTo\": null, \"notNullable\": false}, {\"args\": [], \"name\": \"role_id\", \"type\": \"integer\", \"unsigned\": true, \"defaultTo\": null, \"notNullable\": false}, {\"args\": [], \"name\": \"permission_ord\", \"type\": \"double\", \"unsigned\": true, \"defaultTo\": null, \"notNullable\": false}], \"indexes\": [{\"name\": \"admin_permissions_role_lnk_fk\", \"columns\": [\"permission_id\"]}, {\"name\": \"admin_permissions_role_lnk_ifk\", \"columns\": [\"role_id\"]}, {\"name\": \"admin_permissions_role_lnk_uq\", \"type\": \"unique\", \"columns\": [\"permission_id\", \"role_id\"]}, {\"name\": \"admin_permissions_role_lnk_oifk\", \"columns\": [\"permission_ord\"]}], \"foreignKeys\": [{\"name\": \"admin_permissions_role_lnk_fk\", \"columns\": [\"permission_id\"], \"onDelete\": \"CASCADE\", \"referencedTable\": \"admin_permissions\", \"referencedColumns\": [\"id\"]}, {\"name\": \"admin_permissions_role_lnk_ifk\", \"columns\": [\"role_id\"], \"onDelete\": \"CASCADE\", \"referencedTable\": \"admin_roles\", \"referencedColumns\": [\"id\"]}]}, {\"name\": \"admin_users_roles_lnk\", \"columns\": [{\"args\": [{\"primary\": true, \"primaryKey\": true}], \"name\": \"id\", \"type\": \"increments\", \"unsigned\": false, \"defaultTo\": null, \"notNullable\": true}, {\"args\": [], \"name\": \"user_id\", \"type\": \"integer\", \"unsigned\": true, \"defaultTo\": null, \"notNullable\": false}, {\"args\": [], \"name\": \"role_id\", \"type\": \"integer\", \"unsigned\": true, \"defaultTo\": null, \"notNullable\": false}, {\"args\": [], \"name\": \"role_ord\", \"type\": \"double\", \"unsigned\": true, \"defaultTo\": null, \"notNullable\": false}, {\"args\": [], \"name\": \"user_ord\", \"type\": \"double\", \"unsigned\": true, \"defaultTo\": null, \"notNullable\": false}], \"indexes\": [{\"name\": \"admin_users_roles_lnk_fk\", \"columns\": [\"user_id\"]}, {\"name\": \"admin_users_roles_lnk_ifk\", \"columns\": [\"role_id\"]}, {\"name\": \"admin_users_roles_lnk_uq\", \"type\": \"unique\", \"columns\": [\"user_id\", \"role_id\"]}, {\"name\": \"admin_users_roles_lnk_ofk\", \"columns\": [\"role_ord\"]}, {\"name\": \"admin_users_roles_lnk_oifk\", \"columns\": [\"user_ord\"]}], \"foreignKeys\": [{\"name\": \"admin_users_roles_lnk_fk\", \"columns\": [\"user_id\"], \"onDelete\": \"CASCADE\", \"referencedTable\": \"admin_users\", \"referencedColumns\": [\"id\"]}, {\"name\": \"admin_users_roles_lnk_ifk\", \"columns\": [\"role_id\"], \"onDelete\": \"CASCADE\", \"referencedTable\": \"admin_roles\", \"referencedColumns\": [\"id\"]}]}, {\"name\": \"strapi_api_token_permissions_token_lnk\", \"columns\": [{\"args\": [{\"primary\": true, \"primaryKey\": true}], \"name\": \"id\", \"type\": \"increments\", \"unsigned\": false, \"defaultTo\": null, \"notNullable\": true}, {\"args\": [], \"name\": \"api_token_permission_id\", \"type\": \"integer\", \"unsigned\": true, \"defaultTo\": null, \"notNullable\": false}, {\"args\": [], \"name\": \"api_token_id\", \"type\": \"integer\", \"unsigned\": true, \"defaultTo\": null, \"notNullable\": false}, {\"args\": [], \"name\": \"api_token_permission_ord\", \"type\": \"double\", \"unsigned\": true, \"defaultTo\": null, \"notNullable\": false}], \"indexes\": [{\"name\": \"strapi_api_token_permissions_token_lnk_fk\", \"columns\": [\"api_token_permission_id\"]}, {\"name\": \"strapi_api_token_permissions_token_lnk_ifk\", \"columns\": [\"api_token_id\"]}, {\"name\": \"strapi_api_token_permissions_token_lnk_uq\", \"type\": \"unique\", \"columns\": [\"api_token_permission_id\", \"api_token_id\"]}, {\"name\": \"strapi_api_token_permissions_token_lnk_oifk\", \"columns\": [\"api_token_permission_ord\"]}], \"foreignKeys\": [{\"name\": \"strapi_api_token_permissions_token_lnk_fk\", \"columns\": [\"api_token_permission_id\"], \"onDelete\": \"CASCADE\", \"referencedTable\": \"strapi_api_token_permissions\", \"referencedColumns\": [\"id\"]}, {\"name\": \"strapi_api_token_permissions_token_lnk_ifk\", \"columns\": [\"api_token_id\"], \"onDelete\": \"CASCADE\", \"referencedTable\": \"strapi_api_tokens\", \"referencedColumns\": [\"id\"]}]}, {\"name\": \"strapi_transfer_token_permissions_token_lnk\", \"columns\": [{\"args\": [{\"primary\": true, \"primaryKey\": true}], \"name\": \"id\", \"type\": \"increments\", \"unsigned\": false, \"defaultTo\": null, \"notNullable\": true}, {\"args\": [], \"name\": \"transfer_token_permission_id\", \"type\": \"integer\", \"unsigned\": true, \"defaultTo\": null, \"notNullable\": false}, {\"args\": [], \"name\": \"transfer_token_id\", \"type\": \"integer\", \"unsigned\": true, \"defaultTo\": null, \"notNullable\": false}, {\"args\": [], \"name\": \"transfer_token_permission_ord\", \"type\": \"double\", \"unsigned\": true, \"defaultTo\": null, \"notNullable\": false}], \"indexes\": [{\"name\": \"strapi_transfer_token_permissions_token_lnk_fk\", \"columns\": [\"transfer_token_permission_id\"]}, {\"name\": \"strapi_transfer_token_permissions_token_lnk_ifk\", \"columns\": [\"transfer_token_id\"]}, {\"name\": \"strapi_transfer_token_permissions_token_lnk_uq\", \"type\": \"unique\", \"columns\": [\"transfer_token_permission_id\", \"transfer_token_id\"]}, {\"name\": \"strapi_transfer_token_permissions_token_lnk_oifk\", \"columns\": [\"transfer_token_permission_ord\"]}], \"foreignKeys\": [{\"name\": \"strapi_transfer_token_permissions_token_lnk_fk\", \"columns\": [\"transfer_token_permission_id\"], \"onDelete\": \"CASCADE\", \"referencedTable\": \"strapi_transfer_token_permissions\", \"referencedColumns\": [\"id\"]}, {\"name\": \"strapi_transfer_token_permissions_token_lnk_ifk\", \"columns\": [\"transfer_token_id\"], \"onDelete\": \"CASCADE\", \"referencedTable\": \"strapi_transfer_tokens\", \"referencedColumns\": [\"id\"]}]}]}','2024-12-04 03:37:46','389fd00baf5fa6a4d628bf7ad212e4a4');
/*!40000 ALTER TABLE `strapi_database_schema` ENABLE KEYS */;
UNLOCK TABLES;

--
-- Table structure for table `strapi_history_versions`
--

DROP TABLE IF EXISTS `strapi_history_versions`;
/*!40101 SET @saved_cs_client     = @@character_set_client */;
/*!50503 SET character_set_client = utf8mb4 */;
CREATE TABLE `strapi_history_versions` (
  `id` int unsigned NOT NULL AUTO_INCREMENT,
  `content_type` varchar(255) NOT NULL,
  `related_document_id` varchar(255) DEFAULT NULL,
  `locale` varchar(255) DEFAULT NULL,
  `status` varchar(255) DEFAULT NULL,
  `data` json DEFAULT NULL,
  `schema` json DEFAULT NULL,
  `created_at` datetime(6) DEFAULT NULL,
  `created_by_id` int unsigned DEFAULT NULL,
  PRIMARY KEY (`id`),
  KEY `strapi_history_versions_created_by_id_fk` (`created_by_id`),
  CONSTRAINT `strapi_history_versions_created_by_id_fk` FOREIGN KEY (`created_by_id`) REFERENCES `admin_users` (`id`) ON DELETE SET NULL
) ENGINE=InnoDB DEFAULT CHARSET=utf8mb4 COLLATE=utf8mb4_0900_ai_ci;
/*!40101 SET character_set_client = @saved_cs_client */;

--
-- Dumping data for table `strapi_history_versions`
--

LOCK TABLES `strapi_history_versions` WRITE;
/*!40000 ALTER TABLE `strapi_history_versions` DISABLE KEYS */;
/*!40000 ALTER TABLE `strapi_history_versions` ENABLE KEYS */;
UNLOCK TABLES;

--
-- Table structure for table `strapi_migrations`
--

DROP TABLE IF EXISTS `strapi_migrations`;
/*!40101 SET @saved_cs_client     = @@character_set_client */;
/*!50503 SET character_set_client = utf8mb4 */;
CREATE TABLE `strapi_migrations` (
  `id` int unsigned NOT NULL AUTO_INCREMENT,
  `name` varchar(255) DEFAULT NULL,
  `time` datetime DEFAULT NULL,
  PRIMARY KEY (`id`)
) ENGINE=InnoDB DEFAULT CHARSET=utf8mb4 COLLATE=utf8mb4_0900_ai_ci;
/*!40101 SET character_set_client = @saved_cs_client */;

--
-- Dumping data for table `strapi_migrations`
--

LOCK TABLES `strapi_migrations` WRITE;
/*!40000 ALTER TABLE `strapi_migrations` DISABLE KEYS */;
/*!40000 ALTER TABLE `strapi_migrations` ENABLE KEYS */;
UNLOCK TABLES;

--
-- Table structure for table `strapi_migrations_internal`
--

DROP TABLE IF EXISTS `strapi_migrations_internal`;
/*!40101 SET @saved_cs_client     = @@character_set_client */;
/*!50503 SET character_set_client = utf8mb4 */;
CREATE TABLE `strapi_migrations_internal` (
  `id` int unsigned NOT NULL AUTO_INCREMENT,
  `name` varchar(255) DEFAULT NULL,
  `time` datetime DEFAULT NULL,
  PRIMARY KEY (`id`)
) ENGINE=InnoDB AUTO_INCREMENT=7 DEFAULT CHARSET=utf8mb4 COLLATE=utf8mb4_0900_ai_ci;
/*!40101 SET character_set_client = @saved_cs_client */;

--
-- Dumping data for table `strapi_migrations_internal`
--

LOCK TABLES `strapi_migrations_internal` WRITE;
/*!40000 ALTER TABLE `strapi_migrations_internal` DISABLE KEYS */;
INSERT INTO `strapi_migrations_internal` VALUES (1,'5.0.0-rename-identifiers-longer-than-max-length','2024-09-23 16:25:56'),(2,'5.0.0-02-created-document-id','2024-09-23 16:25:56'),(3,'5.0.0-03-created-locale','2024-09-23 16:25:56'),(4,'5.0.0-04-created-published-at','2024-09-23 16:25:56'),(5,'5.0.0-05-drop-slug-fields-index','2024-09-23 16:25:56'),(6,'core::5.0.0-discard-drafts','2024-09-23 16:25:56');
/*!40000 ALTER TABLE `strapi_migrations_internal` ENABLE KEYS */;
UNLOCK TABLES;

--
-- Table structure for table `strapi_release_actions`
--

DROP TABLE IF EXISTS `strapi_release_actions`;
/*!40101 SET @saved_cs_client     = @@character_set_client */;
/*!50503 SET character_set_client = utf8mb4 */;
CREATE TABLE `strapi_release_actions` (
  `id` int unsigned NOT NULL AUTO_INCREMENT,
  `document_id` varchar(255) DEFAULT NULL,
  `type` varchar(255) DEFAULT NULL,
  `content_type` varchar(255) DEFAULT NULL,
  `entry_document_id` varchar(255) DEFAULT NULL,
  `locale` varchar(255) DEFAULT NULL,
  `is_entry_valid` tinyint(1) DEFAULT NULL,
  `created_at` datetime(6) DEFAULT NULL,
  `updated_at` datetime(6) DEFAULT NULL,
  `published_at` datetime(6) DEFAULT NULL,
  `created_by_id` int unsigned DEFAULT NULL,
  `updated_by_id` int unsigned DEFAULT NULL,
  PRIMARY KEY (`id`),
  KEY `strapi_release_actions_documents_idx` (`document_id`,`locale`,`published_at`),
  KEY `strapi_release_actions_created_by_id_fk` (`created_by_id`),
  KEY `strapi_release_actions_updated_by_id_fk` (`updated_by_id`),
  CONSTRAINT `strapi_release_actions_created_by_id_fk` FOREIGN KEY (`created_by_id`) REFERENCES `admin_users` (`id`) ON DELETE SET NULL,
  CONSTRAINT `strapi_release_actions_updated_by_id_fk` FOREIGN KEY (`updated_by_id`) REFERENCES `admin_users` (`id`) ON DELETE SET NULL
) ENGINE=InnoDB DEFAULT CHARSET=utf8mb4 COLLATE=utf8mb4_0900_ai_ci;
/*!40101 SET character_set_client = @saved_cs_client */;

--
-- Dumping data for table `strapi_release_actions`
--

LOCK TABLES `strapi_release_actions` WRITE;
/*!40000 ALTER TABLE `strapi_release_actions` DISABLE KEYS */;
/*!40000 ALTER TABLE `strapi_release_actions` ENABLE KEYS */;
UNLOCK TABLES;

--
-- Table structure for table `strapi_release_actions_release_lnk`
--

DROP TABLE IF EXISTS `strapi_release_actions_release_lnk`;
/*!40101 SET @saved_cs_client     = @@character_set_client */;
/*!50503 SET character_set_client = utf8mb4 */;
CREATE TABLE `strapi_release_actions_release_lnk` (
  `id` int unsigned NOT NULL AUTO_INCREMENT,
  `release_action_id` int unsigned DEFAULT NULL,
  `release_id` int unsigned DEFAULT NULL,
  `release_action_ord` double unsigned DEFAULT NULL,
  PRIMARY KEY (`id`),
  UNIQUE KEY `strapi_release_actions_release_lnk_uq` (`release_action_id`,`release_id`),
  KEY `strapi_release_actions_release_lnk_fk` (`release_action_id`),
  KEY `strapi_release_actions_release_lnk_ifk` (`release_id`),
  KEY `strapi_release_actions_release_lnk_oifk` (`release_action_ord`),
  CONSTRAINT `strapi_release_actions_release_lnk_fk` FOREIGN KEY (`release_action_id`) REFERENCES `strapi_release_actions` (`id`) ON DELETE CASCADE,
  CONSTRAINT `strapi_release_actions_release_lnk_ifk` FOREIGN KEY (`release_id`) REFERENCES `strapi_releases` (`id`) ON DELETE CASCADE
) ENGINE=InnoDB DEFAULT CHARSET=utf8mb4 COLLATE=utf8mb4_0900_ai_ci;
/*!40101 SET character_set_client = @saved_cs_client */;

--
-- Dumping data for table `strapi_release_actions_release_lnk`
--

LOCK TABLES `strapi_release_actions_release_lnk` WRITE;
/*!40000 ALTER TABLE `strapi_release_actions_release_lnk` DISABLE KEYS */;
/*!40000 ALTER TABLE `strapi_release_actions_release_lnk` ENABLE KEYS */;
UNLOCK TABLES;

--
-- Table structure for table `strapi_releases`
--

DROP TABLE IF EXISTS `strapi_releases`;
/*!40101 SET @saved_cs_client     = @@character_set_client */;
/*!50503 SET character_set_client = utf8mb4 */;
CREATE TABLE `strapi_releases` (
  `id` int unsigned NOT NULL AUTO_INCREMENT,
  `document_id` varchar(255) DEFAULT NULL,
  `name` varchar(255) DEFAULT NULL,
  `released_at` datetime(6) DEFAULT NULL,
  `scheduled_at` datetime(6) DEFAULT NULL,
  `timezone` varchar(255) DEFAULT NULL,
  `status` varchar(255) DEFAULT NULL,
  `created_at` datetime(6) DEFAULT NULL,
  `updated_at` datetime(6) DEFAULT NULL,
  `published_at` datetime(6) DEFAULT NULL,
  `created_by_id` int unsigned DEFAULT NULL,
  `updated_by_id` int unsigned DEFAULT NULL,
  `locale` varchar(255) DEFAULT NULL,
  PRIMARY KEY (`id`),
  KEY `strapi_releases_documents_idx` (`document_id`,`locale`,`published_at`),
  KEY `strapi_releases_created_by_id_fk` (`created_by_id`),
  KEY `strapi_releases_updated_by_id_fk` (`updated_by_id`),
  CONSTRAINT `strapi_releases_created_by_id_fk` FOREIGN KEY (`created_by_id`) REFERENCES `admin_users` (`id`) ON DELETE SET NULL,
  CONSTRAINT `strapi_releases_updated_by_id_fk` FOREIGN KEY (`updated_by_id`) REFERENCES `admin_users` (`id`) ON DELETE SET NULL
) ENGINE=InnoDB DEFAULT CHARSET=utf8mb4 COLLATE=utf8mb4_0900_ai_ci;
/*!40101 SET character_set_client = @saved_cs_client */;

--
-- Dumping data for table `strapi_releases`
--

LOCK TABLES `strapi_releases` WRITE;
/*!40000 ALTER TABLE `strapi_releases` DISABLE KEYS */;
/*!40000 ALTER TABLE `strapi_releases` ENABLE KEYS */;
UNLOCK TABLES;

--
-- Table structure for table `strapi_transfer_token_permissions`
--

DROP TABLE IF EXISTS `strapi_transfer_token_permissions`;
/*!40101 SET @saved_cs_client     = @@character_set_client */;
/*!50503 SET character_set_client = utf8mb4 */;
CREATE TABLE `strapi_transfer_token_permissions` (
  `id` int unsigned NOT NULL AUTO_INCREMENT,
  `document_id` varchar(255) DEFAULT NULL,
  `action` varchar(255) DEFAULT NULL,
  `created_at` datetime(6) DEFAULT NULL,
  `updated_at` datetime(6) DEFAULT NULL,
  `published_at` datetime(6) DEFAULT NULL,
  `created_by_id` int unsigned DEFAULT NULL,
  `updated_by_id` int unsigned DEFAULT NULL,
  `locale` varchar(255) DEFAULT NULL,
  PRIMARY KEY (`id`),
  KEY `strapi_transfer_token_permissions_documents_idx` (`document_id`,`locale`,`published_at`),
  KEY `strapi_transfer_token_permissions_created_by_id_fk` (`created_by_id`),
  KEY `strapi_transfer_token_permissions_updated_by_id_fk` (`updated_by_id`),
  CONSTRAINT `strapi_transfer_token_permissions_created_by_id_fk` FOREIGN KEY (`created_by_id`) REFERENCES `admin_users` (`id`) ON DELETE SET NULL,
  CONSTRAINT `strapi_transfer_token_permissions_updated_by_id_fk` FOREIGN KEY (`updated_by_id`) REFERENCES `admin_users` (`id`) ON DELETE SET NULL
) ENGINE=InnoDB DEFAULT CHARSET=utf8mb4 COLLATE=utf8mb4_0900_ai_ci;
/*!40101 SET character_set_client = @saved_cs_client */;

--
-- Dumping data for table `strapi_transfer_token_permissions`
--

LOCK TABLES `strapi_transfer_token_permissions` WRITE;
/*!40000 ALTER TABLE `strapi_transfer_token_permissions` DISABLE KEYS */;
/*!40000 ALTER TABLE `strapi_transfer_token_permissions` ENABLE KEYS */;
UNLOCK TABLES;

--
-- Table structure for table `strapi_transfer_token_permissions_token_lnk`
--

DROP TABLE IF EXISTS `strapi_transfer_token_permissions_token_lnk`;
/*!40101 SET @saved_cs_client     = @@character_set_client */;
/*!50503 SET character_set_client = utf8mb4 */;
CREATE TABLE `strapi_transfer_token_permissions_token_lnk` (
  `id` int unsigned NOT NULL AUTO_INCREMENT,
  `transfer_token_permission_id` int unsigned DEFAULT NULL,
  `transfer_token_id` int unsigned DEFAULT NULL,
  `transfer_token_permission_ord` double unsigned DEFAULT NULL,
  PRIMARY KEY (`id`),
  UNIQUE KEY `strapi_transfer_token_permissions_token_lnk_uq` (`transfer_token_permission_id`,`transfer_token_id`),
  KEY `strapi_transfer_token_permissions_token_lnk_fk` (`transfer_token_permission_id`),
  KEY `strapi_transfer_token_permissions_token_lnk_ifk` (`transfer_token_id`),
  KEY `strapi_transfer_token_permissions_token_lnk_oifk` (`transfer_token_permission_ord`),
  CONSTRAINT `strapi_transfer_token_permissions_token_lnk_fk` FOREIGN KEY (`transfer_token_permission_id`) REFERENCES `strapi_transfer_token_permissions` (`id`) ON DELETE CASCADE,
  CONSTRAINT `strapi_transfer_token_permissions_token_lnk_ifk` FOREIGN KEY (`transfer_token_id`) REFERENCES `strapi_transfer_tokens` (`id`) ON DELETE CASCADE
) ENGINE=InnoDB DEFAULT CHARSET=utf8mb4 COLLATE=utf8mb4_0900_ai_ci;
/*!40101 SET character_set_client = @saved_cs_client */;

--
-- Dumping data for table `strapi_transfer_token_permissions_token_lnk`
--

LOCK TABLES `strapi_transfer_token_permissions_token_lnk` WRITE;
/*!40000 ALTER TABLE `strapi_transfer_token_permissions_token_lnk` DISABLE KEYS */;
/*!40000 ALTER TABLE `strapi_transfer_token_permissions_token_lnk` ENABLE KEYS */;
UNLOCK TABLES;

--
-- Table structure for table `strapi_transfer_tokens`
--

DROP TABLE IF EXISTS `strapi_transfer_tokens`;
/*!40101 SET @saved_cs_client     = @@character_set_client */;
/*!50503 SET character_set_client = utf8mb4 */;
CREATE TABLE `strapi_transfer_tokens` (
  `id` int unsigned NOT NULL AUTO_INCREMENT,
  `document_id` varchar(255) DEFAULT NULL,
  `name` varchar(255) DEFAULT NULL,
  `description` varchar(255) DEFAULT NULL,
  `access_key` varchar(255) DEFAULT NULL,
  `last_used_at` datetime(6) DEFAULT NULL,
  `expires_at` datetime(6) DEFAULT NULL,
  `lifespan` bigint DEFAULT NULL,
  `created_at` datetime(6) DEFAULT NULL,
  `updated_at` datetime(6) DEFAULT NULL,
  `published_at` datetime(6) DEFAULT NULL,
  `created_by_id` int unsigned DEFAULT NULL,
  `updated_by_id` int unsigned DEFAULT NULL,
  `locale` varchar(255) DEFAULT NULL,
  PRIMARY KEY (`id`),
  KEY `strapi_transfer_tokens_documents_idx` (`document_id`,`locale`,`published_at`),
  KEY `strapi_transfer_tokens_created_by_id_fk` (`created_by_id`),
  KEY `strapi_transfer_tokens_updated_by_id_fk` (`updated_by_id`),
  CONSTRAINT `strapi_transfer_tokens_created_by_id_fk` FOREIGN KEY (`created_by_id`) REFERENCES `admin_users` (`id`) ON DELETE SET NULL,
  CONSTRAINT `strapi_transfer_tokens_updated_by_id_fk` FOREIGN KEY (`updated_by_id`) REFERENCES `admin_users` (`id`) ON DELETE SET NULL
) ENGINE=InnoDB DEFAULT CHARSET=utf8mb4 COLLATE=utf8mb4_0900_ai_ci;
/*!40101 SET character_set_client = @saved_cs_client */;

--
-- Dumping data for table `strapi_transfer_tokens`
--

LOCK TABLES `strapi_transfer_tokens` WRITE;
/*!40000 ALTER TABLE `strapi_transfer_tokens` DISABLE KEYS */;
/*!40000 ALTER TABLE `strapi_transfer_tokens` ENABLE KEYS */;
UNLOCK TABLES;

--
-- Table structure for table `strapi_webhooks`
--

DROP TABLE IF EXISTS `strapi_webhooks`;
/*!40101 SET @saved_cs_client     = @@character_set_client */;
/*!50503 SET character_set_client = utf8mb4 */;
CREATE TABLE `strapi_webhooks` (
  `id` int unsigned NOT NULL AUTO_INCREMENT,
  `name` varchar(255) DEFAULT NULL,
  `url` longtext,
  `headers` json DEFAULT NULL,
  `events` json DEFAULT NULL,
  `enabled` tinyint(1) DEFAULT NULL,
  PRIMARY KEY (`id`)
) ENGINE=InnoDB DEFAULT CHARSET=utf8mb4 COLLATE=utf8mb4_0900_ai_ci;
/*!40101 SET character_set_client = @saved_cs_client */;

--
-- Dumping data for table `strapi_webhooks`
--

LOCK TABLES `strapi_webhooks` WRITE;
/*!40000 ALTER TABLE `strapi_webhooks` DISABLE KEYS */;
/*!40000 ALTER TABLE `strapi_webhooks` ENABLE KEYS */;
UNLOCK TABLES;

--
-- Table structure for table `strapi_workflows`
--

DROP TABLE IF EXISTS `strapi_workflows`;
/*!40101 SET @saved_cs_client     = @@character_set_client */;
/*!50503 SET character_set_client = utf8mb4 */;
CREATE TABLE `strapi_workflows` (
  `id` int unsigned NOT NULL AUTO_INCREMENT,
  `document_id` varchar(255) DEFAULT NULL,
  `name` varchar(255) DEFAULT NULL,
  `content_types` json DEFAULT NULL,
  `created_at` datetime(6) DEFAULT NULL,
  `updated_at` datetime(6) DEFAULT NULL,
  `published_at` datetime(6) DEFAULT NULL,
  `created_by_id` int unsigned DEFAULT NULL,
  `updated_by_id` int unsigned DEFAULT NULL,
  `locale` varchar(255) DEFAULT NULL,
  PRIMARY KEY (`id`),
  KEY `strapi_workflows_documents_idx` (`document_id`,`locale`,`published_at`),
  KEY `strapi_workflows_created_by_id_fk` (`created_by_id`),
  KEY `strapi_workflows_updated_by_id_fk` (`updated_by_id`),
  CONSTRAINT `strapi_workflows_created_by_id_fk` FOREIGN KEY (`created_by_id`) REFERENCES `admin_users` (`id`) ON DELETE SET NULL,
  CONSTRAINT `strapi_workflows_updated_by_id_fk` FOREIGN KEY (`updated_by_id`) REFERENCES `admin_users` (`id`) ON DELETE SET NULL
) ENGINE=InnoDB DEFAULT CHARSET=utf8mb4 COLLATE=utf8mb4_0900_ai_ci;
/*!40101 SET character_set_client = @saved_cs_client */;

--
-- Dumping data for table `strapi_workflows`
--

LOCK TABLES `strapi_workflows` WRITE;
/*!40000 ALTER TABLE `strapi_workflows` DISABLE KEYS */;
/*!40000 ALTER TABLE `strapi_workflows` ENABLE KEYS */;
UNLOCK TABLES;

--
-- Table structure for table `strapi_workflows_stages`
--

DROP TABLE IF EXISTS `strapi_workflows_stages`;
/*!40101 SET @saved_cs_client     = @@character_set_client */;
/*!50503 SET character_set_client = utf8mb4 */;
CREATE TABLE `strapi_workflows_stages` (
  `id` int unsigned NOT NULL AUTO_INCREMENT,
  `document_id` varchar(255) DEFAULT NULL,
  `name` varchar(255) DEFAULT NULL,
  `color` varchar(255) DEFAULT NULL,
  `created_at` datetime(6) DEFAULT NULL,
  `updated_at` datetime(6) DEFAULT NULL,
  `published_at` datetime(6) DEFAULT NULL,
  `created_by_id` int unsigned DEFAULT NULL,
  `updated_by_id` int unsigned DEFAULT NULL,
  `locale` varchar(255) DEFAULT NULL,
  PRIMARY KEY (`id`),
  KEY `strapi_workflows_stages_documents_idx` (`document_id`,`locale`,`published_at`),
  KEY `strapi_workflows_stages_created_by_id_fk` (`created_by_id`),
  KEY `strapi_workflows_stages_updated_by_id_fk` (`updated_by_id`),
  CONSTRAINT `strapi_workflows_stages_created_by_id_fk` FOREIGN KEY (`created_by_id`) REFERENCES `admin_users` (`id`) ON DELETE SET NULL,
  CONSTRAINT `strapi_workflows_stages_updated_by_id_fk` FOREIGN KEY (`updated_by_id`) REFERENCES `admin_users` (`id`) ON DELETE SET NULL
) ENGINE=InnoDB DEFAULT CHARSET=utf8mb4 COLLATE=utf8mb4_0900_ai_ci;
/*!40101 SET character_set_client = @saved_cs_client */;

--
-- Dumping data for table `strapi_workflows_stages`
--

LOCK TABLES `strapi_workflows_stages` WRITE;
/*!40000 ALTER TABLE `strapi_workflows_stages` DISABLE KEYS */;
/*!40000 ALTER TABLE `strapi_workflows_stages` ENABLE KEYS */;
UNLOCK TABLES;

--
-- Table structure for table `strapi_workflows_stages_permissions_lnk`
--

DROP TABLE IF EXISTS `strapi_workflows_stages_permissions_lnk`;
/*!40101 SET @saved_cs_client     = @@character_set_client */;
/*!50503 SET character_set_client = utf8mb4 */;
CREATE TABLE `strapi_workflows_stages_permissions_lnk` (
  `id` int unsigned NOT NULL AUTO_INCREMENT,
  `workflow_stage_id` int unsigned DEFAULT NULL,
  `permission_id` int unsigned DEFAULT NULL,
  `permission_ord` double unsigned DEFAULT NULL,
  PRIMARY KEY (`id`),
  UNIQUE KEY `strapi_workflows_stages_permissions_lnk_uq` (`workflow_stage_id`,`permission_id`),
  KEY `strapi_workflows_stages_permissions_lnk_fk` (`workflow_stage_id`),
  KEY `strapi_workflows_stages_permissions_lnk_ifk` (`permission_id`),
  KEY `strapi_workflows_stages_permissions_lnk_ofk` (`permission_ord`),
  CONSTRAINT `strapi_workflows_stages_permissions_lnk_fk` FOREIGN KEY (`workflow_stage_id`) REFERENCES `strapi_workflows_stages` (`id`) ON DELETE CASCADE,
  CONSTRAINT `strapi_workflows_stages_permissions_lnk_ifk` FOREIGN KEY (`permission_id`) REFERENCES `admin_permissions` (`id`) ON DELETE CASCADE
) ENGINE=InnoDB DEFAULT CHARSET=utf8mb4 COLLATE=utf8mb4_0900_ai_ci;
/*!40101 SET character_set_client = @saved_cs_client */;

--
-- Dumping data for table `strapi_workflows_stages_permissions_lnk`
--

LOCK TABLES `strapi_workflows_stages_permissions_lnk` WRITE;
/*!40000 ALTER TABLE `strapi_workflows_stages_permissions_lnk` DISABLE KEYS */;
/*!40000 ALTER TABLE `strapi_workflows_stages_permissions_lnk` ENABLE KEYS */;
UNLOCK TABLES;

--
-- Table structure for table `strapi_workflows_stages_workflow_lnk`
--

DROP TABLE IF EXISTS `strapi_workflows_stages_workflow_lnk`;
/*!40101 SET @saved_cs_client     = @@character_set_client */;
/*!50503 SET character_set_client = utf8mb4 */;
CREATE TABLE `strapi_workflows_stages_workflow_lnk` (
  `id` int unsigned NOT NULL AUTO_INCREMENT,
  `workflow_stage_id` int unsigned DEFAULT NULL,
  `workflow_id` int unsigned DEFAULT NULL,
  `workflow_stage_ord` double unsigned DEFAULT NULL,
  PRIMARY KEY (`id`),
  UNIQUE KEY `strapi_workflows_stages_workflow_lnk_uq` (`workflow_stage_id`,`workflow_id`),
  KEY `strapi_workflows_stages_workflow_lnk_fk` (`workflow_stage_id`),
  KEY `strapi_workflows_stages_workflow_lnk_ifk` (`workflow_id`),
  KEY `strapi_workflows_stages_workflow_lnk_oifk` (`workflow_stage_ord`),
  CONSTRAINT `strapi_workflows_stages_workflow_lnk_fk` FOREIGN KEY (`workflow_stage_id`) REFERENCES `strapi_workflows_stages` (`id`) ON DELETE CASCADE,
  CONSTRAINT `strapi_workflows_stages_workflow_lnk_ifk` FOREIGN KEY (`workflow_id`) REFERENCES `strapi_workflows` (`id`) ON DELETE CASCADE
) ENGINE=InnoDB DEFAULT CHARSET=utf8mb4 COLLATE=utf8mb4_0900_ai_ci;
/*!40101 SET character_set_client = @saved_cs_client */;

--
-- Dumping data for table `strapi_workflows_stages_workflow_lnk`
--

LOCK TABLES `strapi_workflows_stages_workflow_lnk` WRITE;
/*!40000 ALTER TABLE `strapi_workflows_stages_workflow_lnk` DISABLE KEYS */;
/*!40000 ALTER TABLE `strapi_workflows_stages_workflow_lnk` ENABLE KEYS */;
UNLOCK TABLES;

--
-- Table structure for table `up_permissions`
--

DROP TABLE IF EXISTS `up_permissions`;
/*!40101 SET @saved_cs_client     = @@character_set_client */;
/*!50503 SET character_set_client = utf8mb4 */;
CREATE TABLE `up_permissions` (
  `id` int unsigned NOT NULL AUTO_INCREMENT,
  `document_id` varchar(255) DEFAULT NULL,
  `action` varchar(255) DEFAULT NULL,
  `created_at` datetime(6) DEFAULT NULL,
  `updated_at` datetime(6) DEFAULT NULL,
  `published_at` datetime(6) DEFAULT NULL,
  `created_by_id` int unsigned DEFAULT NULL,
  `updated_by_id` int unsigned DEFAULT NULL,
  `locale` varchar(255) DEFAULT NULL,
  PRIMARY KEY (`id`),
  KEY `up_permissions_documents_idx` (`document_id`,`locale`,`published_at`),
  KEY `up_permissions_created_by_id_fk` (`created_by_id`),
  KEY `up_permissions_updated_by_id_fk` (`updated_by_id`),
  CONSTRAINT `up_permissions_created_by_id_fk` FOREIGN KEY (`created_by_id`) REFERENCES `admin_users` (`id`) ON DELETE SET NULL,
  CONSTRAINT `up_permissions_updated_by_id_fk` FOREIGN KEY (`updated_by_id`) REFERENCES `admin_users` (`id`) ON DELETE SET NULL
) ENGINE=InnoDB AUTO_INCREMENT=35 DEFAULT CHARSET=utf8mb4 COLLATE=utf8mb4_0900_ai_ci;
/*!40101 SET character_set_client = @saved_cs_client */;

--
-- Dumping data for table `up_permissions`
--

LOCK TABLES `up_permissions` WRITE;
/*!40000 ALTER TABLE `up_permissions` DISABLE KEYS */;
INSERT INTO `up_permissions` VALUES (1,'plsji7mgffqvqacbjggassms','plugin::users-permissions.user.me','2024-09-23 16:26:09.533000','2024-09-23 16:26:09.533000','2024-09-23 16:26:09.533000',NULL,NULL,NULL),(2,'wlvqfgdss5qudxxfmtutpjs7','plugin::users-permissions.auth.changePassword','2024-09-23 16:26:09.533000','2024-09-23 16:26:09.533000','2024-09-23 16:26:09.534000',NULL,NULL,NULL),(3,'iklb6nt15jvlznuudk969px2','plugin::users-permissions.auth.callback','2024-09-23 16:26:09.581000','2024-09-23 16:26:09.581000','2024-09-23 16:26:09.581000',NULL,NULL,NULL),(4,'v6yo47gymcc6uhq4kjyhykio','plugin::users-permissions.auth.connect','2024-09-23 16:26:09.581000','2024-09-23 16:26:09.581000','2024-09-23 16:26:09.581000',NULL,NULL,NULL),(5,'ckz64531awct41q7bct9oup2','plugin::users-permissions.auth.resetPassword','2024-09-23 16:26:09.581000','2024-09-23 16:26:09.581000','2024-09-23 16:26:09.582000',NULL,NULL,NULL),(6,'kqs52cnmpupgvpi27wwfq0wc','plugin::users-permissions.auth.forgotPassword','2024-09-23 16:26:09.581000','2024-09-23 16:26:09.581000','2024-09-23 16:26:09.582000',NULL,NULL,NULL),(7,'oyk447kn95d4z0d5z5u945fy','plugin::users-permissions.auth.register','2024-09-23 16:26:09.581000','2024-09-23 16:26:09.581000','2024-09-23 16:26:09.582000',NULL,NULL,NULL),(8,'lkv7303sza8cdt8ci6iyyjfi','plugin::users-permissions.auth.emailConfirmation','2024-09-23 16:26:09.581000','2024-09-23 16:26:09.581000','2024-09-23 16:26:09.582000',NULL,NULL,NULL),(9,'ulkcg735q2g873vpywid3t9q','plugin::users-permissions.auth.sendEmailConfirmation','2024-09-23 16:26:09.581000','2024-09-23 16:26:09.581000','2024-09-23 16:26:09.582000',NULL,NULL,NULL),(12,'u8kwbpeib2nk5zmxqnjl8906','plugin::users-permissions.user.find','2024-09-23 18:59:41.002000','2024-09-23 18:59:41.002000','2024-09-23 18:59:41.002000',NULL,NULL,NULL),(13,'lyeovvf9zmbfjjw4d9ieb7uo','plugin::users-permissions.user.findOne','2024-09-23 18:59:41.002000','2024-09-23 18:59:41.002000','2024-09-23 18:59:41.002000',NULL,NULL,NULL),(23,'fo6z53h4hp6yw6b133bpxrcd','plugin::users-permissions.role.createRole','2024-10-09 05:54:05.059000','2024-10-09 05:54:05.059000','2024-10-09 05:54:05.060000',NULL,NULL,NULL),(24,'a98dzv9y65t7i2eq7ju5g52p','plugin::users-permissions.role.find','2024-10-09 05:54:05.059000','2024-10-09 05:54:05.059000','2024-10-09 05:54:05.061000',NULL,NULL,NULL),(25,'np9w98laxchb82w9cmqmzpny','plugin::users-permissions.role.findOne','2024-10-09 05:54:05.059000','2024-10-09 05:54:05.059000','2024-10-09 05:54:05.060000',NULL,NULL,NULL),(26,'wt7ldmeovk57ua01bqqjnfjd','plugin::users-permissions.role.updateRole','2024-10-09 05:54:05.059000','2024-10-09 05:54:05.059000','2024-10-09 05:54:05.061000',NULL,NULL,NULL),(27,'ir5d1sc2ngozc6hf0aj351zb','plugin::users-permissions.role.deleteRole','2024-10-09 05:54:05.059000','2024-10-09 05:54:05.059000','2024-10-09 05:54:05.062000',NULL,NULL,NULL),(29,'l45uoocjgd74rgzro87fg8n9','api::category.category.findOne','2024-12-04 00:54:40.103000','2024-12-04 00:54:40.103000','2024-12-04 00:54:40.104000',NULL,NULL,NULL),(30,'de672yk86eml4k7ptf6xiaum','api::category.category.find','2024-12-04 00:54:40.103000','2024-12-04 00:54:40.103000','2024-12-04 00:54:40.104000',NULL,NULL,NULL),(31,'ghrx66bpd7cgryxlm9fvulsz','api::category.category.update','2024-12-04 01:32:49.326000','2024-12-04 01:32:49.326000','2024-12-04 01:32:49.328000',NULL,NULL,NULL),(32,'uhficx1myo8lztl9y7bjzsoo','api::product.product.find','2024-12-04 03:04:57.467000','2024-12-04 03:04:57.467000','2024-12-04 03:04:57.469000',NULL,NULL,NULL),(33,'wrwk1um2urysvxz2n0hg1kgt','api::product.product.update','2024-12-04 03:04:57.467000','2024-12-04 03:04:57.467000','2024-12-04 03:04:57.471000',NULL,NULL,NULL),(34,'dywgszuwnfd5y2pnqa9tjl7d','api::product.product.findOne','2024-12-04 03:04:57.467000','2024-12-04 03:04:57.467000','2024-12-04 03:04:57.470000',NULL,NULL,NULL);
/*!40000 ALTER TABLE `up_permissions` ENABLE KEYS */;
UNLOCK TABLES;

--
-- Table structure for table `up_permissions_role_lnk`
--

DROP TABLE IF EXISTS `up_permissions_role_lnk`;
/*!40101 SET @saved_cs_client     = @@character_set_client */;
/*!50503 SET character_set_client = utf8mb4 */;
CREATE TABLE `up_permissions_role_lnk` (
  `id` int unsigned NOT NULL AUTO_INCREMENT,
  `permission_id` int unsigned DEFAULT NULL,
  `role_id` int unsigned DEFAULT NULL,
  `permission_ord` double unsigned DEFAULT NULL,
  PRIMARY KEY (`id`),
  UNIQUE KEY `up_permissions_role_lnk_uq` (`permission_id`,`role_id`),
  KEY `up_permissions_role_lnk_fk` (`permission_id`),
  KEY `up_permissions_role_lnk_ifk` (`role_id`),
  KEY `up_permissions_role_lnk_oifk` (`permission_ord`),
  CONSTRAINT `up_permissions_role_lnk_fk` FOREIGN KEY (`permission_id`) REFERENCES `up_permissions` (`id`) ON DELETE CASCADE,
  CONSTRAINT `up_permissions_role_lnk_ifk` FOREIGN KEY (`role_id`) REFERENCES `up_roles` (`id`) ON DELETE CASCADE
) ENGINE=InnoDB AUTO_INCREMENT=35 DEFAULT CHARSET=utf8mb4 COLLATE=utf8mb4_0900_ai_ci;
/*!40101 SET character_set_client = @saved_cs_client */;

--
-- Dumping data for table `up_permissions_role_lnk`
--

LOCK TABLES `up_permissions_role_lnk` WRITE;
/*!40000 ALTER TABLE `up_permissions_role_lnk` DISABLE KEYS */;
INSERT INTO `up_permissions_role_lnk` VALUES (1,1,1,1),(2,2,1,1),(3,3,2,1),(4,8,2,1),(5,6,2,1),(6,4,2,1),(7,9,2,1),(8,5,2,1),(9,7,2,1),(12,12,2,4),(13,13,2,4),(23,24,1,2),(24,25,1,2),(25,23,1,2),(26,26,1,2),(27,27,1,2),(29,29,2,5),(30,30,2,5),(31,31,2,6),(32,32,2,7),(33,33,2,7),(34,34,2,7);
/*!40000 ALTER TABLE `up_permissions_role_lnk` ENABLE KEYS */;
UNLOCK TABLES;

--
-- Table structure for table `up_roles`
--

DROP TABLE IF EXISTS `up_roles`;
/*!40101 SET @saved_cs_client     = @@character_set_client */;
/*!50503 SET character_set_client = utf8mb4 */;
CREATE TABLE `up_roles` (
  `id` int unsigned NOT NULL AUTO_INCREMENT,
  `document_id` varchar(255) DEFAULT NULL,
  `name` varchar(255) DEFAULT NULL,
  `description` varchar(255) DEFAULT NULL,
  `type` varchar(255) DEFAULT NULL,
  `created_at` datetime(6) DEFAULT NULL,
  `updated_at` datetime(6) DEFAULT NULL,
  `published_at` datetime(6) DEFAULT NULL,
  `created_by_id` int unsigned DEFAULT NULL,
  `updated_by_id` int unsigned DEFAULT NULL,
  `locale` varchar(255) DEFAULT NULL,
  PRIMARY KEY (`id`),
  KEY `up_roles_documents_idx` (`document_id`,`locale`,`published_at`),
  KEY `up_roles_created_by_id_fk` (`created_by_id`),
  KEY `up_roles_updated_by_id_fk` (`updated_by_id`),
  CONSTRAINT `up_roles_created_by_id_fk` FOREIGN KEY (`created_by_id`) REFERENCES `admin_users` (`id`) ON DELETE SET NULL,
  CONSTRAINT `up_roles_updated_by_id_fk` FOREIGN KEY (`updated_by_id`) REFERENCES `admin_users` (`id`) ON DELETE SET NULL
) ENGINE=InnoDB AUTO_INCREMENT=3 DEFAULT CHARSET=utf8mb4 COLLATE=utf8mb4_0900_ai_ci;
/*!40101 SET character_set_client = @saved_cs_client */;

--
-- Dumping data for table `up_roles`
--

LOCK TABLES `up_roles` WRITE;
/*!40000 ALTER TABLE `up_roles` DISABLE KEYS */;
INSERT INTO `up_roles` VALUES (1,'bt30g1pmfo8u2e77ol1efk20','Authenticated','Default role given to authenticated user.','authenticated','2024-09-23 16:26:09.495000','2024-10-09 05:54:05.034000','2024-09-23 16:26:09.495000',NULL,NULL,NULL),(2,'bt064igriw20waw2ajtw0s86','Public','Default role given to unauthenticated user.','public','2024-09-23 16:26:09.511000','2024-12-04 03:04:57.446000','2024-09-23 16:26:09.511000',NULL,NULL,NULL);
/*!40000 ALTER TABLE `up_roles` ENABLE KEYS */;
UNLOCK TABLES;

--
-- Table structure for table `up_users`
--

DROP TABLE IF EXISTS `up_users`;
/*!40101 SET @saved_cs_client     = @@character_set_client */;
/*!50503 SET character_set_client = utf8mb4 */;
CREATE TABLE `up_users` (
  `id` int unsigned NOT NULL AUTO_INCREMENT,
  `document_id` varchar(255) DEFAULT NULL,
  `username` varchar(255) DEFAULT NULL,
  `email` varchar(255) DEFAULT NULL,
  `provider` varchar(255) DEFAULT NULL,
  `password` varchar(255) DEFAULT NULL,
  `reset_password_token` varchar(255) DEFAULT NULL,
  `confirmation_token` varchar(255) DEFAULT NULL,
  `confirmed` tinyint(1) DEFAULT NULL,
  `blocked` tinyint(1) DEFAULT NULL,
  `created_at` datetime(6) DEFAULT NULL,
  `updated_at` datetime(6) DEFAULT NULL,
  `published_at` datetime(6) DEFAULT NULL,
  `created_by_id` int unsigned DEFAULT NULL,
  `updated_by_id` int unsigned DEFAULT NULL,
  `locale` varchar(255) DEFAULT NULL,
  `cel` varchar(255) DEFAULT NULL,
  `interval` varchar(255) DEFAULT NULL,
  PRIMARY KEY (`id`),
  KEY `up_users_documents_idx` (`document_id`,`locale`,`published_at`),
  KEY `up_users_created_by_id_fk` (`created_by_id`),
  KEY `up_users_updated_by_id_fk` (`updated_by_id`),
  CONSTRAINT `up_users_created_by_id_fk` FOREIGN KEY (`created_by_id`) REFERENCES `admin_users` (`id`) ON DELETE SET NULL,
  CONSTRAINT `up_users_updated_by_id_fk` FOREIGN KEY (`updated_by_id`) REFERENCES `admin_users` (`id`) ON DELETE SET NULL
) ENGINE=InnoDB AUTO_INCREMENT=3 DEFAULT CHARSET=utf8mb4 COLLATE=utf8mb4_0900_ai_ci;
/*!40101 SET character_set_client = @saved_cs_client */;

--
-- Dumping data for table `up_users`
--

LOCK TABLES `up_users` WRITE;
/*!40000 ALTER TABLE `up_users` DISABLE KEYS */;
INSERT INTO `up_users` VALUES (1,'ccpxv6ujjl5uar26ejemuwtf','Edu',NULL,NULL,NULL,NULL,NULL,1,0,'2024-09-23 17:51:09.472000','2024-10-14 07:18:48.633000','2024-10-12 07:17:31.631000',NULL,1,NULL,'51946008051','0 */17 * * * *');
/*!40000 ALTER TABLE `up_users` ENABLE KEYS */;
UNLOCK TABLES;

--
-- Table structure for table `up_users_role_lnk`
--

DROP TABLE IF EXISTS `up_users_role_lnk`;
/*!40101 SET @saved_cs_client     = @@character_set_client */;
/*!50503 SET character_set_client = utf8mb4 */;
CREATE TABLE `up_users_role_lnk` (
  `id` int unsigned NOT NULL AUTO_INCREMENT,
  `user_id` int unsigned DEFAULT NULL,
  `role_id` int unsigned DEFAULT NULL,
  `user_ord` double unsigned DEFAULT NULL,
  PRIMARY KEY (`id`),
  UNIQUE KEY `up_users_role_lnk_uq` (`user_id`,`role_id`),
  KEY `up_users_role_lnk_fk` (`user_id`),
  KEY `up_users_role_lnk_ifk` (`role_id`),
  KEY `up_users_role_lnk_oifk` (`user_ord`),
  CONSTRAINT `up_users_role_lnk_fk` FOREIGN KEY (`user_id`) REFERENCES `up_users` (`id`) ON DELETE CASCADE,
  CONSTRAINT `up_users_role_lnk_ifk` FOREIGN KEY (`role_id`) REFERENCES `up_roles` (`id`) ON DELETE CASCADE
) ENGINE=InnoDB DEFAULT CHARSET=utf8mb4 COLLATE=utf8mb4_0900_ai_ci;
/*!40101 SET character_set_client = @saved_cs_client */;

--
-- Dumping data for table `up_users_role_lnk`
--

LOCK TABLES `up_users_role_lnk` WRITE;
/*!40000 ALTER TABLE `up_users_role_lnk` DISABLE KEYS */;
/*!40000 ALTER TABLE `up_users_role_lnk` ENABLE KEYS */;
UNLOCK TABLES;

--
-- Table structure for table `upload_folders`
--

DROP TABLE IF EXISTS `upload_folders`;
/*!40101 SET @saved_cs_client     = @@character_set_client */;
/*!50503 SET character_set_client = utf8mb4 */;
CREATE TABLE `upload_folders` (
  `id` int unsigned NOT NULL AUTO_INCREMENT,
  `document_id` varchar(255) DEFAULT NULL,
  `name` varchar(255) DEFAULT NULL,
  `path_id` int DEFAULT NULL,
  `path` varchar(255) DEFAULT NULL,
  `created_at` datetime(6) DEFAULT NULL,
  `updated_at` datetime(6) DEFAULT NULL,
  `published_at` datetime(6) DEFAULT NULL,
  `created_by_id` int unsigned DEFAULT NULL,
  `updated_by_id` int unsigned DEFAULT NULL,
  `locale` varchar(255) DEFAULT NULL,
  PRIMARY KEY (`id`),
  UNIQUE KEY `upload_folders_path_id_index` (`path_id`),
  UNIQUE KEY `upload_folders_path_index` (`path`),
  KEY `upload_folders_documents_idx` (`document_id`,`locale`,`published_at`),
  KEY `upload_folders_created_by_id_fk` (`created_by_id`),
  KEY `upload_folders_updated_by_id_fk` (`updated_by_id`),
  CONSTRAINT `upload_folders_created_by_id_fk` FOREIGN KEY (`created_by_id`) REFERENCES `admin_users` (`id`) ON DELETE SET NULL,
  CONSTRAINT `upload_folders_updated_by_id_fk` FOREIGN KEY (`updated_by_id`) REFERENCES `admin_users` (`id`) ON DELETE SET NULL
) ENGINE=InnoDB DEFAULT CHARSET=utf8mb4 COLLATE=utf8mb4_0900_ai_ci;
/*!40101 SET character_set_client = @saved_cs_client */;

--
-- Dumping data for table `upload_folders`
--

LOCK TABLES `upload_folders` WRITE;
/*!40000 ALTER TABLE `upload_folders` DISABLE KEYS */;
/*!40000 ALTER TABLE `upload_folders` ENABLE KEYS */;
UNLOCK TABLES;

--
-- Table structure for table `upload_folders_parent_lnk`
--

DROP TABLE IF EXISTS `upload_folders_parent_lnk`;
/*!40101 SET @saved_cs_client     = @@character_set_client */;
/*!50503 SET character_set_client = utf8mb4 */;
CREATE TABLE `upload_folders_parent_lnk` (
  `id` int unsigned NOT NULL AUTO_INCREMENT,
  `folder_id` int unsigned DEFAULT NULL,
  `inv_folder_id` int unsigned DEFAULT NULL,
  `folder_ord` double unsigned DEFAULT NULL,
  PRIMARY KEY (`id`),
  UNIQUE KEY `upload_folders_parent_lnk_uq` (`folder_id`,`inv_folder_id`),
  KEY `upload_folders_parent_lnk_fk` (`folder_id`),
  KEY `upload_folders_parent_lnk_ifk` (`inv_folder_id`),
  KEY `upload_folders_parent_lnk_oifk` (`folder_ord`),
  CONSTRAINT `upload_folders_parent_lnk_fk` FOREIGN KEY (`folder_id`) REFERENCES `upload_folders` (`id`) ON DELETE CASCADE,
  CONSTRAINT `upload_folders_parent_lnk_ifk` FOREIGN KEY (`inv_folder_id`) REFERENCES `upload_folders` (`id`) ON DELETE CASCADE
) ENGINE=InnoDB DEFAULT CHARSET=utf8mb4 COLLATE=utf8mb4_0900_ai_ci;
/*!40101 SET character_set_client = @saved_cs_client */;

--
-- Dumping data for table `upload_folders_parent_lnk`
--

LOCK TABLES `upload_folders_parent_lnk` WRITE;
/*!40000 ALTER TABLE `upload_folders_parent_lnk` DISABLE KEYS */;
/*!40000 ALTER TABLE `upload_folders_parent_lnk` ENABLE KEYS */;
UNLOCK TABLES;
/*!40103 SET TIME_ZONE=@OLD_TIME_ZONE */;

/*!40101 SET SQL_MODE=@OLD_SQL_MODE */;
/*!40014 SET FOREIGN_KEY_CHECKS=@OLD_FOREIGN_KEY_CHECKS */;
/*!40014 SET UNIQUE_CHECKS=@OLD_UNIQUE_CHECKS */;
/*!40101 SET CHARACTER_SET_CLIENT=@OLD_CHARACTER_SET_CLIENT */;
/*!40101 SET CHARACTER_SET_RESULTS=@OLD_CHARACTER_SET_RESULTS */;
/*!40101 SET COLLATION_CONNECTION=@OLD_COLLATION_CONNECTION */;
/*!40111 SET SQL_NOTES=@OLD_SQL_NOTES */;

-- Dump completed on 2024-12-04  3:41:01
