-- MySQL dump 10.13  Distrib 8.0.36, for Linux (x86_64)
--
-- Host: localhost    Database: maze_strapi
-- ------------------------------------------------------
-- Server version	8.0.36

/*!40101 SET @OLD_CHARACTER_SET_CLIENT=@@CHARACTER_SET_CLIENT */;
/*!40101 SET @OLD_CHARACTER_SET_RESULTS=@@CHARACTER_SET_RESULTS */;
/*!40101 SET @OLD_COLLATION_CONNECTION=@@COLLATION_CONNECTION */;
/*!50503 SET NAMES utf8mb4 */;
/*!40103 SET @OLD_TIME_ZONE=@@TIME_ZONE */;
/*!40103 SET TIME_ZONE='+00:00' */;
/*!40014 SET @OLD_UNIQUE_CHECKS=@@UNIQUE_CHECKS, UNIQUE_CHECKS=0 */;
/*!40014 SET @OLD_FOREIGN_KEY_CHECKS=@@FOREIGN_KEY_CHECKS, FOREIGN_KEY_CHECKS=0 */;
/*!40101 SET @OLD_SQL_MODE=@@SQL_MODE, SQL_MODE='NO_AUTO_VALUE_ON_ZERO' */;
/*!40111 SET @OLD_SQL_NOTES=@@SQL_NOTES, SQL_NOTES=0 */;

--
-- Table structure for table `admin_permissions`
--

DROP TABLE IF EXISTS `admin_permissions`;
/*!40101 SET @saved_cs_client     = @@character_set_client */;
/*!50503 SET character_set_client = utf8mb4 */;
CREATE TABLE `admin_permissions` (
  `id` int unsigned NOT NULL AUTO_INCREMENT,
  `document_id` varchar(255) DEFAULT NULL,
  `action` varchar(255) DEFAULT NULL,
  `action_parameters` json DEFAULT NULL,
  `subject` varchar(255) DEFAULT NULL,
  `properties` json DEFAULT NULL,
  `conditions` json DEFAULT NULL,
  `created_at` datetime(6) DEFAULT NULL,
  `updated_at` datetime(6) DEFAULT NULL,
  `published_at` datetime(6) DEFAULT NULL,
  `created_by_id` int unsigned DEFAULT NULL,
  `updated_by_id` int unsigned DEFAULT NULL,
  `locale` varchar(255) DEFAULT NULL,
  PRIMARY KEY (`id`),
  KEY `admin_permissions_documents_idx` (`document_id`,`locale`,`published_at`),
  KEY `admin_permissions_created_by_id_fk` (`created_by_id`),
  KEY `admin_permissions_updated_by_id_fk` (`updated_by_id`),
  CONSTRAINT `admin_permissions_created_by_id_fk` FOREIGN KEY (`created_by_id`) REFERENCES `admin_users` (`id`) ON DELETE SET NULL,
  CONSTRAINT `admin_permissions_updated_by_id_fk` FOREIGN KEY (`updated_by_id`) REFERENCES `admin_users` (`id`) ON DELETE SET NULL
) ENGINE=InnoDB AUTO_INCREMENT=116 DEFAULT CHARSET=utf8mb4 COLLATE=utf8mb4_0900_ai_ci;
/*!40101 SET character_set_client = @saved_cs_client */;

--
-- Dumping data for table `admin_permissions`
--

LOCK TABLES `admin_permissions` WRITE;
/*!40000 ALTER TABLE `admin_permissions` DISABLE KEYS */;
INSERT INTO `admin_permissions` VALUES (1,'m8goig2jwekxtd9bkhwfootu','plugin::upload.read','{}',NULL,'{}','[]','2024-09-23 16:26:09.738000','2024-09-23 16:26:09.738000','2024-09-23 16:26:09.739000',NULL,NULL,NULL),(2,'e20as97n49clixw4u77rf6zg','plugin::upload.configure-view','{}',NULL,'{}','[]','2024-09-23 16:26:09.784000','2024-09-23 16:26:09.784000','2024-09-23 16:26:09.784000',NULL,NULL,NULL),(3,'xe9nbrg0ncveie66gjlms1fs','plugin::upload.assets.create','{}',NULL,'{}','[]','2024-09-23 16:26:09.828000','2024-09-23 16:26:09.828000','2024-09-23 16:26:09.828000',NULL,NULL,NULL),(4,'ifj9guscz1n9w4jh1khtdmpy','plugin::upload.assets.update','{}',NULL,'{}','[]','2024-09-23 16:26:09.857000','2024-09-23 16:26:09.857000','2024-09-23 16:26:09.857000',NULL,NULL,NULL),(5,'euq1wx1rnlpwogwsuh1jf415','plugin::upload.assets.download','{}',NULL,'{}','[]','2024-09-23 16:26:09.885000','2024-09-23 16:26:09.885000','2024-09-23 16:26:09.886000',NULL,NULL,NULL),(6,'jc3bziq5oi9oa2htf3u6ghrr','plugin::upload.assets.copy-link','{}',NULL,'{}','[]','2024-09-23 16:26:09.926000','2024-09-23 16:26:09.926000','2024-09-23 16:26:09.927000',NULL,NULL,NULL),(7,'nj2qi8fkllono5iexj6jaypb','plugin::upload.read','{}',NULL,'{}','[\"admin::is-creator\"]','2024-09-23 16:26:09.963000','2024-09-23 16:26:09.963000','2024-09-23 16:26:09.963000',NULL,NULL,NULL),(8,'ohhqofolr7k2izut2ni6buko','plugin::upload.configure-view','{}',NULL,'{}','[]','2024-09-23 16:26:10.008000','2024-09-23 16:26:10.008000','2024-09-23 16:26:10.008000',NULL,NULL,NULL),(9,'ngsicu48iuaq8atg5x3945qb','plugin::upload.assets.create','{}',NULL,'{}','[]','2024-09-23 16:26:10.044000','2024-09-23 16:26:10.044000','2024-09-23 16:26:10.044000',NULL,NULL,NULL),(10,'smcpsfsvcvo6hs61y358svs4','plugin::upload.assets.update','{}',NULL,'{}','[\"admin::is-creator\"]','2024-09-23 16:26:10.074000','2024-09-23 16:26:10.074000','2024-09-23 16:26:10.074000',NULL,NULL,NULL),(11,'kizp1dqroicexuxy2oeofdea','plugin::upload.assets.download','{}',NULL,'{}','[]','2024-09-23 16:26:10.102000','2024-09-23 16:26:10.102000','2024-09-23 16:26:10.102000',NULL,NULL,NULL),(12,'wwv25hj9tjavfvfonhby4njg','plugin::upload.assets.copy-link','{}',NULL,'{}','[]','2024-09-23 16:26:10.134000','2024-09-23 16:26:10.134000','2024-09-23 16:26:10.134000',NULL,NULL,NULL),(16,'saipkxlqoceia7w3sstrfqkz','plugin::content-manager.explorer.delete','{}','plugin::users-permissions.user','{}','[]','2024-09-23 16:26:10.274000','2024-09-23 16:26:10.274000','2024-09-23 16:26:10.274000',NULL,NULL,NULL),(17,'wn3t3f7d1l61786t27czclc5','plugin::content-manager.explorer.publish','{}','plugin::users-permissions.user','{}','[]','2024-09-23 16:26:10.302000','2024-09-23 16:26:10.302000','2024-09-23 16:26:10.302000',NULL,NULL,NULL),(18,'crkjauamwwpj681busq0l8au','plugin::content-manager.single-types.configure-view','{}',NULL,'{}','[]','2024-09-23 16:26:10.334000','2024-09-23 16:26:10.334000','2024-09-23 16:26:10.334000',NULL,NULL,NULL),(19,'c45td9xd36pr1if93zp2s3ai','plugin::content-manager.collection-types.configure-view','{}',NULL,'{}','[]','2024-09-23 16:26:10.361000','2024-09-23 16:26:10.361000','2024-09-23 16:26:10.361000',NULL,NULL,NULL),(20,'yuhbdtixau1snw993dvj2gfz','plugin::content-manager.components.configure-layout','{}',NULL,'{}','[]','2024-09-23 16:26:10.390000','2024-09-23 16:26:10.390000','2024-09-23 16:26:10.390000',NULL,NULL,NULL),(21,'aj1ob1xjzi1rf558atomme0i','plugin::content-type-builder.read','{}',NULL,'{}','[]','2024-09-23 16:26:10.424000','2024-09-23 16:26:10.424000','2024-09-23 16:26:10.424000',NULL,NULL,NULL),(22,'ynl6mjtht215s5i9767hos4z','plugin::email.settings.read','{}',NULL,'{}','[]','2024-09-23 16:26:10.452000','2024-09-23 16:26:10.452000','2024-09-23 16:26:10.452000',NULL,NULL,NULL),(23,'uz3a1dkbicedr7wik1955yek','plugin::upload.read','{}',NULL,'{}','[]','2024-09-23 16:26:10.480000','2024-09-23 16:26:10.480000','2024-09-23 16:26:10.480000',NULL,NULL,NULL),(24,'jtoz1qbhh17ip73bqf8qpvt4','plugin::upload.assets.create','{}',NULL,'{}','[]','2024-09-23 16:26:10.509000','2024-09-23 16:26:10.509000','2024-09-23 16:26:10.509000',NULL,NULL,NULL),(25,'ud36bmcr8lgnfbujnxd2fn2x','plugin::upload.assets.update','{}',NULL,'{}','[]','2024-09-23 16:26:10.539000','2024-09-23 16:26:10.539000','2024-09-23 16:26:10.539000',NULL,NULL,NULL),(26,'xuatnnc12z9mctv50a0il17t','plugin::upload.assets.download','{}',NULL,'{}','[]','2024-09-23 16:26:10.568000','2024-09-23 16:26:10.568000','2024-09-23 16:26:10.568000',NULL,NULL,NULL),(27,'vcsuym5nl6l9qtl7i9uz59od','plugin::upload.assets.copy-link','{}',NULL,'{}','[]','2024-09-23 16:26:10.597000','2024-09-23 16:26:10.597000','2024-09-23 16:26:10.597000',NULL,NULL,NULL),(28,'kz3ps831mvf3uksvjkmtr4rg','plugin::upload.configure-view','{}',NULL,'{}','[]','2024-09-23 16:26:10.639000','2024-09-23 16:26:10.639000','2024-09-23 16:26:10.640000',NULL,NULL,NULL),(29,'zji2sdg3aapui29f0gx1a4mg','plugin::upload.settings.read','{}',NULL,'{}','[]','2024-09-23 16:26:10.677000','2024-09-23 16:26:10.677000','2024-09-23 16:26:10.677000',NULL,NULL,NULL),(30,'ovr95jr0wj0ng9bip2j8zqj9','plugin::i18n.locale.create','{}',NULL,'{}','[]','2024-09-23 16:26:10.714000','2024-09-23 16:26:10.714000','2024-09-23 16:26:10.714000',NULL,NULL,NULL),(31,'y0kcqm450tu8i4kf4jwwh1py','plugin::i18n.locale.read','{}',NULL,'{}','[]','2024-09-23 16:26:10.754000','2024-09-23 16:26:10.754000','2024-09-23 16:26:10.754000',NULL,NULL,NULL),(32,'z27amfx9cumbsp7utlnjmo5p','plugin::i18n.locale.update','{}',NULL,'{}','[]','2024-09-23 16:26:10.791000','2024-09-23 16:26:10.791000','2024-09-23 16:26:10.791000',NULL,NULL,NULL),(33,'gwjfcjirmozeeplm4xdkko8r','plugin::i18n.locale.delete','{}',NULL,'{}','[]','2024-09-23 16:26:10.827000','2024-09-23 16:26:10.827000','2024-09-23 16:26:10.827000',NULL,NULL,NULL),(34,'hcw7epy3kc7cnoxw2dgw8lec','plugin::users-permissions.roles.create','{}',NULL,'{}','[]','2024-09-23 16:26:10.857000','2024-09-23 16:26:10.857000','2024-09-23 16:26:10.857000',NULL,NULL,NULL),(35,'qnyz0p28lqw5wj3bi4ans6r4','plugin::users-permissions.roles.read','{}',NULL,'{}','[]','2024-09-23 16:26:10.893000','2024-09-23 16:26:10.893000','2024-09-23 16:26:10.893000',NULL,NULL,NULL),(36,'yp56wwotmra1of4rfiwcsz21','plugin::users-permissions.roles.update','{}',NULL,'{}','[]','2024-09-23 16:26:10.930000','2024-09-23 16:26:10.930000','2024-09-23 16:26:10.930000',NULL,NULL,NULL),(37,'onutmnulr63c9qe1bwf2y6hv','plugin::users-permissions.roles.delete','{}',NULL,'{}','[]','2024-09-23 16:26:10.959000','2024-09-23 16:26:10.959000','2024-09-23 16:26:10.959000',NULL,NULL,NULL),(38,'eenuiex7bw2ufzdh0bcpx1ec','plugin::users-permissions.providers.read','{}',NULL,'{}','[]','2024-09-23 16:26:11.007000','2024-09-23 16:26:11.007000','2024-09-23 16:26:11.008000',NULL,NULL,NULL),(39,'tdv4tubxdhf60onkpkijflxi','plugin::users-permissions.providers.update','{}',NULL,'{}','[]','2024-09-23 16:26:11.045000','2024-09-23 16:26:11.045000','2024-09-23 16:26:11.046000',NULL,NULL,NULL),(40,'su57o13jvsefwne8yy6jwv9x','plugin::users-permissions.email-templates.read','{}',NULL,'{}','[]','2024-09-23 16:26:11.081000','2024-09-23 16:26:11.081000','2024-09-23 16:26:11.081000',NULL,NULL,NULL),(41,'rhfgy4htb2l7i1tv9dddry9u','plugin::users-permissions.email-templates.update','{}',NULL,'{}','[]','2024-09-23 16:26:11.112000','2024-09-23 16:26:11.112000','2024-09-23 16:26:11.112000',NULL,NULL,NULL),(42,'chulsfcaruzxwh0936zny23p','plugin::users-permissions.advanced-settings.read','{}',NULL,'{}','[]','2024-09-23 16:26:11.145000','2024-09-23 16:26:11.145000','2024-09-23 16:26:11.146000',NULL,NULL,NULL),(43,'lyi84y5hxw7kh7bv2hba59ol','plugin::users-permissions.advanced-settings.update','{}',NULL,'{}','[]','2024-09-23 16:26:11.187000','2024-09-23 16:26:11.187000','2024-09-23 16:26:11.187000',NULL,NULL,NULL),(44,'hbgefbtcvx02ovsfat6494dh','admin::marketplace.read','{}',NULL,'{}','[]','2024-09-23 16:26:11.225000','2024-09-23 16:26:11.225000','2024-09-23 16:26:11.225000',NULL,NULL,NULL),(45,'n58svhu9g97oap45jmuenc65','admin::webhooks.create','{}',NULL,'{}','[]','2024-09-23 16:26:11.254000','2024-09-23 16:26:11.254000','2024-09-23 16:26:11.254000',NULL,NULL,NULL),(46,'o1tqrbiri0ovym4ucb2yhwhb','admin::webhooks.read','{}',NULL,'{}','[]','2024-09-23 16:26:11.283000','2024-09-23 16:26:11.283000','2024-09-23 16:26:11.283000',NULL,NULL,NULL),(47,'icvqhz9ltt45gbzizzxteukh','admin::webhooks.update','{}',NULL,'{}','[]','2024-09-23 16:26:11.313000','2024-09-23 16:26:11.313000','2024-09-23 16:26:11.313000',NULL,NULL,NULL),(48,'g21yfa2vqc6sktnl1qaggmb0','admin::webhooks.delete','{}',NULL,'{}','[]','2024-09-23 16:26:11.350000','2024-09-23 16:26:11.350000','2024-09-23 16:26:11.350000',NULL,NULL,NULL),(49,'eiypf6xjc6qsswz6sy37cbrt','admin::users.create','{}',NULL,'{}','[]','2024-09-23 16:26:11.380000','2024-09-23 16:26:11.380000','2024-09-23 16:26:11.380000',NULL,NULL,NULL),(50,'i7g7oe751mzay7cxfmbqq89d','admin::users.read','{}',NULL,'{}','[]','2024-09-23 16:26:11.416000','2024-09-23 16:26:11.416000','2024-09-23 16:26:11.416000',NULL,NULL,NULL),(51,'mw7smvhn4j0m2wg77kebng8x','admin::users.update','{}',NULL,'{}','[]','2024-09-23 16:26:11.450000','2024-09-23 16:26:11.450000','2024-09-23 16:26:11.450000',NULL,NULL,NULL),(52,'t7m1bpqeip4ll33gzl4ckkjq','admin::users.delete','{}',NULL,'{}','[]','2024-09-23 16:26:11.479000','2024-09-23 16:26:11.479000','2024-09-23 16:26:11.479000',NULL,NULL,NULL),(53,'x0g62n4xmo7438qdip4ghua7','admin::roles.create','{}',NULL,'{}','[]','2024-09-23 16:26:11.514000','2024-09-23 16:26:11.514000','2024-09-23 16:26:11.514000',NULL,NULL,NULL),(54,'y9y22xjl1njjbtlqbnpdul9s','admin::roles.read','{}',NULL,'{}','[]','2024-09-23 16:26:11.546000','2024-09-23 16:26:11.546000','2024-09-23 16:26:11.546000',NULL,NULL,NULL),(55,'mcfbn4tn1gzg80j6nd4ous5g','admin::roles.update','{}',NULL,'{}','[]','2024-09-23 16:26:11.580000','2024-09-23 16:26:11.580000','2024-09-23 16:26:11.581000',NULL,NULL,NULL),(56,'fk4lf5zyv1tpyid90gnzfmb8','admin::roles.delete','{}',NULL,'{}','[]','2024-09-23 16:26:11.611000','2024-09-23 16:26:11.611000','2024-09-23 16:26:11.611000',NULL,NULL,NULL),(57,'bwj5v5t8g7hgikaey1tn4y31','admin::api-tokens.access','{}',NULL,'{}','[]','2024-09-23 16:26:11.640000','2024-09-23 16:26:11.640000','2024-09-23 16:26:11.640000',NULL,NULL,NULL),(58,'vlfosiw1fq9msqd1fivjvdpp','admin::api-tokens.create','{}',NULL,'{}','[]','2024-09-23 16:26:11.680000','2024-09-23 16:26:11.680000','2024-09-23 16:26:11.680000',NULL,NULL,NULL),(59,'k2komkibxs6i4v59b63cda55','admin::api-tokens.read','{}',NULL,'{}','[]','2024-09-23 16:26:11.716000','2024-09-23 16:26:11.716000','2024-09-23 16:26:11.716000',NULL,NULL,NULL),(60,'b9jub3ntwwyrqfgoihkt3dgk','admin::api-tokens.update','{}',NULL,'{}','[]','2024-09-23 16:26:11.750000','2024-09-23 16:26:11.750000','2024-09-23 16:26:11.750000',NULL,NULL,NULL),(61,'wu52kyz158cittaujnapla7e','admin::api-tokens.regenerate','{}',NULL,'{}','[]','2024-09-23 16:26:11.779000','2024-09-23 16:26:11.779000','2024-09-23 16:26:11.779000',NULL,NULL,NULL),(62,'shy1ybkq8hz02uidsn4h5c20','admin::api-tokens.delete','{}',NULL,'{}','[]','2024-09-23 16:26:11.808000','2024-09-23 16:26:11.808000','2024-09-23 16:26:11.808000',NULL,NULL,NULL),(63,'tiqp51supr1grkw2j51ldd5d','admin::project-settings.update','{}',NULL,'{}','[]','2024-09-23 16:26:11.845000','2024-09-23 16:26:11.845000','2024-09-23 16:26:11.845000',NULL,NULL,NULL),(64,'supe8jm6yduk14xsr2kfnzxk','admin::project-settings.read','{}',NULL,'{}','[]','2024-09-23 16:26:11.886000','2024-09-23 16:26:11.886000','2024-09-23 16:26:11.886000',NULL,NULL,NULL),(65,'bsyw3w0ovdqyvoljkio690mp','admin::transfer.tokens.access','{}',NULL,'{}','[]','2024-09-23 16:26:11.924000','2024-09-23 16:26:11.924000','2024-09-23 16:26:11.924000',NULL,NULL,NULL),(66,'u3xnah1cei905nho41q8sqy8','admin::transfer.tokens.create','{}',NULL,'{}','[]','2024-09-23 16:26:11.964000','2024-09-23 16:26:11.964000','2024-09-23 16:26:11.964000',NULL,NULL,NULL),(67,'i18bwcrqwt5n3i6oxzx2nssc','admin::transfer.tokens.read','{}',NULL,'{}','[]','2024-09-23 16:26:12.005000','2024-09-23 16:26:12.005000','2024-09-23 16:26:12.005000',NULL,NULL,NULL),(68,'rlp4fm3lbutqorugnbye82cx','admin::transfer.tokens.update','{}',NULL,'{}','[]','2024-09-23 16:26:12.036000','2024-09-23 16:26:12.036000','2024-09-23 16:26:12.036000',NULL,NULL,NULL),(69,'i0lhj3fn3vv74r07d9r9gbgt','admin::transfer.tokens.regenerate','{}',NULL,'{}','[]','2024-09-23 16:26:12.077000','2024-09-23 16:26:12.077000','2024-09-23 16:26:12.077000',NULL,NULL,NULL),(70,'vrpa9rivmr6le19grxmmdboc','admin::transfer.tokens.delete','{}',NULL,'{}','[]','2024-09-23 16:26:12.108000','2024-09-23 16:26:12.108000','2024-09-23 16:26:12.109000',NULL,NULL,NULL),(88,'ls0k211liymlqzo59izyp44p','plugin::content-manager.explorer.delete','{}','api::sentence.sentence','{}','[]','2024-09-23 16:41:26.204000','2024-09-23 16:41:26.204000','2024-09-23 16:41:26.204000',NULL,NULL,NULL),(89,'kv2ayvw377829crttj50h32w','plugin::content-manager.explorer.publish','{}','api::sentence.sentence','{}','[]','2024-09-23 16:41:26.240000','2024-09-23 16:41:26.240000','2024-09-23 16:41:26.240000',NULL,NULL,NULL),(90,'jrwklub04t1kci1xy3bm3m6x','plugin::content-manager.explorer.create','{}','api::sentence.sentence','{\"fields\": [\"spanish\", \"english\", \"user\"]}','[]','2024-09-23 16:42:00.686000','2024-09-23 16:42:00.686000','2024-09-23 16:42:00.686000',NULL,NULL,NULL),(92,'bs0vz4li7iup2nqs4ki522za','plugin::content-manager.explorer.read','{}','api::sentence.sentence','{\"fields\": [\"spanish\", \"english\", \"user\"]}','[]','2024-09-23 16:42:00.767000','2024-09-23 16:42:00.767000','2024-09-23 16:42:00.767000',NULL,NULL,NULL),(94,'c98yvwqwc2sp85mrlzyqhrdh','plugin::content-manager.explorer.update','{}','api::sentence.sentence','{\"fields\": [\"spanish\", \"english\", \"user\"]}','[]','2024-09-23 16:42:00.868000','2024-09-23 16:42:00.868000','2024-09-23 16:42:00.868000',NULL,NULL,NULL),(105,'ozmajfi8s1kyffrl8iuq6czb','plugin::content-manager.explorer.delete','{}','api::invalid-list.invalid-list','{}','[]','2024-09-23 19:27:39.652000','2024-09-23 19:27:39.652000','2024-09-23 19:27:39.653000',NULL,NULL,NULL),(106,'af1rj0ifishbxo90euzha9wn','plugin::content-manager.explorer.publish','{}','api::invalid-list.invalid-list','{}','[]','2024-09-23 19:27:39.684000','2024-09-23 19:27:39.684000','2024-09-23 19:27:39.684000',NULL,NULL,NULL),(107,'xvt72rrcpb6c7bk70cwop3eb','plugin::content-manager.explorer.create','{}','api::invalid-list.invalid-list','{\"fields\": [\"list\", \"user\"]}','[]','2024-09-23 23:35:33.340000','2024-09-23 23:35:33.340000','2024-09-23 23:35:33.341000',NULL,NULL,NULL),(109,'wyz8p3yyyniyiltqfze63brk','plugin::content-manager.explorer.read','{}','api::invalid-list.invalid-list','{\"fields\": [\"list\", \"user\"]}','[]','2024-09-23 23:35:33.413000','2024-09-23 23:35:33.413000','2024-09-23 23:35:33.413000',NULL,NULL,NULL),(111,'wi8vf1kd6z3203ijv3fdpt22','plugin::content-manager.explorer.update','{}','api::invalid-list.invalid-list','{\"fields\": [\"list\", \"user\"]}','[]','2024-09-23 23:35:33.474000','2024-09-23 23:35:33.474000','2024-09-23 23:35:33.474000',NULL,NULL,NULL),(113,'ad4oxapoqoz0anel9mo7uo46','plugin::content-manager.explorer.create','{}','plugin::users-permissions.user','{\"fields\": [\"username\", \"email\", \"provider\", \"password\", \"resetPasswordToken\", \"confirmationToken\", \"confirmed\", \"blocked\", \"role\", \"sentences\", \"cel\", \"interval\"]}','[]','2024-09-24 00:02:51.802000','2024-09-24 00:02:51.802000','2024-09-24 00:02:51.803000',NULL,NULL,NULL),(114,'t5nnqy4fnlparol3bvi6ke4e','plugin::content-manager.explorer.read','{}','plugin::users-permissions.user','{\"fields\": [\"username\", \"email\", \"provider\", \"password\", \"resetPasswordToken\", \"confirmationToken\", \"confirmed\", \"blocked\", \"role\", \"sentences\", \"cel\", \"interval\"]}','[]','2024-09-24 00:02:51.843000','2024-09-24 00:02:51.843000','2024-09-24 00:02:51.843000',NULL,NULL,NULL),(115,'tp6m38jpp7pxarq7ao3tarro','plugin::content-manager.explorer.update','{}','plugin::users-permissions.user','{\"fields\": [\"username\", \"email\", \"provider\", \"password\", \"resetPasswordToken\", \"confirmationToken\", \"confirmed\", \"blocked\", \"role\", \"sentences\", \"cel\", \"interval\"]}','[]','2024-09-24 00:02:51.877000','2024-09-24 00:02:51.877000','2024-09-24 00:02:51.877000',NULL,NULL,NULL);
/*!40000 ALTER TABLE `admin_permissions` ENABLE KEYS */;
UNLOCK TABLES;

--
-- Table structure for table `admin_permissions_role_lnk`
--

DROP TABLE IF EXISTS `admin_permissions_role_lnk`;
/*!40101 SET @saved_cs_client     = @@character_set_client */;
/*!50503 SET character_set_client = utf8mb4 */;
CREATE TABLE `admin_permissions_role_lnk` (
  `id` int unsigned NOT NULL AUTO_INCREMENT,
  `permission_id` int unsigned DEFAULT NULL,
  `role_id` int unsigned DEFAULT NULL,
  `permission_ord` double unsigned DEFAULT NULL,
  PRIMARY KEY (`id`),
  UNIQUE KEY `admin_permissions_role_lnk_uq` (`permission_id`,`role_id`),
  KEY `admin_permissions_role_lnk_fk` (`permission_id`),
  KEY `admin_permissions_role_lnk_ifk` (`role_id`),
  KEY `admin_permissions_role_lnk_oifk` (`permission_ord`),
  CONSTRAINT `admin_permissions_role_lnk_fk` FOREIGN KEY (`permission_id`) REFERENCES `admin_permissions` (`id`) ON DELETE CASCADE,
  CONSTRAINT `admin_permissions_role_lnk_ifk` FOREIGN KEY (`role_id`) REFERENCES `admin_roles` (`id`) ON DELETE CASCADE
) ENGINE=InnoDB AUTO_INCREMENT=116 DEFAULT CHARSET=utf8mb4 COLLATE=utf8mb4_0900_ai_ci;
/*!40101 SET character_set_client = @saved_cs_client */;

--
-- Dumping data for table `admin_permissions_role_lnk`
--

LOCK TABLES `admin_permissions_role_lnk` WRITE;
/*!40000 ALTER TABLE `admin_permissions_role_lnk` DISABLE KEYS */;
INSERT INTO `admin_permissions_role_lnk` VALUES (1,1,2,1),(2,2,2,2),(3,3,2,3),(4,4,2,4),(5,5,2,5),(6,6,2,6),(7,7,3,1),(8,8,3,2),(9,9,3,3),(10,10,3,4),(11,11,3,5),(12,12,3,6),(16,16,1,4),(17,17,1,5),(18,18,1,6),(19,19,1,7),(20,20,1,8),(21,21,1,9),(22,22,1,10),(23,23,1,11),(24,24,1,12),(25,25,1,13),(26,26,1,14),(27,27,1,15),(28,28,1,16),(29,29,1,17),(30,30,1,18),(31,31,1,19),(32,32,1,20),(33,33,1,21),(34,34,1,22),(35,35,1,23),(36,36,1,24),(37,37,1,25),(38,38,1,26),(39,39,1,27),(40,40,1,28),(41,41,1,29),(42,42,1,30),(43,43,1,31),(44,44,1,32),(45,45,1,33),(46,46,1,34),(47,47,1,35),(48,48,1,36),(49,49,1,37),(50,50,1,38),(51,51,1,39),(52,52,1,40),(53,53,1,41),(54,54,1,42),(55,55,1,43),(56,56,1,44),(57,57,1,45),(58,58,1,46),(59,59,1,47),(60,60,1,48),(61,61,1,49),(62,62,1,50),(63,63,1,51),(64,64,1,52),(65,65,1,53),(66,66,1,54),(67,67,1,55),(68,68,1,56),(69,69,1,57),(70,70,1,58),(88,88,1,65),(89,89,1,66),(90,90,1,67),(92,92,1,69),(94,94,1,71),(105,105,1,78),(106,106,1,79),(107,107,1,80),(109,109,1,82),(111,111,1,84),(113,113,1,85),(114,114,1,86),(115,115,1,87);
/*!40000 ALTER TABLE `admin_permissions_role_lnk` ENABLE KEYS */;
UNLOCK TABLES;

--
-- Table structure for table `admin_roles`
--

DROP TABLE IF EXISTS `admin_roles`;
/*!40101 SET @saved_cs_client     = @@character_set_client */;
/*!50503 SET character_set_client = utf8mb4 */;
CREATE TABLE `admin_roles` (
  `id` int unsigned NOT NULL AUTO_INCREMENT,
  `document_id` varchar(255) DEFAULT NULL,
  `name` varchar(255) DEFAULT NULL,
  `code` varchar(255) DEFAULT NULL,
  `description` varchar(255) DEFAULT NULL,
  `created_at` datetime(6) DEFAULT NULL,
  `updated_at` datetime(6) DEFAULT NULL,
  `published_at` datetime(6) DEFAULT NULL,
  `created_by_id` int unsigned DEFAULT NULL,
  `updated_by_id` int unsigned DEFAULT NULL,
  `locale` varchar(255) DEFAULT NULL,
  PRIMARY KEY (`id`),
  KEY `admin_roles_documents_idx` (`document_id`,`locale`,`published_at`),
  KEY `admin_roles_created_by_id_fk` (`created_by_id`),
  KEY `admin_roles_updated_by_id_fk` (`updated_by_id`),
  CONSTRAINT `admin_roles_created_by_id_fk` FOREIGN KEY (`created_by_id`) REFERENCES `admin_users` (`id`) ON DELETE SET NULL,
  CONSTRAINT `admin_roles_updated_by_id_fk` FOREIGN KEY (`updated_by_id`) REFERENCES `admin_users` (`id`) ON DELETE SET NULL
) ENGINE=InnoDB AUTO_INCREMENT=4 DEFAULT CHARSET=utf8mb4 COLLATE=utf8mb4_0900_ai_ci;
/*!40101 SET character_set_client = @saved_cs_client */;

--
-- Dumping data for table `admin_roles`
--

LOCK TABLES `admin_roles` WRITE;
/*!40000 ALTER TABLE `admin_roles` DISABLE KEYS */;
INSERT INTO `admin_roles` VALUES (1,'i141a48ejv982mjmsceak0n8','Super Admin','strapi-super-admin','Super Admins can access and manage all features and settings.','2024-09-23 16:26:09.670000','2024-09-23 16:26:09.670000','2024-09-23 16:26:09.670000',NULL,NULL,NULL),(2,'h0bbz08o5x7a8xc7kuxzw371','Editor','strapi-editor','Editors can manage and publish contents including those of other users.','2024-09-23 16:26:09.701000','2024-09-23 16:26:09.701000','2024-09-23 16:26:09.701000',NULL,NULL,NULL),(3,'l7x4gze8zo8bzas8m8cn2rsf','Author','strapi-author','Authors can manage the content they have created.','2024-09-23 16:26:09.718000','2024-09-23 16:26:09.718000','2024-09-23 16:26:09.718000',NULL,NULL,NULL);
/*!40000 ALTER TABLE `admin_roles` ENABLE KEYS */;
UNLOCK TABLES;

--
-- Table structure for table `admin_users`
--

DROP TABLE IF EXISTS `admin_users`;
/*!40101 SET @saved_cs_client     = @@character_set_client */;
/*!50503 SET character_set_client = utf8mb4 */;
CREATE TABLE `admin_users` (
  `id` int unsigned NOT NULL AUTO_INCREMENT,
  `document_id` varchar(255) DEFAULT NULL,
  `firstname` varchar(255) DEFAULT NULL,
  `lastname` varchar(255) DEFAULT NULL,
  `username` varchar(255) DEFAULT NULL,
  `email` varchar(255) DEFAULT NULL,
  `password` varchar(255) DEFAULT NULL,
  `reset_password_token` varchar(255) DEFAULT NULL,
  `registration_token` varchar(255) DEFAULT NULL,
  `is_active` tinyint(1) DEFAULT NULL,
  `blocked` tinyint(1) DEFAULT NULL,
  `prefered_language` varchar(255) DEFAULT NULL,
  `created_at` datetime(6) DEFAULT NULL,
  `updated_at` datetime(6) DEFAULT NULL,
  `published_at` datetime(6) DEFAULT NULL,
  `created_by_id` int unsigned DEFAULT NULL,
  `updated_by_id` int unsigned DEFAULT NULL,
  `locale` varchar(255) DEFAULT NULL,
  PRIMARY KEY (`id`),
  KEY `admin_users_documents_idx` (`document_id`,`locale`,`published_at`),
  KEY `admin_users_created_by_id_fk` (`created_by_id`),
  KEY `admin_users_updated_by_id_fk` (`updated_by_id`),
  CONSTRAINT `admin_users_created_by_id_fk` FOREIGN KEY (`created_by_id`) REFERENCES `admin_users` (`id`) ON DELETE SET NULL,
  CONSTRAINT `admin_users_updated_by_id_fk` FOREIGN KEY (`updated_by_id`) REFERENCES `admin_users` (`id`) ON DELETE SET NULL
) ENGINE=InnoDB AUTO_INCREMENT=2 DEFAULT CHARSET=utf8mb4 COLLATE=utf8mb4_0900_ai_ci;
/*!40101 SET character_set_client = @saved_cs_client */;

--
-- Dumping data for table `admin_users`
--

LOCK TABLES `admin_users` WRITE;
/*!40000 ALTER TABLE `admin_users` DISABLE KEYS */;
INSERT INTO `admin_users` VALUES (1,'pbw4tnddr879jf8g6bh6xlnl','Flavio','mataqque',NULL,'mataqque.100@gmail.com','$2a$10$.x5KmBMgPklfJzYdK7vzTebDbATadouzV6UFYstrxIj13rvVSFkLK',NULL,NULL,1,0,NULL,'2024-09-23 16:27:15.861000','2024-09-23 16:27:15.861000','2024-09-23 16:27:15.861000',NULL,NULL,NULL);
/*!40000 ALTER TABLE `admin_users` ENABLE KEYS */;
UNLOCK TABLES;

--
-- Table structure for table `admin_users_roles_lnk`
--

DROP TABLE IF EXISTS `admin_users_roles_lnk`;
/*!40101 SET @saved_cs_client     = @@character_set_client */;
/*!50503 SET character_set_client = utf8mb4 */;
CREATE TABLE `admin_users_roles_lnk` (
  `id` int unsigned NOT NULL AUTO_INCREMENT,
  `user_id` int unsigned DEFAULT NULL,
  `role_id` int unsigned DEFAULT NULL,
  `role_ord` double unsigned DEFAULT NULL,
  `user_ord` double unsigned DEFAULT NULL,
  PRIMARY KEY (`id`),
  UNIQUE KEY `admin_users_roles_lnk_uq` (`user_id`,`role_id`),
  KEY `admin_users_roles_lnk_fk` (`user_id`),
  KEY `admin_users_roles_lnk_ifk` (`role_id`),
  KEY `admin_users_roles_lnk_ofk` (`role_ord`),
  KEY `admin_users_roles_lnk_oifk` (`user_ord`),
  CONSTRAINT `admin_users_roles_lnk_fk` FOREIGN KEY (`user_id`) REFERENCES `admin_users` (`id`) ON DELETE CASCADE,
  CONSTRAINT `admin_users_roles_lnk_ifk` FOREIGN KEY (`role_id`) REFERENCES `admin_roles` (`id`) ON DELETE CASCADE
) ENGINE=InnoDB AUTO_INCREMENT=2 DEFAULT CHARSET=utf8mb4 COLLATE=utf8mb4_0900_ai_ci;
/*!40101 SET character_set_client = @saved_cs_client */;

--
-- Dumping data for table `admin_users_roles_lnk`
--

LOCK TABLES `admin_users_roles_lnk` WRITE;
/*!40000 ALTER TABLE `admin_users_roles_lnk` DISABLE KEYS */;
INSERT INTO `admin_users_roles_lnk` VALUES (1,1,1,1,1);
/*!40000 ALTER TABLE `admin_users_roles_lnk` ENABLE KEYS */;
UNLOCK TABLES;

--
-- Table structure for table `files`
--

DROP TABLE IF EXISTS `files`;
/*!40101 SET @saved_cs_client     = @@character_set_client */;
/*!50503 SET character_set_client = utf8mb4 */;
CREATE TABLE `files` (
  `id` int unsigned NOT NULL AUTO_INCREMENT,
  `document_id` varchar(255) DEFAULT NULL,
  `name` varchar(255) DEFAULT NULL,
  `alternative_text` varchar(255) DEFAULT NULL,
  `caption` varchar(255) DEFAULT NULL,
  `width` int DEFAULT NULL,
  `height` int DEFAULT NULL,
  `formats` json DEFAULT NULL,
  `hash` varchar(255) DEFAULT NULL,
  `ext` varchar(255) DEFAULT NULL,
  `mime` varchar(255) DEFAULT NULL,
  `size` decimal(10,2) DEFAULT NULL,
  `url` varchar(255) DEFAULT NULL,
  `preview_url` varchar(255) DEFAULT NULL,
  `provider` varchar(255) DEFAULT NULL,
  `provider_metadata` json DEFAULT NULL,
  `folder_path` varchar(255) DEFAULT NULL,
  `created_at` datetime(6) DEFAULT NULL,
  `updated_at` datetime(6) DEFAULT NULL,
  `published_at` datetime(6) DEFAULT NULL,
  `created_by_id` int unsigned DEFAULT NULL,
  `updated_by_id` int unsigned DEFAULT NULL,
  `locale` varchar(255) DEFAULT NULL,
  PRIMARY KEY (`id`),
  KEY `upload_files_folder_path_index` (`folder_path`),
  KEY `upload_files_created_at_index` (`created_at`),
  KEY `upload_files_updated_at_index` (`updated_at`),
  KEY `upload_files_name_index` (`name`),
  KEY `upload_files_size_index` (`size`),
  KEY `upload_files_ext_index` (`ext`),
  KEY `files_documents_idx` (`document_id`,`locale`,`published_at`),
  KEY `files_created_by_id_fk` (`created_by_id`),
  KEY `files_updated_by_id_fk` (`updated_by_id`),
  CONSTRAINT `files_created_by_id_fk` FOREIGN KEY (`created_by_id`) REFERENCES `admin_users` (`id`) ON DELETE SET NULL,
  CONSTRAINT `files_updated_by_id_fk` FOREIGN KEY (`updated_by_id`) REFERENCES `admin_users` (`id`) ON DELETE SET NULL
) ENGINE=InnoDB DEFAULT CHARSET=utf8mb4 COLLATE=utf8mb4_0900_ai_ci;
/*!40101 SET character_set_client = @saved_cs_client */;

--
-- Dumping data for table `files`
--

LOCK TABLES `files` WRITE;
/*!40000 ALTER TABLE `files` DISABLE KEYS */;
/*!40000 ALTER TABLE `files` ENABLE KEYS */;
UNLOCK TABLES;

--
-- Table structure for table `files_folder_lnk`
--

DROP TABLE IF EXISTS `files_folder_lnk`;
/*!40101 SET @saved_cs_client     = @@character_set_client */;
/*!50503 SET character_set_client = utf8mb4 */;
CREATE TABLE `files_folder_lnk` (
  `id` int unsigned NOT NULL AUTO_INCREMENT,
  `file_id` int unsigned DEFAULT NULL,
  `folder_id` int unsigned DEFAULT NULL,
  `file_ord` double unsigned DEFAULT NULL,
  PRIMARY KEY (`id`),
  UNIQUE KEY `files_folder_lnk_uq` (`file_id`,`folder_id`),
  KEY `files_folder_lnk_fk` (`file_id`),
  KEY `files_folder_lnk_ifk` (`folder_id`),
  KEY `files_folder_lnk_oifk` (`file_ord`),
  CONSTRAINT `files_folder_lnk_fk` FOREIGN KEY (`file_id`) REFERENCES `files` (`id`) ON DELETE CASCADE,
  CONSTRAINT `files_folder_lnk_ifk` FOREIGN KEY (`folder_id`) REFERENCES `upload_folders` (`id`) ON DELETE CASCADE
) ENGINE=InnoDB DEFAULT CHARSET=utf8mb4 COLLATE=utf8mb4_0900_ai_ci;
/*!40101 SET character_set_client = @saved_cs_client */;

--
-- Dumping data for table `files_folder_lnk`
--

LOCK TABLES `files_folder_lnk` WRITE;
/*!40000 ALTER TABLE `files_folder_lnk` DISABLE KEYS */;
/*!40000 ALTER TABLE `files_folder_lnk` ENABLE KEYS */;
UNLOCK TABLES;

--
-- Table structure for table `files_related_mph`
--

DROP TABLE IF EXISTS `files_related_mph`;
/*!40101 SET @saved_cs_client     = @@character_set_client */;
/*!50503 SET character_set_client = utf8mb4 */;
CREATE TABLE `files_related_mph` (
  `id` int unsigned NOT NULL AUTO_INCREMENT,
  `file_id` int unsigned DEFAULT NULL,
  `related_id` int unsigned DEFAULT NULL,
  `related_type` varchar(255) DEFAULT NULL,
  `field` varchar(255) DEFAULT NULL,
  `order` double unsigned DEFAULT NULL,
  PRIMARY KEY (`id`),
  KEY `files_related_mph_fk` (`file_id`),
  KEY `files_related_mph_oidx` (`order`),
  KEY `files_related_mph_idix` (`related_id`),
  CONSTRAINT `files_related_mph_fk` FOREIGN KEY (`file_id`) REFERENCES `files` (`id`) ON DELETE CASCADE
) ENGINE=InnoDB DEFAULT CHARSET=utf8mb4 COLLATE=utf8mb4_0900_ai_ci;
/*!40101 SET character_set_client = @saved_cs_client */;

--
-- Dumping data for table `files_related_mph`
--

LOCK TABLES `files_related_mph` WRITE;
/*!40000 ALTER TABLE `files_related_mph` DISABLE KEYS */;
/*!40000 ALTER TABLE `files_related_mph` ENABLE KEYS */;
UNLOCK TABLES;

--
-- Table structure for table `i18n_locale`
--

DROP TABLE IF EXISTS `i18n_locale`;
/*!40101 SET @saved_cs_client     = @@character_set_client */;
/*!50503 SET character_set_client = utf8mb4 */;
CREATE TABLE `i18n_locale` (
  `id` int unsigned NOT NULL AUTO_INCREMENT,
  `document_id` varchar(255) DEFAULT NULL,
  `name` varchar(255) DEFAULT NULL,
  `code` varchar(255) DEFAULT NULL,
  `created_at` datetime(6) DEFAULT NULL,
  `updated_at` datetime(6) DEFAULT NULL,
  `published_at` datetime(6) DEFAULT NULL,
  `created_by_id` int unsigned DEFAULT NULL,
  `updated_by_id` int unsigned DEFAULT NULL,
  `locale` varchar(255) DEFAULT NULL,
  PRIMARY KEY (`id`),
  KEY `i18n_locale_documents_idx` (`document_id`,`locale`,`published_at`),
  KEY `i18n_locale_created_by_id_fk` (`created_by_id`),
  KEY `i18n_locale_updated_by_id_fk` (`updated_by_id`),
  CONSTRAINT `i18n_locale_created_by_id_fk` FOREIGN KEY (`created_by_id`) REFERENCES `admin_users` (`id`) ON DELETE SET NULL,
  CONSTRAINT `i18n_locale_updated_by_id_fk` FOREIGN KEY (`updated_by_id`) REFERENCES `admin_users` (`id`) ON DELETE SET NULL
) ENGINE=InnoDB AUTO_INCREMENT=2 DEFAULT CHARSET=utf8mb4 COLLATE=utf8mb4_0900_ai_ci;
/*!40101 SET character_set_client = @saved_cs_client */;

--
-- Dumping data for table `i18n_locale`
--

LOCK TABLES `i18n_locale` WRITE;
/*!40000 ALTER TABLE `i18n_locale` DISABLE KEYS */;
INSERT INTO `i18n_locale` VALUES (1,'j8ten192gbde9con0zsj6tpg','English (en)','en','2024-09-23 16:26:09.373000','2024-09-23 16:26:09.373000','2024-09-23 16:26:09.374000',NULL,NULL,NULL);
/*!40000 ALTER TABLE `i18n_locale` ENABLE KEYS */;
UNLOCK TABLES;

--
-- Table structure for table `invalid_lists`
--

DROP TABLE IF EXISTS `invalid_lists`;
/*!40101 SET @saved_cs_client     = @@character_set_client */;
/*!50503 SET character_set_client = utf8mb4 */;
CREATE TABLE `invalid_lists` (
  `id` int unsigned NOT NULL AUTO_INCREMENT,
  `document_id` varchar(255) DEFAULT NULL,
  `list` json DEFAULT NULL,
  `created_at` datetime(6) DEFAULT NULL,
  `updated_at` datetime(6) DEFAULT NULL,
  `published_at` datetime(6) DEFAULT NULL,
  `created_by_id` int unsigned DEFAULT NULL,
  `updated_by_id` int unsigned DEFAULT NULL,
  `locale` varchar(255) DEFAULT NULL,
  PRIMARY KEY (`id`),
  KEY `invalid_lists_documents_idx` (`document_id`,`locale`,`published_at`),
  KEY `invalid_lists_created_by_id_fk` (`created_by_id`),
  KEY `invalid_lists_updated_by_id_fk` (`updated_by_id`),
  CONSTRAINT `invalid_lists_created_by_id_fk` FOREIGN KEY (`created_by_id`) REFERENCES `admin_users` (`id`) ON DELETE SET NULL,
  CONSTRAINT `invalid_lists_updated_by_id_fk` FOREIGN KEY (`updated_by_id`) REFERENCES `admin_users` (`id`) ON DELETE SET NULL
) ENGINE=InnoDB AUTO_INCREMENT=1500 DEFAULT CHARSET=utf8mb4 COLLATE=utf8mb4_0900_ai_ci;
/*!40101 SET character_set_client = @saved_cs_client */;

--
-- Dumping data for table `invalid_lists`
--

LOCK TABLES `invalid_lists` WRITE;
/*!40000 ALTER TABLE `invalid_lists` DISABLE KEYS */;
INSERT INTO `invalid_lists` VALUES (26,'i9fc6pffg15n8053rshq0tah','[75, 96, 86, 32, 92, 79, 90, 77, 44, 42, 62, 18, 84, 88, 56, 68, 36, 20]','2024-09-24 11:33:06.842000','2024-11-18 22:00:00.150000',NULL,NULL,1,NULL),(1499,'i9fc6pffg15n8053rshq0tah','[75, 96, 86, 32, 92, 79, 90, 77, 44, 42, 62, 18, 84, 88, 56, 68, 36, 20]','2024-09-24 11:33:06.842000','2024-11-18 22:00:00.150000','2024-11-18 22:00:00.156000',NULL,1,NULL);
/*!40000 ALTER TABLE `invalid_lists` ENABLE KEYS */;
UNLOCK TABLES;

--
-- Table structure for table `invalid_lists_user_lnk`
--

DROP TABLE IF EXISTS `invalid_lists_user_lnk`;
/*!40101 SET @saved_cs_client     = @@character_set_client */;
/*!50503 SET character_set_client = utf8mb4 */;
CREATE TABLE `invalid_lists_user_lnk` (
  `id` int unsigned NOT NULL AUTO_INCREMENT,
  `invalid_list_id` int unsigned DEFAULT NULL,
  `user_id` int unsigned DEFAULT NULL,
  PRIMARY KEY (`id`),
  UNIQUE KEY `invalid_lists_user_lnk_uq` (`invalid_list_id`,`user_id`),
  KEY `invalid_lists_user_lnk_fk` (`invalid_list_id`),
  KEY `invalid_lists_user_lnk_ifk` (`user_id`),
  CONSTRAINT `invalid_lists_user_lnk_fk` FOREIGN KEY (`invalid_list_id`) REFERENCES `invalid_lists` (`id`) ON DELETE CASCADE,
  CONSTRAINT `invalid_lists_user_lnk_ifk` FOREIGN KEY (`user_id`) REFERENCES `up_users` (`id`) ON DELETE CASCADE
) ENGINE=InnoDB AUTO_INCREMENT=1480 DEFAULT CHARSET=utf8mb4 COLLATE=utf8mb4_0900_ai_ci;
/*!40101 SET character_set_client = @saved_cs_client */;

--
-- Dumping data for table `invalid_lists_user_lnk`
--

LOCK TABLES `invalid_lists_user_lnk` WRITE;
/*!40000 ALTER TABLE `invalid_lists_user_lnk` DISABLE KEYS */;
INSERT INTO `invalid_lists_user_lnk` VALUES (6,26,1),(1479,1499,1);
/*!40000 ALTER TABLE `invalid_lists_user_lnk` ENABLE KEYS */;
UNLOCK TABLES;

--
-- Table structure for table `sentences`
--

DROP TABLE IF EXISTS `sentences`;
/*!40101 SET @saved_cs_client     = @@character_set_client */;
/*!50503 SET character_set_client = utf8mb4 */;
CREATE TABLE `sentences` (
  `id` int unsigned NOT NULL AUTO_INCREMENT,
  `document_id` varchar(255) DEFAULT NULL,
  `spanish` varchar(255) DEFAULT NULL,
  `english` varchar(255) DEFAULT NULL,
  `created_at` datetime(6) DEFAULT NULL,
  `updated_at` datetime(6) DEFAULT NULL,
  `published_at` datetime(6) DEFAULT NULL,
  `created_by_id` int unsigned DEFAULT NULL,
  `updated_by_id` int unsigned DEFAULT NULL,
  `locale` varchar(255) DEFAULT NULL,
  PRIMARY KEY (`id`),
  KEY `sentences_documents_idx` (`document_id`,`locale`,`published_at`),
  KEY `sentences_created_by_id_fk` (`created_by_id`),
  KEY `sentences_updated_by_id_fk` (`updated_by_id`),
  CONSTRAINT `sentences_created_by_id_fk` FOREIGN KEY (`created_by_id`) REFERENCES `admin_users` (`id`) ON DELETE SET NULL,
  CONSTRAINT `sentences_updated_by_id_fk` FOREIGN KEY (`updated_by_id`) REFERENCES `admin_users` (`id`) ON DELETE SET NULL
) ENGINE=InnoDB AUTO_INCREMENT=103 DEFAULT CHARSET=utf8mb4 COLLATE=utf8mb4_0900_ai_ci;
/*!40101 SET character_set_client = @saved_cs_client */;

--
-- Dumping data for table `sentences`
--

LOCK TABLES `sentences` WRITE;
/*!40000 ALTER TABLE `sentences` DISABLE KEYS */;
INSERT INTO `sentences` VALUES (6,'b8wm5puq874frs79nqjamvyg','Hello','hi','2024-09-23 17:51:09.487000','2024-09-23 17:51:09.487000','2024-09-23 17:51:09.487000',NULL,NULL,NULL),(17,'h4tzdqg4xlo1d3yam22vtus6','¿Estás saliendo con alguien en este momento?','are you currently dating someone right now?','2024-10-12 06:38:41.922000','2024-10-12 06:38:41.922000',NULL,1,1,NULL),(18,'h4tzdqg4xlo1d3yam22vtus6','¿Estás saliendo con alguien en este momento?','are you currently dating someone right now?','2024-10-12 06:38:41.922000','2024-10-12 06:38:41.922000','2024-10-12 06:38:41.930000',1,1,NULL),(19,'hh8bxfvtpje4zxuholhvsni6','Bueno, eso fue hace un tiempo atrás.','Well, that was a while back','2024-10-12 06:39:02.283000','2024-10-12 06:39:03.919000',NULL,1,1,NULL),(20,'hh8bxfvtpje4zxuholhvsni6','Bueno, eso fue hace un tiempo atrás.','Well, that was a while back','2024-10-12 06:39:02.283000','2024-10-12 06:39:03.919000','2024-10-12 06:39:03.925000',1,1,NULL),(23,'ynr4zgwrctssfhau4pfj1220','solo es cuestion de tiempo','just matter on time','2024-10-12 06:40:19.923000','2024-10-12 06:40:19.923000',NULL,1,1,NULL),(24,'ynr4zgwrctssfhau4pfj1220','solo es cuestion de tiempo','just matter on time','2024-10-12 06:40:19.923000','2024-10-12 06:40:19.923000','2024-10-12 06:40:19.930000',1,1,NULL),(25,'w0oxyun6vltl9qs7f8v439zj','de quien es este gato ?','whose cat is this ?','2024-10-12 06:40:40.164000','2024-10-12 06:40:40.164000',NULL,1,1,NULL),(26,'w0oxyun6vltl9qs7f8v439zj','de quien es este gato ?','whose cat is this ?','2024-10-12 06:40:40.164000','2024-10-12 06:40:40.164000','2024-10-12 06:40:40.169000',1,1,NULL),(27,'rioaj4el34jpo0pa40ryr5mf','eso es lo mio','That\'s my jam','2024-10-12 06:40:53.818000','2024-10-12 06:40:53.818000',NULL,1,1,NULL),(28,'rioaj4el34jpo0pa40ryr5mf','eso es lo mio','That\'s my jam','2024-10-12 06:40:53.818000','2024-10-12 06:40:53.818000','2024-10-12 06:40:53.824000',1,1,NULL),(29,'mpjlwojoluao7xsa3p5jes88','Hasta ahora, todo bien','so far so good','2024-10-12 06:41:11.522000','2024-10-12 06:41:11.522000',NULL,1,1,NULL),(30,'mpjlwojoluao7xsa3p5jes88','Hasta ahora, todo bien','so far so good','2024-10-12 06:41:11.522000','2024-10-12 06:41:11.522000','2024-10-12 06:41:11.528000',1,1,NULL),(31,'hdan23mjwxn644sdk7wby1ys','con razón me dijeron eso','No wonder they\'re told me that','2024-10-12 06:41:57.185000','2024-10-12 06:41:57.185000',NULL,1,1,NULL),(32,'hdan23mjwxn644sdk7wby1ys','con razón me dijeron eso','No wonder they\'re told me that','2024-10-12 06:41:57.185000','2024-10-12 06:41:57.185000','2024-10-12 06:41:57.190000',1,1,NULL),(33,'b19fuxrthgiypnnmsls31ci3','No estas asustado','aren\'t you scared?','2024-10-12 06:42:13.898000','2024-10-12 06:42:13.898000',NULL,1,1,NULL),(34,'b19fuxrthgiypnnmsls31ci3','No estas asustado','aren\'t you scared?','2024-10-12 06:42:13.898000','2024-10-12 06:42:13.898000','2024-10-12 06:42:13.902000',1,1,NULL),(35,'vl5q88u03rjvfhimeyepqmrj','guarda el secreto','mum\'s the word','2024-10-12 06:42:42.699000','2024-10-12 06:42:42.699000',NULL,1,1,NULL),(36,'vl5q88u03rjvfhimeyepqmrj','guarda el secreto','mum\'s the word','2024-10-12 06:42:42.699000','2024-10-12 06:42:42.699000','2024-10-12 06:42:42.704000',1,1,NULL),(37,'af5kgrsu11u44v9qwhvr5ylk','Solo prometeme que tendrás cuidado.','just promise me you\'ll be carefull','2024-10-12 06:42:58.654000','2024-10-12 06:42:58.654000',NULL,1,1,NULL),(38,'af5kgrsu11u44v9qwhvr5ylk','Solo prometeme que tendrás cuidado.','just promise me you\'ll be carefull','2024-10-12 06:42:58.654000','2024-10-12 06:42:58.654000','2024-10-12 06:42:58.659000',1,1,NULL),(39,'yp1md3igtxjvmbo799l02q31','Me tiro pedo mientras duermo.','I fart in my sleep.','2024-10-12 06:44:19.845000','2024-10-12 06:44:19.845000',NULL,1,1,NULL),(40,'yp1md3igtxjvmbo799l02q31','Me tiro pedo mientras duermo.','I fart in my sleep.','2024-10-12 06:44:19.845000','2024-10-12 06:44:19.845000','2024-10-12 06:44:19.850000',1,1,NULL),(41,'au21jr3iogmai8ig6rq142mf','No me mires asi.','Don\'t give me that look.','2024-10-12 06:44:34.452000','2024-10-12 06:44:34.452000',NULL,1,1,NULL),(42,'au21jr3iogmai8ig6rq142mf','No me mires asi.','Don\'t give me that look.','2024-10-12 06:44:34.452000','2024-10-12 06:44:34.452000','2024-10-12 06:44:34.456000',1,1,NULL),(43,'d7kcm0ysjuvyx5wlwdy7ao8v','Aveces','From time to time','2024-10-12 06:44:48.337000','2024-10-12 06:44:48.337000',NULL,1,1,NULL),(44,'d7kcm0ysjuvyx5wlwdy7ao8v','Aveces','From time to time','2024-10-12 06:44:48.337000','2024-10-12 06:44:48.337000','2024-10-12 06:44:48.344000',1,1,NULL),(45,'n3v4gv6ynqi1gtrsjynnzsqe','A que te refieres ?','What are you getting at ?','2024-10-12 06:45:15.062000','2024-10-12 06:45:15.062000',NULL,1,1,NULL),(46,'n3v4gv6ynqi1gtrsjynnzsqe','A que te refieres ?','What are you getting at ?','2024-10-12 06:45:15.062000','2024-10-12 06:45:15.062000','2024-10-12 06:45:15.067000',1,1,NULL),(47,'dwzstnqivp5jhcsx3xketeml','Te llevaré a casa','I\'ll get you home','2024-10-12 06:46:11.843000','2024-10-14 16:02:30.017000',NULL,1,1,NULL),(49,'iyjd4j5csb1pz3ouwdd6k1jd','tengo que advertirte','i gotta warn you','2024-10-12 06:46:37.735000','2024-10-12 06:46:37.735000',NULL,1,1,NULL),(50,'iyjd4j5csb1pz3ouwdd6k1jd','tengo que advertirte','i gotta warn you','2024-10-12 06:46:37.735000','2024-10-12 06:46:37.735000','2024-10-12 06:46:37.741000',1,1,NULL),(51,'ijzrt6u0pfhyrrzl7zr1ybly','¿Cuánto falta para que regreses?','How long till you come back','2024-10-12 06:46:57.736000','2024-10-12 06:46:57.736000',NULL,1,1,NULL),(52,'ijzrt6u0pfhyrrzl7zr1ybly','¿Cuánto falta para que regreses?','How long till you come back','2024-10-12 06:46:57.736000','2024-10-12 06:46:57.736000','2024-10-12 06:46:57.741000',1,1,NULL),(53,'s13kmnwgvfb8hl9w9pwr3fwv','que quieres para almorzar','What do you want for lunch today?','2024-10-12 06:47:30.388000','2024-10-12 06:47:30.388000',NULL,1,1,NULL),(54,'s13kmnwgvfb8hl9w9pwr3fwv','que quieres para almorzar','What do you want for lunch today?','2024-10-12 06:47:30.388000','2024-10-12 06:47:30.388000','2024-10-12 06:47:30.394000',1,1,NULL),(55,'ti23vv48ykxu74cav06zdwf7','no he dormido nada','I haven\'t slept at all','2024-10-12 06:47:49.365000','2024-10-12 06:47:49.365000',NULL,1,1,NULL),(56,'ti23vv48ykxu74cav06zdwf7','no he dormido nada','I haven\'t slept at all','2024-10-12 06:47:49.365000','2024-10-12 06:47:49.365000','2024-10-12 06:47:49.369000',1,1,NULL),(57,'jm7aztnr8h5hao5haa9igelr','Tengo ganas de caminar','I feel like walking','2024-10-12 06:48:04.238000','2024-10-12 06:48:04.238000',NULL,1,1,NULL),(58,'jm7aztnr8h5hao5haa9igelr','Tengo ganas de caminar','I feel like walking','2024-10-12 06:48:04.238000','2024-10-12 06:48:04.238000','2024-10-12 06:48:04.243000',1,1,NULL),(59,'voe1b0oe0z3ro11fv4r2e0cf','no esperaba esto','i wasn\'t expecting this','2024-10-12 06:48:33.471000','2024-10-12 06:48:39.462000',NULL,1,1,NULL),(62,'voe1b0oe0z3ro11fv4r2e0cf','no esperaba esto','i wasn\'t expecting this','2024-10-12 06:48:33.471000','2024-10-12 06:48:39.462000','2024-10-12 06:48:39.471000',1,1,NULL),(63,'ugkskhx2veahl2th9h9jat0d','Que es tan importante','What\'s the big deal','2024-10-12 06:48:59.800000','2024-10-12 06:48:59.800000',NULL,1,1,NULL),(64,'ugkskhx2veahl2th9h9jat0d','Que es tan importante','What\'s the big deal','2024-10-12 06:48:59.800000','2024-10-12 06:48:59.800000','2024-10-12 06:48:59.805000',1,1,NULL),(65,'tojche2vcifpk11r6nqu8bsl','nosotros deberiamos salir','shall we go out','2024-10-12 06:49:27.961000','2024-10-12 06:49:27.961000',NULL,1,1,NULL),(66,'tojche2vcifpk11r6nqu8bsl','nosotros deberiamos salir','shall we go out','2024-10-12 06:49:27.961000','2024-10-12 06:49:27.961000','2024-10-12 06:49:27.966000',1,1,NULL),(67,'p3ay2b60x0mlm0gfvv7h3ha2','te apuntas ?','so are you down ?','2024-10-12 06:49:39.645000','2024-10-12 06:49:39.645000',NULL,1,1,NULL),(68,'p3ay2b60x0mlm0gfvv7h3ha2','te apuntas ?','so are you down ?','2024-10-12 06:49:39.645000','2024-10-12 06:49:39.645000','2024-10-12 06:49:39.650000',1,1,NULL),(73,'dwzstnqivp5jhcsx3xketeml','Te llevaré a casa','I\'ll get you home','2024-10-12 06:46:11.843000','2024-10-14 16:02:30.017000','2024-10-14 16:02:30.027000',1,1,NULL),(74,'yb7yh8qbu810ab1b7qt0j5p5','Pon tus manos detras de la espalda.','Put your hands behind your back.','2024-10-26 20:36:22.327000','2024-10-26 20:36:22.327000',NULL,NULL,NULL,NULL),(75,'yb7yh8qbu810ab1b7qt0j5p5','Pon tus manos detras de la espalda.','Put your hands behind your back.','2024-10-26 20:36:22.327000','2024-10-26 20:36:22.327000','2024-10-26 20:36:22.333000',NULL,NULL,NULL),(76,'d6chhjwg0zsw5aecjh83w9w5','Es lo que siempre he soñado.','It\'s what i\'ve always dreamed of.','2024-10-26 21:06:22.870000','2024-10-26 21:06:22.870000',NULL,NULL,NULL,NULL),(77,'d6chhjwg0zsw5aecjh83w9w5','Es lo que siempre he soñado.','It\'s what i\'ve always dreamed of.','2024-10-26 21:06:22.870000','2024-10-26 21:06:22.870000','2024-10-26 21:06:22.874000',NULL,NULL,NULL),(78,'blm418r6vcywjv2ee4ixxks4','Tengo una cita con el doctor','I got a doctor\'s appointment','2024-10-27 02:06:02.495000','2024-10-27 02:06:02.495000',NULL,NULL,NULL,NULL),(79,'blm418r6vcywjv2ee4ixxks4','Tengo una cita con el doctor','I got a doctor\'s appointment','2024-10-27 02:06:02.495000','2024-10-27 02:06:02.495000','2024-10-27 02:06:02.498000',NULL,NULL,NULL),(80,'mgo4jeaejln7h72gku0nsvcr','ya vuelvo','i\'ll be right back','2024-10-30 04:10:52.586000','2024-10-30 04:11:17.502000',NULL,NULL,1,NULL),(82,'mgo4jeaejln7h72gku0nsvcr','ya vuelvo','i\'ll be right back','2024-10-30 04:10:52.586000','2024-10-30 04:11:17.502000','2024-10-30 04:11:17.509000',NULL,1,NULL),(83,'noah2bdwii8p6raa23284w6l','El nunca va a clase','He never goes to class','2024-10-30 04:13:02.003000','2024-10-30 04:13:02.003000',NULL,1,1,NULL),(84,'noah2bdwii8p6raa23284w6l','El nunca va a clase','He never goes to class','2024-10-30 04:13:02.003000','2024-10-30 04:13:02.003000','2024-10-30 04:13:02.011000',1,1,NULL),(85,'neq847jsnhmnrq9uswv6c9b7','Tenemos que sacar a piter de halli','we gotta get peter out of there','2024-10-31 22:10:48.299000','2024-10-31 22:10:48.299000',NULL,NULL,NULL,NULL),(86,'neq847jsnhmnrq9uswv6c9b7','Tenemos que sacar a piter de halli','we gotta get peter out of there','2024-10-31 22:10:48.299000','2024-10-31 22:10:48.299000','2024-10-31 22:10:48.312000',NULL,NULL,NULL),(87,'qccukrb2gmjzjw9ptfnvtwa0','te veré entonces','I\'ll see you then','2024-11-03 01:15:24.222000','2024-11-03 01:15:24.222000',NULL,NULL,NULL,NULL),(88,'qccukrb2gmjzjw9ptfnvtwa0','te veré entonces','I\'ll see you then','2024-11-03 01:15:24.222000','2024-11-03 01:15:24.222000','2024-11-03 01:15:24.230000',NULL,NULL,NULL),(89,'y5azi4sq37iv2owd6dykmyvu','¿Cuántos meses de embarazo tienes?','How many months pregnant are you?','2024-11-03 01:21:04.957000','2024-11-03 01:21:04.957000',NULL,NULL,NULL,NULL),(90,'y5azi4sq37iv2owd6dykmyvu','¿Cuántos meses de embarazo tienes?','How many months pregnant are you?','2024-11-03 01:21:04.957000','2024-11-03 01:21:04.957000','2024-11-03 01:21:04.960000',NULL,NULL,NULL),(91,'uy2ap03fe83pvrxtqnml7slr','Jamás soñé que me tratarían de esa manera.','I never dreamed that they were going to treat me like that.','2024-11-03 01:25:08.323000','2024-11-03 01:25:08.323000',NULL,NULL,NULL,NULL),(92,'uy2ap03fe83pvrxtqnml7slr','Jamás soñé que me tratarían de esa manera.','I never dreamed that they were going to treat me like that.','2024-11-03 01:25:08.323000','2024-11-03 01:25:08.323000','2024-11-03 01:25:08.326000',NULL,NULL,NULL),(93,'jxmpkz6mybmf5ehjq1z0hgp3','Nunca soñé ganar este premio.','I never dreamed winning this award.','2024-11-03 01:32:40.993000','2024-11-03 01:32:40.993000',NULL,NULL,NULL,NULL),(94,'jxmpkz6mybmf5ehjq1z0hgp3','Nunca soñé ganar este premio.','I never dreamed winning this award.','2024-11-03 01:32:40.993000','2024-11-03 01:32:40.993000','2024-11-03 01:32:40.997000',NULL,NULL,NULL),(95,'jqelxthz4aby5en9v6h6fcen','lo sabía','i knew it','2024-11-03 19:34:36.169000','2024-11-03 19:34:36.169000',NULL,NULL,NULL,NULL),(96,'jqelxthz4aby5en9v6h6fcen','lo sabía','i knew it','2024-11-03 19:34:36.169000','2024-11-03 19:34:36.169000','2024-11-03 19:34:36.179000',NULL,NULL,NULL),(97,'gb85khjt138kk7zvbqwwv2za','Me haré cargo del proyecto una vez que John se vaya','I\'ll take over the project once John leaves','2024-11-03 20:34:32.033000','2024-11-03 20:34:32.033000',NULL,NULL,NULL,NULL),(98,'gb85khjt138kk7zvbqwwv2za','Me haré cargo del proyecto una vez que John se vaya','I\'ll take over the project once John leaves','2024-11-03 20:34:32.033000','2024-11-03 20:34:32.033000','2024-11-03 20:34:32.038000',NULL,NULL,NULL),(99,'wfoxk89gs1mjqaxz8b0w64rr','Esto realmente no es mi fuerte','This really isnt my strong suit','2024-11-06 04:49:41.052000','2024-11-06 04:49:41.052000',NULL,NULL,NULL,NULL),(100,'wfoxk89gs1mjqaxz8b0w64rr','Esto realmente no es mi fuerte','This really isnt my strong suit','2024-11-06 04:49:41.052000','2024-11-06 04:49:41.052000','2024-11-06 04:49:41.082000',NULL,NULL,NULL),(101,'xli61eepoi37q5jwi5z3lrbv','Lo invente','i made him up','2024-11-06 05:10:34.245000','2024-11-06 05:10:34.245000',NULL,NULL,NULL,NULL),(102,'xli61eepoi37q5jwi5z3lrbv','Lo invente','i made him up','2024-11-06 05:10:34.245000','2024-11-06 05:10:34.245000','2024-11-06 05:10:34.248000',NULL,NULL,NULL);
/*!40000 ALTER TABLE `sentences` ENABLE KEYS */;
UNLOCK TABLES;

--
-- Table structure for table `sentences_user_lnk`
--

DROP TABLE IF EXISTS `sentences_user_lnk`;
/*!40101 SET @saved_cs_client     = @@character_set_client */;
/*!50503 SET character_set_client = utf8mb4 */;
CREATE TABLE `sentences_user_lnk` (
  `id` int unsigned NOT NULL AUTO_INCREMENT,
  `sentence_id` int unsigned DEFAULT NULL,
  `user_id` int unsigned DEFAULT NULL,
  `sentence_ord` double unsigned DEFAULT NULL,
  PRIMARY KEY (`id`),
  UNIQUE KEY `sentences_user_lnk_uq` (`sentence_id`,`user_id`),
  KEY `sentences_user_lnk_fk` (`sentence_id`),
  KEY `sentences_user_lnk_ifk` (`user_id`),
  KEY `sentences_user_lnk_oifk` (`sentence_ord`),
  CONSTRAINT `sentences_user_lnk_fk` FOREIGN KEY (`sentence_id`) REFERENCES `sentences` (`id`) ON DELETE CASCADE,
  CONSTRAINT `sentences_user_lnk_ifk` FOREIGN KEY (`user_id`) REFERENCES `up_users` (`id`) ON DELETE CASCADE
) ENGINE=InnoDB AUTO_INCREMENT=95 DEFAULT CHARSET=utf8mb4 COLLATE=utf8mb4_0900_ai_ci;
/*!40101 SET character_set_client = @saved_cs_client */;

--
-- Dumping data for table `sentences_user_lnk`
--

LOCK TABLES `sentences_user_lnk` WRITE;
/*!40000 ALTER TABLE `sentences_user_lnk` DISABLE KEYS */;
INSERT INTO `sentences_user_lnk` VALUES (11,17,1,1),(12,18,1,2),(13,19,1,3),(14,20,1,4),(17,23,1,7),(18,24,1,8),(19,25,1,9),(20,26,1,10),(21,27,1,11),(22,28,1,12),(23,29,1,13),(24,30,1,14),(25,31,1,15),(26,32,1,16),(27,33,1,17),(28,34,1,18),(29,35,1,19),(30,36,1,20),(31,37,1,21),(32,38,1,22),(33,39,1,23),(34,40,1,24),(35,41,1,25),(36,42,1,26),(37,43,1,27),(38,44,1,28),(39,45,1,29),(40,46,1,30),(41,47,1,31),(43,49,1,33),(44,50,1,34),(45,53,1,35),(46,54,1,36),(47,55,1,37),(48,56,1,38),(49,57,1,39),(50,58,1,40),(51,59,1,41),(54,62,1,42),(55,63,1,43),(56,64,1,44),(57,65,1,45),(58,66,1,46),(59,67,1,47),(60,68,1,48),(65,73,1,49),(66,74,1,50),(67,75,1,51),(68,76,1,52),(69,77,1,53),(70,78,1,54),(71,79,1,55),(72,80,1,56),(74,82,1,57),(75,83,1,58),(76,84,1,59),(77,85,1,60),(78,86,1,61),(79,87,1,62),(80,88,1,63),(81,89,1,64),(82,90,1,65),(83,91,1,66),(84,92,1,67),(85,93,1,68),(86,94,1,69),(87,95,1,70),(88,96,1,71),(89,97,1,72),(90,98,1,73),(91,99,1,74),(92,100,1,75),(93,101,1,76),(94,102,1,77);
/*!40000 ALTER TABLE `sentences_user_lnk` ENABLE KEYS */;
UNLOCK TABLES;

--
-- Table structure for table `strapi_api_token_permissions`
--

DROP TABLE IF EXISTS `strapi_api_token_permissions`;
/*!40101 SET @saved_cs_client     = @@character_set_client */;
/*!50503 SET character_set_client = utf8mb4 */;
CREATE TABLE `strapi_api_token_permissions` (
  `id` int unsigned NOT NULL AUTO_INCREMENT,
  `document_id` varchar(255) DEFAULT NULL,
  `action` varchar(255) DEFAULT NULL,
  `created_at` datetime(6) DEFAULT NULL,
  `updated_at` datetime(6) DEFAULT NULL,
  `published_at` datetime(6) DEFAULT NULL,
  `created_by_id` int unsigned DEFAULT NULL,
  `updated_by_id` int unsigned DEFAULT NULL,
  `locale` varchar(255) DEFAULT NULL,
  PRIMARY KEY (`id`),
  KEY `strapi_api_token_permissions_documents_idx` (`document_id`,`locale`,`published_at`),
  KEY `strapi_api_token_permissions_created_by_id_fk` (`created_by_id`),
  KEY `strapi_api_token_permissions_updated_by_id_fk` (`updated_by_id`),
  CONSTRAINT `strapi_api_token_permissions_created_by_id_fk` FOREIGN KEY (`created_by_id`) REFERENCES `admin_users` (`id`) ON DELETE SET NULL,
  CONSTRAINT `strapi_api_token_permissions_updated_by_id_fk` FOREIGN KEY (`updated_by_id`) REFERENCES `admin_users` (`id`) ON DELETE SET NULL
) ENGINE=InnoDB DEFAULT CHARSET=utf8mb4 COLLATE=utf8mb4_0900_ai_ci;
/*!40101 SET character_set_client = @saved_cs_client */;

--
-- Dumping data for table `strapi_api_token_permissions`
--

LOCK TABLES `strapi_api_token_permissions` WRITE;
/*!40000 ALTER TABLE `strapi_api_token_permissions` DISABLE KEYS */;
/*!40000 ALTER TABLE `strapi_api_token_permissions` ENABLE KEYS */;
UNLOCK TABLES;

--
-- Table structure for table `strapi_api_token_permissions_token_lnk`
--

DROP TABLE IF EXISTS `strapi_api_token_permissions_token_lnk`;
/*!40101 SET @saved_cs_client     = @@character_set_client */;
/*!50503 SET character_set_client = utf8mb4 */;
CREATE TABLE `strapi_api_token_permissions_token_lnk` (
  `id` int unsigned NOT NULL AUTO_INCREMENT,
  `api_token_permission_id` int unsigned DEFAULT NULL,
  `api_token_id` int unsigned DEFAULT NULL,
  `api_token_permission_ord` double unsigned DEFAULT NULL,
  PRIMARY KEY (`id`),
  UNIQUE KEY `strapi_api_token_permissions_token_lnk_uq` (`api_token_permission_id`,`api_token_id`),
  KEY `strapi_api_token_permissions_token_lnk_fk` (`api_token_permission_id`),
  KEY `strapi_api_token_permissions_token_lnk_ifk` (`api_token_id`),
  KEY `strapi_api_token_permissions_token_lnk_oifk` (`api_token_permission_ord`),
  CONSTRAINT `strapi_api_token_permissions_token_lnk_fk` FOREIGN KEY (`api_token_permission_id`) REFERENCES `strapi_api_token_permissions` (`id`) ON DELETE CASCADE,
  CONSTRAINT `strapi_api_token_permissions_token_lnk_ifk` FOREIGN KEY (`api_token_id`) REFERENCES `strapi_api_tokens` (`id`) ON DELETE CASCADE
) ENGINE=InnoDB DEFAULT CHARSET=utf8mb4 COLLATE=utf8mb4_0900_ai_ci;
/*!40101 SET character_set_client = @saved_cs_client */;

--
-- Dumping data for table `strapi_api_token_permissions_token_lnk`
--

LOCK TABLES `strapi_api_token_permissions_token_lnk` WRITE;
/*!40000 ALTER TABLE `strapi_api_token_permissions_token_lnk` DISABLE KEYS */;
/*!40000 ALTER TABLE `strapi_api_token_permissions_token_lnk` ENABLE KEYS */;
UNLOCK TABLES;

--
-- Table structure for table `strapi_api_tokens`
--

DROP TABLE IF EXISTS `strapi_api_tokens`;
/*!40101 SET @saved_cs_client     = @@character_set_client */;
/*!50503 SET character_set_client = utf8mb4 */;
CREATE TABLE `strapi_api_tokens` (
  `id` int unsigned NOT NULL AUTO_INCREMENT,
  `document_id` varchar(255) DEFAULT NULL,
  `name` varchar(255) DEFAULT NULL,
  `description` varchar(255) DEFAULT NULL,
  `type` varchar(255) DEFAULT NULL,
  `access_key` varchar(255) DEFAULT NULL,
  `last_used_at` datetime(6) DEFAULT NULL,
  `expires_at` datetime(6) DEFAULT NULL,
  `lifespan` bigint DEFAULT NULL,
  `created_at` datetime(6) DEFAULT NULL,
  `updated_at` datetime(6) DEFAULT NULL,
  `published_at` datetime(6) DEFAULT NULL,
  `created_by_id` int unsigned DEFAULT NULL,
  `updated_by_id` int unsigned DEFAULT NULL,
  `locale` varchar(255) DEFAULT NULL,
  PRIMARY KEY (`id`),
  KEY `strapi_api_tokens_documents_idx` (`document_id`,`locale`,`published_at`),
  KEY `strapi_api_tokens_created_by_id_fk` (`created_by_id`),
  KEY `strapi_api_tokens_updated_by_id_fk` (`updated_by_id`),
  CONSTRAINT `strapi_api_tokens_created_by_id_fk` FOREIGN KEY (`created_by_id`) REFERENCES `admin_users` (`id`) ON DELETE SET NULL,
  CONSTRAINT `strapi_api_tokens_updated_by_id_fk` FOREIGN KEY (`updated_by_id`) REFERENCES `admin_users` (`id`) ON DELETE SET NULL
) ENGINE=InnoDB DEFAULT CHARSET=utf8mb4 COLLATE=utf8mb4_0900_ai_ci;
/*!40101 SET character_set_client = @saved_cs_client */;

--
-- Dumping data for table `strapi_api_tokens`
--

LOCK TABLES `strapi_api_tokens` WRITE;
/*!40000 ALTER TABLE `strapi_api_tokens` DISABLE KEYS */;
/*!40000 ALTER TABLE `strapi_api_tokens` ENABLE KEYS */;
UNLOCK TABLES;

--
-- Table structure for table `strapi_core_store_settings`
--

DROP TABLE IF EXISTS `strapi_core_store_settings`;
/*!40101 SET @saved_cs_client     = @@character_set_client */;
/*!50503 SET character_set_client = utf8mb4 */;
CREATE TABLE `strapi_core_store_settings` (
  `id` int unsigned NOT NULL AUTO_INCREMENT,
  `key` varchar(255) DEFAULT NULL,
  `value` longtext,
  `type` varchar(255) DEFAULT NULL,
  `environment` varchar(255) DEFAULT NULL,
  `tag` varchar(255) DEFAULT NULL,
  PRIMARY KEY (`id`)
) ENGINE=InnoDB AUTO_INCREMENT=30 DEFAULT CHARSET=utf8mb4 COLLATE=utf8mb4_0900_ai_ci;
/*!40101 SET character_set_client = @saved_cs_client */;

--
-- Dumping data for table `strapi_core_store_settings`
--

LOCK TABLES `strapi_core_store_settings` WRITE;
/*!40000 ALTER TABLE `strapi_core_store_settings` DISABLE KEYS */;
INSERT INTO `strapi_core_store_settings` VALUES (1,'strapi_content_types_schema','{\"api::invalid-list.invalid-list\":{\"kind\":\"collectionType\",\"collectionName\":\"invalid_lists\",\"info\":{\"singularName\":\"invalid-list\",\"pluralName\":\"invalid-lists\",\"displayName\":\"invalidList\",\"description\":\"\"},\"options\":{\"draftAndPublish\":true},\"pluginOptions\":{},\"attributes\":{\"list\":{\"type\":\"json\"},\"user\":{\"type\":\"relation\",\"relation\":\"oneToOne\",\"target\":\"plugin::users-permissions.user\"},\"createdAt\":{\"type\":\"datetime\"},\"updatedAt\":{\"type\":\"datetime\"},\"publishedAt\":{\"type\":\"datetime\",\"configurable\":false,\"writable\":true,\"visible\":false},\"createdBy\":{\"type\":\"relation\",\"relation\":\"oneToOne\",\"target\":\"admin::user\",\"configurable\":false,\"writable\":false,\"visible\":false,\"useJoinTable\":false,\"private\":true},\"updatedBy\":{\"type\":\"relation\",\"relation\":\"oneToOne\",\"target\":\"admin::user\",\"configurable\":false,\"writable\":false,\"visible\":false,\"useJoinTable\":false,\"private\":true},\"locale\":{\"writable\":true,\"private\":false,\"configurable\":false,\"visible\":false,\"type\":\"string\"},\"localizations\":{\"type\":\"relation\",\"relation\":\"oneToMany\",\"target\":\"api::invalid-list.invalid-list\",\"writable\":false,\"private\":false,\"configurable\":false,\"visible\":false,\"unstable_virtual\":true,\"joinColumn\":{\"name\":\"document_id\",\"referencedColumn\":\"document_id\",\"referencedTable\":\"invalid_lists\"}}},\"apiName\":\"invalid-list\",\"globalId\":\"InvalidList\",\"uid\":\"api::invalid-list.invalid-list\",\"modelType\":\"contentType\",\"__schema__\":{\"collectionName\":\"invalid_lists\",\"info\":{\"singularName\":\"invalid-list\",\"pluralName\":\"invalid-lists\",\"displayName\":\"invalidList\",\"description\":\"\"},\"options\":{\"draftAndPublish\":true},\"pluginOptions\":{},\"attributes\":{\"list\":{\"type\":\"json\"},\"user\":{\"type\":\"relation\",\"relation\":\"oneToOne\",\"target\":\"plugin::users-permissions.user\"}},\"kind\":\"collectionType\"},\"modelName\":\"invalid-list\",\"actions\":{},\"lifecycles\":{}},\"api::sentence.sentence\":{\"kind\":\"collectionType\",\"collectionName\":\"sentences\",\"info\":{\"singularName\":\"sentence\",\"pluralName\":\"sentences\",\"displayName\":\"sentence\",\"description\":\"\"},\"options\":{\"draftAndPublish\":true},\"pluginOptions\":{},\"attributes\":{\"spanish\":{\"type\":\"string\"},\"english\":{\"type\":\"string\"},\"user\":{\"type\":\"relation\",\"relation\":\"manyToOne\",\"target\":\"plugin::users-permissions.user\",\"inversedBy\":\"sentences\"},\"createdAt\":{\"type\":\"datetime\"},\"updatedAt\":{\"type\":\"datetime\"},\"publishedAt\":{\"type\":\"datetime\",\"configurable\":false,\"writable\":true,\"visible\":false},\"createdBy\":{\"type\":\"relation\",\"relation\":\"oneToOne\",\"target\":\"admin::user\",\"configurable\":false,\"writable\":false,\"visible\":false,\"useJoinTable\":false,\"private\":true},\"updatedBy\":{\"type\":\"relation\",\"relation\":\"oneToOne\",\"target\":\"admin::user\",\"configurable\":false,\"writable\":false,\"visible\":false,\"useJoinTable\":false,\"private\":true},\"locale\":{\"writable\":true,\"private\":false,\"configurable\":false,\"visible\":false,\"type\":\"string\"},\"localizations\":{\"type\":\"relation\",\"relation\":\"oneToMany\",\"target\":\"api::sentence.sentence\",\"writable\":false,\"private\":false,\"configurable\":false,\"visible\":false,\"unstable_virtual\":true,\"joinColumn\":{\"name\":\"document_id\",\"referencedColumn\":\"document_id\",\"referencedTable\":\"sentences\"}}},\"apiName\":\"sentence\",\"globalId\":\"Sentence\",\"uid\":\"api::sentence.sentence\",\"modelType\":\"contentType\",\"__schema__\":{\"collectionName\":\"sentences\",\"info\":{\"singularName\":\"sentence\",\"pluralName\":\"sentences\",\"displayName\":\"sentence\",\"description\":\"\"},\"options\":{\"draftAndPublish\":true},\"pluginOptions\":{},\"attributes\":{\"spanish\":{\"type\":\"string\"},\"english\":{\"type\":\"string\"},\"user\":{\"type\":\"relation\",\"relation\":\"manyToOne\",\"target\":\"plugin::users-permissions.user\",\"inversedBy\":\"sentences\"}},\"kind\":\"collectionType\"},\"modelName\":\"sentence\",\"actions\":{},\"lifecycles\":{}},\"plugin::upload.file\":{\"collectionName\":\"files\",\"info\":{\"singularName\":\"file\",\"pluralName\":\"files\",\"displayName\":\"File\",\"description\":\"\"},\"options\":{\"draftAndPublish\":false},\"pluginOptions\":{\"content-manager\":{\"visible\":false},\"content-type-builder\":{\"visible\":false}},\"attributes\":{\"name\":{\"type\":\"string\",\"configurable\":false,\"required\":true},\"alternativeText\":{\"type\":\"string\",\"configurable\":false},\"caption\":{\"type\":\"string\",\"configurable\":false},\"width\":{\"type\":\"integer\",\"configurable\":false},\"height\":{\"type\":\"integer\",\"configurable\":false},\"formats\":{\"type\":\"json\",\"configurable\":false},\"hash\":{\"type\":\"string\",\"configurable\":false,\"required\":true},\"ext\":{\"type\":\"string\",\"configurable\":false},\"mime\":{\"type\":\"string\",\"configurable\":false,\"required\":true},\"size\":{\"type\":\"decimal\",\"configurable\":false,\"required\":true},\"url\":{\"type\":\"string\",\"configurable\":false,\"required\":true},\"previewUrl\":{\"type\":\"string\",\"configurable\":false},\"provider\":{\"type\":\"string\",\"configurable\":false,\"required\":true},\"provider_metadata\":{\"type\":\"json\",\"configurable\":false},\"related\":{\"type\":\"relation\",\"relation\":\"morphToMany\",\"configurable\":false},\"folder\":{\"type\":\"relation\",\"relation\":\"manyToOne\",\"target\":\"plugin::upload.folder\",\"inversedBy\":\"files\",\"private\":true},\"folderPath\":{\"type\":\"string\",\"minLength\":1,\"required\":true,\"private\":true,\"searchable\":false},\"createdAt\":{\"type\":\"datetime\"},\"updatedAt\":{\"type\":\"datetime\"},\"publishedAt\":{\"type\":\"datetime\",\"configurable\":false,\"writable\":true,\"visible\":false},\"createdBy\":{\"type\":\"relation\",\"relation\":\"oneToOne\",\"target\":\"admin::user\",\"configurable\":false,\"writable\":false,\"visible\":false,\"useJoinTable\":false,\"private\":true},\"updatedBy\":{\"type\":\"relation\",\"relation\":\"oneToOne\",\"target\":\"admin::user\",\"configurable\":false,\"writable\":false,\"visible\":false,\"useJoinTable\":false,\"private\":true},\"locale\":{\"writable\":true,\"private\":false,\"configurable\":false,\"visible\":false,\"type\":\"string\"},\"localizations\":{\"type\":\"relation\",\"relation\":\"oneToMany\",\"target\":\"plugin::upload.file\",\"writable\":false,\"private\":false,\"configurable\":false,\"visible\":false,\"unstable_virtual\":true,\"joinColumn\":{\"name\":\"document_id\",\"referencedColumn\":\"document_id\",\"referencedTable\":\"files\"}}},\"indexes\":[{\"name\":\"upload_files_folder_path_index\",\"columns\":[\"folder_path\"],\"type\":null},{\"name\":\"upload_files_created_at_index\",\"columns\":[\"created_at\"],\"type\":null},{\"name\":\"upload_files_updated_at_index\",\"columns\":[\"updated_at\"],\"type\":null},{\"name\":\"upload_files_name_index\",\"columns\":[\"name\"],\"type\":null},{\"name\":\"upload_files_size_index\",\"columns\":[\"size\"],\"type\":null},{\"name\":\"upload_files_ext_index\",\"columns\":[\"ext\"],\"type\":null}],\"plugin\":\"upload\",\"globalId\":\"UploadFile\",\"uid\":\"plugin::upload.file\",\"modelType\":\"contentType\",\"kind\":\"collectionType\",\"__schema__\":{\"collectionName\":\"files\",\"info\":{\"singularName\":\"file\",\"pluralName\":\"files\",\"displayName\":\"File\",\"description\":\"\"},\"options\":{},\"pluginOptions\":{\"content-manager\":{\"visible\":false},\"content-type-builder\":{\"visible\":false}},\"attributes\":{\"name\":{\"type\":\"string\",\"configurable\":false,\"required\":true},\"alternativeText\":{\"type\":\"string\",\"configurable\":false},\"caption\":{\"type\":\"string\",\"configurable\":false},\"width\":{\"type\":\"integer\",\"configurable\":false},\"height\":{\"type\":\"integer\",\"configurable\":false},\"formats\":{\"type\":\"json\",\"configurable\":false},\"hash\":{\"type\":\"string\",\"configurable\":false,\"required\":true},\"ext\":{\"type\":\"string\",\"configurable\":false},\"mime\":{\"type\":\"string\",\"configurable\":false,\"required\":true},\"size\":{\"type\":\"decimal\",\"configurable\":false,\"required\":true},\"url\":{\"type\":\"string\",\"configurable\":false,\"required\":true},\"previewUrl\":{\"type\":\"string\",\"configurable\":false},\"provider\":{\"type\":\"string\",\"configurable\":false,\"required\":true},\"provider_metadata\":{\"type\":\"json\",\"configurable\":false},\"related\":{\"type\":\"relation\",\"relation\":\"morphToMany\",\"configurable\":false},\"folder\":{\"type\":\"relation\",\"relation\":\"manyToOne\",\"target\":\"plugin::upload.folder\",\"inversedBy\":\"files\",\"private\":true},\"folderPath\":{\"type\":\"string\",\"minLength\":1,\"required\":true,\"private\":true,\"searchable\":false}},\"kind\":\"collectionType\"},\"modelName\":\"file\"},\"plugin::upload.folder\":{\"collectionName\":\"upload_folders\",\"info\":{\"singularName\":\"folder\",\"pluralName\":\"folders\",\"displayName\":\"Folder\"},\"options\":{\"draftAndPublish\":false},\"pluginOptions\":{\"content-manager\":{\"visible\":false},\"content-type-builder\":{\"visible\":false}},\"attributes\":{\"name\":{\"type\":\"string\",\"minLength\":1,\"required\":true},\"pathId\":{\"type\":\"integer\",\"unique\":true,\"required\":true},\"parent\":{\"type\":\"relation\",\"relation\":\"manyToOne\",\"target\":\"plugin::upload.folder\",\"inversedBy\":\"children\"},\"children\":{\"type\":\"relation\",\"relation\":\"oneToMany\",\"target\":\"plugin::upload.folder\",\"mappedBy\":\"parent\"},\"files\":{\"type\":\"relation\",\"relation\":\"oneToMany\",\"target\":\"plugin::upload.file\",\"mappedBy\":\"folder\"},\"path\":{\"type\":\"string\",\"minLength\":1,\"required\":true},\"createdAt\":{\"type\":\"datetime\"},\"updatedAt\":{\"type\":\"datetime\"},\"publishedAt\":{\"type\":\"datetime\",\"configurable\":false,\"writable\":true,\"visible\":false},\"createdBy\":{\"type\":\"relation\",\"relation\":\"oneToOne\",\"target\":\"admin::user\",\"configurable\":false,\"writable\":false,\"visible\":false,\"useJoinTable\":false,\"private\":true},\"updatedBy\":{\"type\":\"relation\",\"relation\":\"oneToOne\",\"target\":\"admin::user\",\"configurable\":false,\"writable\":false,\"visible\":false,\"useJoinTable\":false,\"private\":true},\"locale\":{\"writable\":true,\"private\":false,\"configurable\":false,\"visible\":false,\"type\":\"string\"},\"localizations\":{\"type\":\"relation\",\"relation\":\"oneToMany\",\"target\":\"plugin::upload.folder\",\"writable\":false,\"private\":false,\"configurable\":false,\"visible\":false,\"unstable_virtual\":true,\"joinColumn\":{\"name\":\"document_id\",\"referencedColumn\":\"document_id\",\"referencedTable\":\"upload_folders\"}}},\"indexes\":[{\"name\":\"upload_folders_path_id_index\",\"columns\":[\"path_id\"],\"type\":\"unique\"},{\"name\":\"upload_folders_path_index\",\"columns\":[\"path\"],\"type\":\"unique\"}],\"plugin\":\"upload\",\"globalId\":\"UploadFolder\",\"uid\":\"plugin::upload.folder\",\"modelType\":\"contentType\",\"kind\":\"collectionType\",\"__schema__\":{\"collectionName\":\"upload_folders\",\"info\":{\"singularName\":\"folder\",\"pluralName\":\"folders\",\"displayName\":\"Folder\"},\"options\":{},\"pluginOptions\":{\"content-manager\":{\"visible\":false},\"content-type-builder\":{\"visible\":false}},\"attributes\":{\"name\":{\"type\":\"string\",\"minLength\":1,\"required\":true},\"pathId\":{\"type\":\"integer\",\"unique\":true,\"required\":true},\"parent\":{\"type\":\"relation\",\"relation\":\"manyToOne\",\"target\":\"plugin::upload.folder\",\"inversedBy\":\"children\"},\"children\":{\"type\":\"relation\",\"relation\":\"oneToMany\",\"target\":\"plugin::upload.folder\",\"mappedBy\":\"parent\"},\"files\":{\"type\":\"relation\",\"relation\":\"oneToMany\",\"target\":\"plugin::upload.file\",\"mappedBy\":\"folder\"},\"path\":{\"type\":\"string\",\"minLength\":1,\"required\":true}},\"kind\":\"collectionType\"},\"modelName\":\"folder\"},\"plugin::i18n.locale\":{\"info\":{\"singularName\":\"locale\",\"pluralName\":\"locales\",\"collectionName\":\"locales\",\"displayName\":\"Locale\",\"description\":\"\"},\"options\":{\"draftAndPublish\":false},\"pluginOptions\":{\"content-manager\":{\"visible\":false},\"content-type-builder\":{\"visible\":false}},\"attributes\":{\"name\":{\"type\":\"string\",\"min\":1,\"max\":50,\"configurable\":false},\"code\":{\"type\":\"string\",\"unique\":true,\"configurable\":false},\"createdAt\":{\"type\":\"datetime\"},\"updatedAt\":{\"type\":\"datetime\"},\"publishedAt\":{\"type\":\"datetime\",\"configurable\":false,\"writable\":true,\"visible\":false},\"createdBy\":{\"type\":\"relation\",\"relation\":\"oneToOne\",\"target\":\"admin::user\",\"configurable\":false,\"writable\":false,\"visible\":false,\"useJoinTable\":false,\"private\":true},\"updatedBy\":{\"type\":\"relation\",\"relation\":\"oneToOne\",\"target\":\"admin::user\",\"configurable\":false,\"writable\":false,\"visible\":false,\"useJoinTable\":false,\"private\":true},\"locale\":{\"writable\":true,\"private\":false,\"configurable\":false,\"visible\":false,\"type\":\"string\"},\"localizations\":{\"type\":\"relation\",\"relation\":\"oneToMany\",\"target\":\"plugin::i18n.locale\",\"writable\":false,\"private\":false,\"configurable\":false,\"visible\":false,\"unstable_virtual\":true,\"joinColumn\":{\"name\":\"document_id\",\"referencedColumn\":\"document_id\",\"referencedTable\":\"i18n_locale\"}}},\"plugin\":\"i18n\",\"collectionName\":\"i18n_locale\",\"globalId\":\"I18NLocale\",\"uid\":\"plugin::i18n.locale\",\"modelType\":\"contentType\",\"kind\":\"collectionType\",\"__schema__\":{\"collectionName\":\"i18n_locale\",\"info\":{\"singularName\":\"locale\",\"pluralName\":\"locales\",\"collectionName\":\"locales\",\"displayName\":\"Locale\",\"description\":\"\"},\"options\":{},\"pluginOptions\":{\"content-manager\":{\"visible\":false},\"content-type-builder\":{\"visible\":false}},\"attributes\":{\"name\":{\"type\":\"string\",\"min\":1,\"max\":50,\"configurable\":false},\"code\":{\"type\":\"string\",\"unique\":true,\"configurable\":false}},\"kind\":\"collectionType\"},\"modelName\":\"locale\"},\"plugin::content-releases.release\":{\"collectionName\":\"strapi_releases\",\"info\":{\"singularName\":\"release\",\"pluralName\":\"releases\",\"displayName\":\"Release\"},\"options\":{\"draftAndPublish\":false},\"pluginOptions\":{\"content-manager\":{\"visible\":false},\"content-type-builder\":{\"visible\":false}},\"attributes\":{\"name\":{\"type\":\"string\",\"required\":true},\"releasedAt\":{\"type\":\"datetime\"},\"scheduledAt\":{\"type\":\"datetime\"},\"timezone\":{\"type\":\"string\"},\"status\":{\"type\":\"enumeration\",\"enum\":[\"ready\",\"blocked\",\"failed\",\"done\",\"empty\"],\"required\":true},\"actions\":{\"type\":\"relation\",\"relation\":\"oneToMany\",\"target\":\"plugin::content-releases.release-action\",\"mappedBy\":\"release\"},\"createdAt\":{\"type\":\"datetime\"},\"updatedAt\":{\"type\":\"datetime\"},\"publishedAt\":{\"type\":\"datetime\",\"configurable\":false,\"writable\":true,\"visible\":false},\"createdBy\":{\"type\":\"relation\",\"relation\":\"oneToOne\",\"target\":\"admin::user\",\"configurable\":false,\"writable\":false,\"visible\":false,\"useJoinTable\":false,\"private\":true},\"updatedBy\":{\"type\":\"relation\",\"relation\":\"oneToOne\",\"target\":\"admin::user\",\"configurable\":false,\"writable\":false,\"visible\":false,\"useJoinTable\":false,\"private\":true},\"locale\":{\"writable\":true,\"private\":false,\"configurable\":false,\"visible\":false,\"type\":\"string\"},\"localizations\":{\"type\":\"relation\",\"relation\":\"oneToMany\",\"target\":\"plugin::content-releases.release\",\"writable\":false,\"private\":false,\"configurable\":false,\"visible\":false,\"unstable_virtual\":true,\"joinColumn\":{\"name\":\"document_id\",\"referencedColumn\":\"document_id\",\"referencedTable\":\"strapi_releases\"}}},\"plugin\":\"content-releases\",\"globalId\":\"ContentReleasesRelease\",\"uid\":\"plugin::content-releases.release\",\"modelType\":\"contentType\",\"kind\":\"collectionType\",\"__schema__\":{\"collectionName\":\"strapi_releases\",\"info\":{\"singularName\":\"release\",\"pluralName\":\"releases\",\"displayName\":\"Release\"},\"options\":{\"draftAndPublish\":false},\"pluginOptions\":{\"content-manager\":{\"visible\":false},\"content-type-builder\":{\"visible\":false}},\"attributes\":{\"name\":{\"type\":\"string\",\"required\":true},\"releasedAt\":{\"type\":\"datetime\"},\"scheduledAt\":{\"type\":\"datetime\"},\"timezone\":{\"type\":\"string\"},\"status\":{\"type\":\"enumeration\",\"enum\":[\"ready\",\"blocked\",\"failed\",\"done\",\"empty\"],\"required\":true},\"actions\":{\"type\":\"relation\",\"relation\":\"oneToMany\",\"target\":\"plugin::content-releases.release-action\",\"mappedBy\":\"release\"}},\"kind\":\"collectionType\"},\"modelName\":\"release\"},\"plugin::content-releases.release-action\":{\"collectionName\":\"strapi_release_actions\",\"info\":{\"singularName\":\"release-action\",\"pluralName\":\"release-actions\",\"displayName\":\"Release Action\"},\"options\":{\"draftAndPublish\":false},\"pluginOptions\":{\"content-manager\":{\"visible\":false},\"content-type-builder\":{\"visible\":false}},\"attributes\":{\"type\":{\"type\":\"enumeration\",\"enum\":[\"publish\",\"unpublish\"],\"required\":true},\"contentType\":{\"type\":\"string\",\"required\":true},\"entryDocumentId\":{\"type\":\"string\"},\"locale\":{\"writable\":true,\"private\":false,\"configurable\":false,\"visible\":false,\"type\":\"string\"},\"release\":{\"type\":\"relation\",\"relation\":\"manyToOne\",\"target\":\"plugin::content-releases.release\",\"inversedBy\":\"actions\"},\"isEntryValid\":{\"type\":\"boolean\"},\"createdAt\":{\"type\":\"datetime\"},\"updatedAt\":{\"type\":\"datetime\"},\"publishedAt\":{\"type\":\"datetime\",\"configurable\":false,\"writable\":true,\"visible\":false},\"createdBy\":{\"type\":\"relation\",\"relation\":\"oneToOne\",\"target\":\"admin::user\",\"configurable\":false,\"writable\":false,\"visible\":false,\"useJoinTable\":false,\"private\":true},\"updatedBy\":{\"type\":\"relation\",\"relation\":\"oneToOne\",\"target\":\"admin::user\",\"configurable\":false,\"writable\":false,\"visible\":false,\"useJoinTable\":false,\"private\":true},\"localizations\":{\"type\":\"relation\",\"relation\":\"oneToMany\",\"target\":\"plugin::content-releases.release-action\",\"writable\":false,\"private\":false,\"configurable\":false,\"visible\":false,\"unstable_virtual\":true,\"joinColumn\":{\"name\":\"document_id\",\"referencedColumn\":\"document_id\",\"referencedTable\":\"strapi_release_actions\"}}},\"plugin\":\"content-releases\",\"globalId\":\"ContentReleasesReleaseAction\",\"uid\":\"plugin::content-releases.release-action\",\"modelType\":\"contentType\",\"kind\":\"collectionType\",\"__schema__\":{\"collectionName\":\"strapi_release_actions\",\"info\":{\"singularName\":\"release-action\",\"pluralName\":\"release-actions\",\"displayName\":\"Release Action\"},\"options\":{\"draftAndPublish\":false},\"pluginOptions\":{\"content-manager\":{\"visible\":false},\"content-type-builder\":{\"visible\":false}},\"attributes\":{\"type\":{\"type\":\"enumeration\",\"enum\":[\"publish\",\"unpublish\"],\"required\":true},\"contentType\":{\"type\":\"string\",\"required\":true},\"entryDocumentId\":{\"type\":\"string\"},\"locale\":{\"type\":\"string\"},\"release\":{\"type\":\"relation\",\"relation\":\"manyToOne\",\"target\":\"plugin::content-releases.release\",\"inversedBy\":\"actions\"},\"isEntryValid\":{\"type\":\"boolean\"}},\"kind\":\"collectionType\"},\"modelName\":\"release-action\"},\"plugin::review-workflows.workflow\":{\"collectionName\":\"strapi_workflows\",\"info\":{\"name\":\"Workflow\",\"description\":\"\",\"singularName\":\"workflow\",\"pluralName\":\"workflows\",\"displayName\":\"Workflow\"},\"options\":{\"draftAndPublish\":false},\"pluginOptions\":{\"content-manager\":{\"visible\":false},\"content-type-builder\":{\"visible\":false}},\"attributes\":{\"name\":{\"type\":\"string\",\"required\":true,\"unique\":true},\"stages\":{\"type\":\"relation\",\"target\":\"plugin::review-workflows.workflow-stage\",\"relation\":\"oneToMany\",\"mappedBy\":\"workflow\"},\"contentTypes\":{\"type\":\"json\",\"required\":true,\"default\":\"[]\"},\"createdAt\":{\"type\":\"datetime\"},\"updatedAt\":{\"type\":\"datetime\"},\"publishedAt\":{\"type\":\"datetime\",\"configurable\":false,\"writable\":true,\"visible\":false},\"createdBy\":{\"type\":\"relation\",\"relation\":\"oneToOne\",\"target\":\"admin::user\",\"configurable\":false,\"writable\":false,\"visible\":false,\"useJoinTable\":false,\"private\":true},\"updatedBy\":{\"type\":\"relation\",\"relation\":\"oneToOne\",\"target\":\"admin::user\",\"configurable\":false,\"writable\":false,\"visible\":false,\"useJoinTable\":false,\"private\":true},\"locale\":{\"writable\":true,\"private\":false,\"configurable\":false,\"visible\":false,\"type\":\"string\"},\"localizations\":{\"type\":\"relation\",\"relation\":\"oneToMany\",\"target\":\"plugin::review-workflows.workflow\",\"writable\":false,\"private\":false,\"configurable\":false,\"visible\":false,\"unstable_virtual\":true,\"joinColumn\":{\"name\":\"document_id\",\"referencedColumn\":\"document_id\",\"referencedTable\":\"strapi_workflows\"}}},\"plugin\":\"review-workflows\",\"globalId\":\"ReviewWorkflowsWorkflow\",\"uid\":\"plugin::review-workflows.workflow\",\"modelType\":\"contentType\",\"kind\":\"collectionType\",\"__schema__\":{\"collectionName\":\"strapi_workflows\",\"info\":{\"name\":\"Workflow\",\"description\":\"\",\"singularName\":\"workflow\",\"pluralName\":\"workflows\",\"displayName\":\"Workflow\"},\"options\":{},\"pluginOptions\":{\"content-manager\":{\"visible\":false},\"content-type-builder\":{\"visible\":false}},\"attributes\":{\"name\":{\"type\":\"string\",\"required\":true,\"unique\":true},\"stages\":{\"type\":\"relation\",\"target\":\"plugin::review-workflows.workflow-stage\",\"relation\":\"oneToMany\",\"mappedBy\":\"workflow\"},\"contentTypes\":{\"type\":\"json\",\"required\":true,\"default\":\"[]\"}},\"kind\":\"collectionType\"},\"modelName\":\"workflow\"},\"plugin::review-workflows.workflow-stage\":{\"collectionName\":\"strapi_workflows_stages\",\"info\":{\"name\":\"Workflow Stage\",\"description\":\"\",\"singularName\":\"workflow-stage\",\"pluralName\":\"workflow-stages\",\"displayName\":\"Stages\"},\"options\":{\"version\":\"1.1.0\",\"draftAndPublish\":false},\"pluginOptions\":{\"content-manager\":{\"visible\":false},\"content-type-builder\":{\"visible\":false}},\"attributes\":{\"name\":{\"type\":\"string\",\"configurable\":false},\"color\":{\"type\":\"string\",\"configurable\":false,\"default\":\"#4945FF\"},\"workflow\":{\"type\":\"relation\",\"target\":\"plugin::review-workflows.workflow\",\"relation\":\"manyToOne\",\"inversedBy\":\"stages\",\"configurable\":false},\"permissions\":{\"type\":\"relation\",\"target\":\"admin::permission\",\"relation\":\"manyToMany\",\"configurable\":false},\"createdAt\":{\"type\":\"datetime\"},\"updatedAt\":{\"type\":\"datetime\"},\"publishedAt\":{\"type\":\"datetime\",\"configurable\":false,\"writable\":true,\"visible\":false},\"createdBy\":{\"type\":\"relation\",\"relation\":\"oneToOne\",\"target\":\"admin::user\",\"configurable\":false,\"writable\":false,\"visible\":false,\"useJoinTable\":false,\"private\":true},\"updatedBy\":{\"type\":\"relation\",\"relation\":\"oneToOne\",\"target\":\"admin::user\",\"configurable\":false,\"writable\":false,\"visible\":false,\"useJoinTable\":false,\"private\":true},\"locale\":{\"writable\":true,\"private\":false,\"configurable\":false,\"visible\":false,\"type\":\"string\"},\"localizations\":{\"type\":\"relation\",\"relation\":\"oneToMany\",\"target\":\"plugin::review-workflows.workflow-stage\",\"writable\":false,\"private\":false,\"configurable\":false,\"visible\":false,\"unstable_virtual\":true,\"joinColumn\":{\"name\":\"document_id\",\"referencedColumn\":\"document_id\",\"referencedTable\":\"strapi_workflows_stages\"}}},\"plugin\":\"review-workflows\",\"globalId\":\"ReviewWorkflowsWorkflowStage\",\"uid\":\"plugin::review-workflows.workflow-stage\",\"modelType\":\"contentType\",\"kind\":\"collectionType\",\"__schema__\":{\"collectionName\":\"strapi_workflows_stages\",\"info\":{\"name\":\"Workflow Stage\",\"description\":\"\",\"singularName\":\"workflow-stage\",\"pluralName\":\"workflow-stages\",\"displayName\":\"Stages\"},\"options\":{\"version\":\"1.1.0\"},\"pluginOptions\":{\"content-manager\":{\"visible\":false},\"content-type-builder\":{\"visible\":false}},\"attributes\":{\"name\":{\"type\":\"string\",\"configurable\":false},\"color\":{\"type\":\"string\",\"configurable\":false,\"default\":\"#4945FF\"},\"workflow\":{\"type\":\"relation\",\"target\":\"plugin::review-workflows.workflow\",\"relation\":\"manyToOne\",\"inversedBy\":\"stages\",\"configurable\":false},\"permissions\":{\"type\":\"relation\",\"target\":\"admin::permission\",\"relation\":\"manyToMany\",\"configurable\":false}},\"kind\":\"collectionType\"},\"modelName\":\"workflow-stage\"},\"plugin::users-permissions.permission\":{\"collectionName\":\"up_permissions\",\"info\":{\"name\":\"permission\",\"description\":\"\",\"singularName\":\"permission\",\"pluralName\":\"permissions\",\"displayName\":\"Permission\"},\"pluginOptions\":{\"content-manager\":{\"visible\":false},\"content-type-builder\":{\"visible\":false}},\"attributes\":{\"action\":{\"type\":\"string\",\"required\":true,\"configurable\":false},\"role\":{\"type\":\"relation\",\"relation\":\"manyToOne\",\"target\":\"plugin::users-permissions.role\",\"inversedBy\":\"permissions\",\"configurable\":false},\"createdAt\":{\"type\":\"datetime\"},\"updatedAt\":{\"type\":\"datetime\"},\"publishedAt\":{\"type\":\"datetime\",\"configurable\":false,\"writable\":true,\"visible\":false},\"createdBy\":{\"type\":\"relation\",\"relation\":\"oneToOne\",\"target\":\"admin::user\",\"configurable\":false,\"writable\":false,\"visible\":false,\"useJoinTable\":false,\"private\":true},\"updatedBy\":{\"type\":\"relation\",\"relation\":\"oneToOne\",\"target\":\"admin::user\",\"configurable\":false,\"writable\":false,\"visible\":false,\"useJoinTable\":false,\"private\":true},\"locale\":{\"writable\":true,\"private\":false,\"configurable\":false,\"visible\":false,\"type\":\"string\"},\"localizations\":{\"type\":\"relation\",\"relation\":\"oneToMany\",\"target\":\"plugin::users-permissions.permission\",\"writable\":false,\"private\":false,\"configurable\":false,\"visible\":false,\"unstable_virtual\":true,\"joinColumn\":{\"name\":\"document_id\",\"referencedColumn\":\"document_id\",\"referencedTable\":\"up_permissions\"}}},\"plugin\":\"users-permissions\",\"globalId\":\"UsersPermissionsPermission\",\"uid\":\"plugin::users-permissions.permission\",\"modelType\":\"contentType\",\"kind\":\"collectionType\",\"__schema__\":{\"collectionName\":\"up_permissions\",\"info\":{\"name\":\"permission\",\"description\":\"\",\"singularName\":\"permission\",\"pluralName\":\"permissions\",\"displayName\":\"Permission\"},\"pluginOptions\":{\"content-manager\":{\"visible\":false},\"content-type-builder\":{\"visible\":false}},\"attributes\":{\"action\":{\"type\":\"string\",\"required\":true,\"configurable\":false},\"role\":{\"type\":\"relation\",\"relation\":\"manyToOne\",\"target\":\"plugin::users-permissions.role\",\"inversedBy\":\"permissions\",\"configurable\":false}},\"kind\":\"collectionType\"},\"modelName\":\"permission\",\"options\":{\"draftAndPublish\":false}},\"plugin::users-permissions.role\":{\"collectionName\":\"up_roles\",\"info\":{\"name\":\"role\",\"description\":\"\",\"singularName\":\"role\",\"pluralName\":\"roles\",\"displayName\":\"Role\"},\"pluginOptions\":{\"content-manager\":{\"visible\":false},\"content-type-builder\":{\"visible\":false}},\"attributes\":{\"name\":{\"type\":\"string\",\"minLength\":3,\"required\":true,\"configurable\":false},\"description\":{\"type\":\"string\",\"configurable\":false},\"type\":{\"type\":\"string\",\"unique\":true,\"configurable\":false},\"permissions\":{\"type\":\"relation\",\"relation\":\"oneToMany\",\"target\":\"plugin::users-permissions.permission\",\"mappedBy\":\"role\",\"configurable\":false},\"users\":{\"type\":\"relation\",\"relation\":\"oneToMany\",\"target\":\"plugin::users-permissions.user\",\"mappedBy\":\"role\",\"configurable\":false},\"createdAt\":{\"type\":\"datetime\"},\"updatedAt\":{\"type\":\"datetime\"},\"publishedAt\":{\"type\":\"datetime\",\"configurable\":false,\"writable\":true,\"visible\":false},\"createdBy\":{\"type\":\"relation\",\"relation\":\"oneToOne\",\"target\":\"admin::user\",\"configurable\":false,\"writable\":false,\"visible\":false,\"useJoinTable\":false,\"private\":true},\"updatedBy\":{\"type\":\"relation\",\"relation\":\"oneToOne\",\"target\":\"admin::user\",\"configurable\":false,\"writable\":false,\"visible\":false,\"useJoinTable\":false,\"private\":true},\"locale\":{\"writable\":true,\"private\":false,\"configurable\":false,\"visible\":false,\"type\":\"string\"},\"localizations\":{\"type\":\"relation\",\"relation\":\"oneToMany\",\"target\":\"plugin::users-permissions.role\",\"writable\":false,\"private\":false,\"configurable\":false,\"visible\":false,\"unstable_virtual\":true,\"joinColumn\":{\"name\":\"document_id\",\"referencedColumn\":\"document_id\",\"referencedTable\":\"up_roles\"}}},\"plugin\":\"users-permissions\",\"globalId\":\"UsersPermissionsRole\",\"uid\":\"plugin::users-permissions.role\",\"modelType\":\"contentType\",\"kind\":\"collectionType\",\"__schema__\":{\"collectionName\":\"up_roles\",\"info\":{\"name\":\"role\",\"description\":\"\",\"singularName\":\"role\",\"pluralName\":\"roles\",\"displayName\":\"Role\"},\"pluginOptions\":{\"content-manager\":{\"visible\":false},\"content-type-builder\":{\"visible\":false}},\"attributes\":{\"name\":{\"type\":\"string\",\"minLength\":3,\"required\":true,\"configurable\":false},\"description\":{\"type\":\"string\",\"configurable\":false},\"type\":{\"type\":\"string\",\"unique\":true,\"configurable\":false},\"permissions\":{\"type\":\"relation\",\"relation\":\"oneToMany\",\"target\":\"plugin::users-permissions.permission\",\"mappedBy\":\"role\",\"configurable\":false},\"users\":{\"type\":\"relation\",\"relation\":\"oneToMany\",\"target\":\"plugin::users-permissions.user\",\"mappedBy\":\"role\",\"configurable\":false}},\"kind\":\"collectionType\"},\"modelName\":\"role\",\"options\":{\"draftAndPublish\":false}},\"plugin::users-permissions.user\":{\"collectionName\":\"up_users\",\"info\":{\"name\":\"user\",\"description\":\"\",\"singularName\":\"user\",\"pluralName\":\"users\",\"displayName\":\"User\"},\"options\":{\"draftAndPublish\":false},\"attributes\":{\"username\":{\"type\":\"string\",\"minLength\":3,\"unique\":true,\"configurable\":false,\"required\":true},\"email\":{\"type\":\"email\",\"minLength\":6,\"configurable\":false,\"required\":true},\"provider\":{\"type\":\"string\",\"configurable\":false},\"password\":{\"type\":\"password\",\"minLength\":6,\"configurable\":false,\"private\":true,\"searchable\":false},\"resetPasswordToken\":{\"type\":\"string\",\"configurable\":false,\"private\":true,\"searchable\":false},\"confirmationToken\":{\"type\":\"string\",\"configurable\":false,\"private\":true,\"searchable\":false},\"confirmed\":{\"type\":\"boolean\",\"default\":false,\"configurable\":false},\"blocked\":{\"type\":\"boolean\",\"default\":false,\"configurable\":false},\"role\":{\"type\":\"relation\",\"relation\":\"manyToOne\",\"target\":\"plugin::users-permissions.role\",\"inversedBy\":\"users\",\"configurable\":false},\"sentences\":{\"type\":\"relation\",\"relation\":\"oneToMany\",\"target\":\"api::sentence.sentence\",\"mappedBy\":\"user\"},\"cel\":{\"type\":\"string\",\"required\":true},\"interval\":{\"type\":\"string\"},\"createdAt\":{\"type\":\"datetime\"},\"updatedAt\":{\"type\":\"datetime\"},\"publishedAt\":{\"type\":\"datetime\",\"configurable\":false,\"writable\":true,\"visible\":false},\"createdBy\":{\"type\":\"relation\",\"relation\":\"oneToOne\",\"target\":\"admin::user\",\"configurable\":false,\"writable\":false,\"visible\":false,\"useJoinTable\":false,\"private\":true},\"updatedBy\":{\"type\":\"relation\",\"relation\":\"oneToOne\",\"target\":\"admin::user\",\"configurable\":false,\"writable\":false,\"visible\":false,\"useJoinTable\":false,\"private\":true},\"locale\":{\"writable\":true,\"private\":false,\"configurable\":false,\"visible\":false,\"type\":\"string\"},\"localizations\":{\"type\":\"relation\",\"relation\":\"oneToMany\",\"target\":\"plugin::users-permissions.user\",\"writable\":false,\"private\":false,\"configurable\":false,\"visible\":false,\"unstable_virtual\":true,\"joinColumn\":{\"name\":\"document_id\",\"referencedColumn\":\"document_id\",\"referencedTable\":\"up_users\"}}},\"config\":{\"attributes\":{\"resetPasswordToken\":{\"hidden\":true},\"confirmationToken\":{\"hidden\":true},\"provider\":{\"hidden\":true}}},\"plugin\":\"users-permissions\",\"globalId\":\"UsersPermissionsUser\",\"kind\":\"collectionType\",\"__filename__\":\"schema.json\",\"uid\":\"plugin::users-permissions.user\",\"modelType\":\"contentType\",\"__schema__\":{\"collectionName\":\"up_users\",\"info\":{\"name\":\"user\",\"description\":\"\",\"singularName\":\"user\",\"pluralName\":\"users\",\"displayName\":\"User\"},\"options\":{\"draftAndPublish\":false},\"attributes\":{\"username\":{\"type\":\"string\",\"minLength\":3,\"unique\":true,\"configurable\":false,\"required\":true},\"email\":{\"type\":\"email\",\"minLength\":6,\"configurable\":false,\"required\":true},\"provider\":{\"type\":\"string\",\"configurable\":false},\"password\":{\"type\":\"password\",\"minLength\":6,\"configurable\":false,\"private\":true,\"searchable\":false},\"resetPasswordToken\":{\"type\":\"string\",\"configurable\":false,\"private\":true,\"searchable\":false},\"confirmationToken\":{\"type\":\"string\",\"configurable\":false,\"private\":true,\"searchable\":false},\"confirmed\":{\"type\":\"boolean\",\"default\":false,\"configurable\":false},\"blocked\":{\"type\":\"boolean\",\"default\":false,\"configurable\":false},\"role\":{\"type\":\"relation\",\"relation\":\"manyToOne\",\"target\":\"plugin::users-permissions.role\",\"inversedBy\":\"users\",\"configurable\":false},\"sentences\":{\"type\":\"relation\",\"relation\":\"oneToMany\",\"target\":\"api::sentence.sentence\",\"mappedBy\":\"user\"},\"cel\":{\"type\":\"string\",\"required\":true},\"interval\":{\"type\":\"string\"}},\"kind\":\"collectionType\"},\"modelName\":\"user\"},\"admin::permission\":{\"collectionName\":\"admin_permissions\",\"info\":{\"name\":\"Permission\",\"description\":\"\",\"singularName\":\"permission\",\"pluralName\":\"permissions\",\"displayName\":\"Permission\"},\"options\":{\"draftAndPublish\":false},\"pluginOptions\":{\"content-manager\":{\"visible\":false},\"content-type-builder\":{\"visible\":false}},\"attributes\":{\"action\":{\"type\":\"string\",\"minLength\":1,\"configurable\":false,\"required\":true},\"actionParameters\":{\"type\":\"json\",\"configurable\":false,\"required\":false,\"default\":{}},\"subject\":{\"type\":\"string\",\"minLength\":1,\"configurable\":false,\"required\":false},\"properties\":{\"type\":\"json\",\"configurable\":false,\"required\":false,\"default\":{}},\"conditions\":{\"type\":\"json\",\"configurable\":false,\"required\":false,\"default\":[]},\"role\":{\"configurable\":false,\"type\":\"relation\",\"relation\":\"manyToOne\",\"inversedBy\":\"permissions\",\"target\":\"admin::role\"},\"createdAt\":{\"type\":\"datetime\"},\"updatedAt\":{\"type\":\"datetime\"},\"publishedAt\":{\"type\":\"datetime\",\"configurable\":false,\"writable\":true,\"visible\":false},\"createdBy\":{\"type\":\"relation\",\"relation\":\"oneToOne\",\"target\":\"admin::user\",\"configurable\":false,\"writable\":false,\"visible\":false,\"useJoinTable\":false,\"private\":true},\"updatedBy\":{\"type\":\"relation\",\"relation\":\"oneToOne\",\"target\":\"admin::user\",\"configurable\":false,\"writable\":false,\"visible\":false,\"useJoinTable\":false,\"private\":true},\"locale\":{\"writable\":true,\"private\":false,\"configurable\":false,\"visible\":false,\"type\":\"string\"},\"localizations\":{\"type\":\"relation\",\"relation\":\"oneToMany\",\"target\":\"admin::permission\",\"writable\":false,\"private\":false,\"configurable\":false,\"visible\":false,\"unstable_virtual\":true,\"joinColumn\":{\"name\":\"document_id\",\"referencedColumn\":\"document_id\",\"referencedTable\":\"admin_permissions\"}}},\"plugin\":\"admin\",\"globalId\":\"AdminPermission\",\"uid\":\"admin::permission\",\"modelType\":\"contentType\",\"kind\":\"collectionType\",\"__schema__\":{\"collectionName\":\"admin_permissions\",\"info\":{\"name\":\"Permission\",\"description\":\"\",\"singularName\":\"permission\",\"pluralName\":\"permissions\",\"displayName\":\"Permission\"},\"options\":{},\"pluginOptions\":{\"content-manager\":{\"visible\":false},\"content-type-builder\":{\"visible\":false}},\"attributes\":{\"action\":{\"type\":\"string\",\"minLength\":1,\"configurable\":false,\"required\":true},\"actionParameters\":{\"type\":\"json\",\"configurable\":false,\"required\":false,\"default\":{}},\"subject\":{\"type\":\"string\",\"minLength\":1,\"configurable\":false,\"required\":false},\"properties\":{\"type\":\"json\",\"configurable\":false,\"required\":false,\"default\":{}},\"conditions\":{\"type\":\"json\",\"configurable\":false,\"required\":false,\"default\":[]},\"role\":{\"configurable\":false,\"type\":\"relation\",\"relation\":\"manyToOne\",\"inversedBy\":\"permissions\",\"target\":\"admin::role\"}},\"kind\":\"collectionType\"},\"modelName\":\"permission\"},\"admin::user\":{\"collectionName\":\"admin_users\",\"info\":{\"name\":\"User\",\"description\":\"\",\"singularName\":\"user\",\"pluralName\":\"users\",\"displayName\":\"User\"},\"pluginOptions\":{\"content-manager\":{\"visible\":false},\"content-type-builder\":{\"visible\":false}},\"attributes\":{\"firstname\":{\"type\":\"string\",\"unique\":false,\"minLength\":1,\"configurable\":false,\"required\":false},\"lastname\":{\"type\":\"string\",\"unique\":false,\"minLength\":1,\"configurable\":false,\"required\":false},\"username\":{\"type\":\"string\",\"unique\":false,\"configurable\":false,\"required\":false},\"email\":{\"type\":\"email\",\"minLength\":6,\"configurable\":false,\"required\":true,\"unique\":true,\"private\":true},\"password\":{\"type\":\"password\",\"minLength\":6,\"configurable\":false,\"required\":false,\"private\":true,\"searchable\":false},\"resetPasswordToken\":{\"type\":\"string\",\"configurable\":false,\"private\":true,\"searchable\":false},\"registrationToken\":{\"type\":\"string\",\"configurable\":false,\"private\":true,\"searchable\":false},\"isActive\":{\"type\":\"boolean\",\"default\":false,\"configurable\":false,\"private\":true},\"roles\":{\"configurable\":false,\"private\":true,\"type\":\"relation\",\"relation\":\"manyToMany\",\"inversedBy\":\"users\",\"target\":\"admin::role\",\"collectionName\":\"strapi_users_roles\"},\"blocked\":{\"type\":\"boolean\",\"default\":false,\"configurable\":false,\"private\":true},\"preferedLanguage\":{\"type\":\"string\",\"configurable\":false,\"required\":false,\"searchable\":false},\"createdAt\":{\"type\":\"datetime\"},\"updatedAt\":{\"type\":\"datetime\"},\"publishedAt\":{\"type\":\"datetime\",\"configurable\":false,\"writable\":true,\"visible\":false},\"createdBy\":{\"type\":\"relation\",\"relation\":\"oneToOne\",\"target\":\"admin::user\",\"configurable\":false,\"writable\":false,\"visible\":false,\"useJoinTable\":false,\"private\":true},\"updatedBy\":{\"type\":\"relation\",\"relation\":\"oneToOne\",\"target\":\"admin::user\",\"configurable\":false,\"writable\":false,\"visible\":false,\"useJoinTable\":false,\"private\":true},\"locale\":{\"writable\":true,\"private\":false,\"configurable\":false,\"visible\":false,\"type\":\"string\"},\"localizations\":{\"type\":\"relation\",\"relation\":\"oneToMany\",\"target\":\"admin::user\",\"writable\":false,\"private\":false,\"configurable\":false,\"visible\":false,\"unstable_virtual\":true,\"joinColumn\":{\"name\":\"document_id\",\"referencedColumn\":\"document_id\",\"referencedTable\":\"admin_users\"}}},\"config\":{\"attributes\":{\"resetPasswordToken\":{\"hidden\":true},\"registrationToken\":{\"hidden\":true}}},\"plugin\":\"admin\",\"globalId\":\"AdminUser\",\"uid\":\"admin::user\",\"modelType\":\"contentType\",\"kind\":\"collectionType\",\"__schema__\":{\"collectionName\":\"admin_users\",\"info\":{\"name\":\"User\",\"description\":\"\",\"singularName\":\"user\",\"pluralName\":\"users\",\"displayName\":\"User\"},\"pluginOptions\":{\"content-manager\":{\"visible\":false},\"content-type-builder\":{\"visible\":false}},\"attributes\":{\"firstname\":{\"type\":\"string\",\"unique\":false,\"minLength\":1,\"configurable\":false,\"required\":false},\"lastname\":{\"type\":\"string\",\"unique\":false,\"minLength\":1,\"configurable\":false,\"required\":false},\"username\":{\"type\":\"string\",\"unique\":false,\"configurable\":false,\"required\":false},\"email\":{\"type\":\"email\",\"minLength\":6,\"configurable\":false,\"required\":true,\"unique\":true,\"private\":true},\"password\":{\"type\":\"password\",\"minLength\":6,\"configurable\":false,\"required\":false,\"private\":true,\"searchable\":false},\"resetPasswordToken\":{\"type\":\"string\",\"configurable\":false,\"private\":true,\"searchable\":false},\"registrationToken\":{\"type\":\"string\",\"configurable\":false,\"private\":true,\"searchable\":false},\"isActive\":{\"type\":\"boolean\",\"default\":false,\"configurable\":false,\"private\":true},\"roles\":{\"configurable\":false,\"private\":true,\"type\":\"relation\",\"relation\":\"manyToMany\",\"inversedBy\":\"users\",\"target\":\"admin::role\",\"collectionName\":\"strapi_users_roles\"},\"blocked\":{\"type\":\"boolean\",\"default\":false,\"configurable\":false,\"private\":true},\"preferedLanguage\":{\"type\":\"string\",\"configurable\":false,\"required\":false,\"searchable\":false}},\"kind\":\"collectionType\"},\"modelName\":\"user\",\"options\":{\"draftAndPublish\":false}},\"admin::role\":{\"collectionName\":\"admin_roles\",\"info\":{\"name\":\"Role\",\"description\":\"\",\"singularName\":\"role\",\"pluralName\":\"roles\",\"displayName\":\"Role\"},\"options\":{\"draftAndPublish\":false},\"pluginOptions\":{\"content-manager\":{\"visible\":false},\"content-type-builder\":{\"visible\":false}},\"attributes\":{\"name\":{\"type\":\"string\",\"minLength\":1,\"unique\":true,\"configurable\":false,\"required\":true},\"code\":{\"type\":\"string\",\"minLength\":1,\"unique\":true,\"configurable\":false,\"required\":true},\"description\":{\"type\":\"string\",\"configurable\":false},\"users\":{\"configurable\":false,\"type\":\"relation\",\"relation\":\"manyToMany\",\"mappedBy\":\"roles\",\"target\":\"admin::user\"},\"permissions\":{\"configurable\":false,\"type\":\"relation\",\"relation\":\"oneToMany\",\"mappedBy\":\"role\",\"target\":\"admin::permission\"},\"createdAt\":{\"type\":\"datetime\"},\"updatedAt\":{\"type\":\"datetime\"},\"publishedAt\":{\"type\":\"datetime\",\"configurable\":false,\"writable\":true,\"visible\":false},\"createdBy\":{\"type\":\"relation\",\"relation\":\"oneToOne\",\"target\":\"admin::user\",\"configurable\":false,\"writable\":false,\"visible\":false,\"useJoinTable\":false,\"private\":true},\"updatedBy\":{\"type\":\"relation\",\"relation\":\"oneToOne\",\"target\":\"admin::user\",\"configurable\":false,\"writable\":false,\"visible\":false,\"useJoinTable\":false,\"private\":true},\"locale\":{\"writable\":true,\"private\":false,\"configurable\":false,\"visible\":false,\"type\":\"string\"},\"localizations\":{\"type\":\"relation\",\"relation\":\"oneToMany\",\"target\":\"admin::role\",\"writable\":false,\"private\":false,\"configurable\":false,\"visible\":false,\"unstable_virtual\":true,\"joinColumn\":{\"name\":\"document_id\",\"referencedColumn\":\"document_id\",\"referencedTable\":\"admin_roles\"}}},\"plugin\":\"admin\",\"globalId\":\"AdminRole\",\"uid\":\"admin::role\",\"modelType\":\"contentType\",\"kind\":\"collectionType\",\"__schema__\":{\"collectionName\":\"admin_roles\",\"info\":{\"name\":\"Role\",\"description\":\"\",\"singularName\":\"role\",\"pluralName\":\"roles\",\"displayName\":\"Role\"},\"options\":{},\"pluginOptions\":{\"content-manager\":{\"visible\":false},\"content-type-builder\":{\"visible\":false}},\"attributes\":{\"name\":{\"type\":\"string\",\"minLength\":1,\"unique\":true,\"configurable\":false,\"required\":true},\"code\":{\"type\":\"string\",\"minLength\":1,\"unique\":true,\"configurable\":false,\"required\":true},\"description\":{\"type\":\"string\",\"configurable\":false},\"users\":{\"configurable\":false,\"type\":\"relation\",\"relation\":\"manyToMany\",\"mappedBy\":\"roles\",\"target\":\"admin::user\"},\"permissions\":{\"configurable\":false,\"type\":\"relation\",\"relation\":\"oneToMany\",\"mappedBy\":\"role\",\"target\":\"admin::permission\"}},\"kind\":\"collectionType\"},\"modelName\":\"role\"},\"admin::api-token\":{\"collectionName\":\"strapi_api_tokens\",\"info\":{\"name\":\"Api Token\",\"singularName\":\"api-token\",\"pluralName\":\"api-tokens\",\"displayName\":\"Api Token\",\"description\":\"\"},\"options\":{\"draftAndPublish\":false},\"pluginOptions\":{\"content-manager\":{\"visible\":false},\"content-type-builder\":{\"visible\":false}},\"attributes\":{\"name\":{\"type\":\"string\",\"minLength\":1,\"configurable\":false,\"required\":true,\"unique\":true},\"description\":{\"type\":\"string\",\"minLength\":1,\"configurable\":false,\"required\":false,\"default\":\"\"},\"type\":{\"type\":\"enumeration\",\"enum\":[\"read-only\",\"full-access\",\"custom\"],\"configurable\":false,\"required\":true,\"default\":\"read-only\"},\"accessKey\":{\"type\":\"string\",\"minLength\":1,\"configurable\":false,\"required\":true,\"searchable\":false},\"lastUsedAt\":{\"type\":\"datetime\",\"configurable\":false,\"required\":false},\"permissions\":{\"type\":\"relation\",\"target\":\"admin::api-token-permission\",\"relation\":\"oneToMany\",\"mappedBy\":\"token\",\"configurable\":false,\"required\":false},\"expiresAt\":{\"type\":\"datetime\",\"configurable\":false,\"required\":false},\"lifespan\":{\"type\":\"biginteger\",\"configurable\":false,\"required\":false},\"createdAt\":{\"type\":\"datetime\"},\"updatedAt\":{\"type\":\"datetime\"},\"publishedAt\":{\"type\":\"datetime\",\"configurable\":false,\"writable\":true,\"visible\":false},\"createdBy\":{\"type\":\"relation\",\"relation\":\"oneToOne\",\"target\":\"admin::user\",\"configurable\":false,\"writable\":false,\"visible\":false,\"useJoinTable\":false,\"private\":true},\"updatedBy\":{\"type\":\"relation\",\"relation\":\"oneToOne\",\"target\":\"admin::user\",\"configurable\":false,\"writable\":false,\"visible\":false,\"useJoinTable\":false,\"private\":true},\"locale\":{\"writable\":true,\"private\":false,\"configurable\":false,\"visible\":false,\"type\":\"string\"},\"localizations\":{\"type\":\"relation\",\"relation\":\"oneToMany\",\"target\":\"admin::api-token\",\"writable\":false,\"private\":false,\"configurable\":false,\"visible\":false,\"unstable_virtual\":true,\"joinColumn\":{\"name\":\"document_id\",\"referencedColumn\":\"document_id\",\"referencedTable\":\"strapi_api_tokens\"}}},\"plugin\":\"admin\",\"globalId\":\"AdminApiToken\",\"uid\":\"admin::api-token\",\"modelType\":\"contentType\",\"kind\":\"collectionType\",\"__schema__\":{\"collectionName\":\"strapi_api_tokens\",\"info\":{\"name\":\"Api Token\",\"singularName\":\"api-token\",\"pluralName\":\"api-tokens\",\"displayName\":\"Api Token\",\"description\":\"\"},\"options\":{},\"pluginOptions\":{\"content-manager\":{\"visible\":false},\"content-type-builder\":{\"visible\":false}},\"attributes\":{\"name\":{\"type\":\"string\",\"minLength\":1,\"configurable\":false,\"required\":true,\"unique\":true},\"description\":{\"type\":\"string\",\"minLength\":1,\"configurable\":false,\"required\":false,\"default\":\"\"},\"type\":{\"type\":\"enumeration\",\"enum\":[\"read-only\",\"full-access\",\"custom\"],\"configurable\":false,\"required\":true,\"default\":\"read-only\"},\"accessKey\":{\"type\":\"string\",\"minLength\":1,\"configurable\":false,\"required\":true,\"searchable\":false},\"lastUsedAt\":{\"type\":\"datetime\",\"configurable\":false,\"required\":false},\"permissions\":{\"type\":\"relation\",\"target\":\"admin::api-token-permission\",\"relation\":\"oneToMany\",\"mappedBy\":\"token\",\"configurable\":false,\"required\":false},\"expiresAt\":{\"type\":\"datetime\",\"configurable\":false,\"required\":false},\"lifespan\":{\"type\":\"biginteger\",\"configurable\":false,\"required\":false}},\"kind\":\"collectionType\"},\"modelName\":\"api-token\"},\"admin::api-token-permission\":{\"collectionName\":\"strapi_api_token_permissions\",\"info\":{\"name\":\"API Token Permission\",\"description\":\"\",\"singularName\":\"api-token-permission\",\"pluralName\":\"api-token-permissions\",\"displayName\":\"API Token Permission\"},\"options\":{\"draftAndPublish\":false},\"pluginOptions\":{\"content-manager\":{\"visible\":false},\"content-type-builder\":{\"visible\":false}},\"attributes\":{\"action\":{\"type\":\"string\",\"minLength\":1,\"configurable\":false,\"required\":true},\"token\":{\"configurable\":false,\"type\":\"relation\",\"relation\":\"manyToOne\",\"inversedBy\":\"permissions\",\"target\":\"admin::api-token\"},\"createdAt\":{\"type\":\"datetime\"},\"updatedAt\":{\"type\":\"datetime\"},\"publishedAt\":{\"type\":\"datetime\",\"configurable\":false,\"writable\":true,\"visible\":false},\"createdBy\":{\"type\":\"relation\",\"relation\":\"oneToOne\",\"target\":\"admin::user\",\"configurable\":false,\"writable\":false,\"visible\":false,\"useJoinTable\":false,\"private\":true},\"updatedBy\":{\"type\":\"relation\",\"relation\":\"oneToOne\",\"target\":\"admin::user\",\"configurable\":false,\"writable\":false,\"visible\":false,\"useJoinTable\":false,\"private\":true},\"locale\":{\"writable\":true,\"private\":false,\"configurable\":false,\"visible\":false,\"type\":\"string\"},\"localizations\":{\"type\":\"relation\",\"relation\":\"oneToMany\",\"target\":\"admin::api-token-permission\",\"writable\":false,\"private\":false,\"configurable\":false,\"visible\":false,\"unstable_virtual\":true,\"joinColumn\":{\"name\":\"document_id\",\"referencedColumn\":\"document_id\",\"referencedTable\":\"strapi_api_token_permissions\"}}},\"plugin\":\"admin\",\"globalId\":\"AdminApiTokenPermission\",\"uid\":\"admin::api-token-permission\",\"modelType\":\"contentType\",\"kind\":\"collectionType\",\"__schema__\":{\"collectionName\":\"strapi_api_token_permissions\",\"info\":{\"name\":\"API Token Permission\",\"description\":\"\",\"singularName\":\"api-token-permission\",\"pluralName\":\"api-token-permissions\",\"displayName\":\"API Token Permission\"},\"options\":{},\"pluginOptions\":{\"content-manager\":{\"visible\":false},\"content-type-builder\":{\"visible\":false}},\"attributes\":{\"action\":{\"type\":\"string\",\"minLength\":1,\"configurable\":false,\"required\":true},\"token\":{\"configurable\":false,\"type\":\"relation\",\"relation\":\"manyToOne\",\"inversedBy\":\"permissions\",\"target\":\"admin::api-token\"}},\"kind\":\"collectionType\"},\"modelName\":\"api-token-permission\"},\"admin::transfer-token\":{\"collectionName\":\"strapi_transfer_tokens\",\"info\":{\"name\":\"Transfer Token\",\"singularName\":\"transfer-token\",\"pluralName\":\"transfer-tokens\",\"displayName\":\"Transfer Token\",\"description\":\"\"},\"options\":{\"draftAndPublish\":false},\"pluginOptions\":{\"content-manager\":{\"visible\":false},\"content-type-builder\":{\"visible\":false}},\"attributes\":{\"name\":{\"type\":\"string\",\"minLength\":1,\"configurable\":false,\"required\":true,\"unique\":true},\"description\":{\"type\":\"string\",\"minLength\":1,\"configurable\":false,\"required\":false,\"default\":\"\"},\"accessKey\":{\"type\":\"string\",\"minLength\":1,\"configurable\":false,\"required\":true},\"lastUsedAt\":{\"type\":\"datetime\",\"configurable\":false,\"required\":false},\"permissions\":{\"type\":\"relation\",\"target\":\"admin::transfer-token-permission\",\"relation\":\"oneToMany\",\"mappedBy\":\"token\",\"configurable\":false,\"required\":false},\"expiresAt\":{\"type\":\"datetime\",\"configurable\":false,\"required\":false},\"lifespan\":{\"type\":\"biginteger\",\"configurable\":false,\"required\":false},\"createdAt\":{\"type\":\"datetime\"},\"updatedAt\":{\"type\":\"datetime\"},\"publishedAt\":{\"type\":\"datetime\",\"configurable\":false,\"writable\":true,\"visible\":false},\"createdBy\":{\"type\":\"relation\",\"relation\":\"oneToOne\",\"target\":\"admin::user\",\"configurable\":false,\"writable\":false,\"visible\":false,\"useJoinTable\":false,\"private\":true},\"updatedBy\":{\"type\":\"relation\",\"relation\":\"oneToOne\",\"target\":\"admin::user\",\"configurable\":false,\"writable\":false,\"visible\":false,\"useJoinTable\":false,\"private\":true},\"locale\":{\"writable\":true,\"private\":false,\"configurable\":false,\"visible\":false,\"type\":\"string\"},\"localizations\":{\"type\":\"relation\",\"relation\":\"oneToMany\",\"target\":\"admin::transfer-token\",\"writable\":false,\"private\":false,\"configurable\":false,\"visible\":false,\"unstable_virtual\":true,\"joinColumn\":{\"name\":\"document_id\",\"referencedColumn\":\"document_id\",\"referencedTable\":\"strapi_transfer_tokens\"}}},\"plugin\":\"admin\",\"globalId\":\"AdminTransferToken\",\"uid\":\"admin::transfer-token\",\"modelType\":\"contentType\",\"kind\":\"collectionType\",\"__schema__\":{\"collectionName\":\"strapi_transfer_tokens\",\"info\":{\"name\":\"Transfer Token\",\"singularName\":\"transfer-token\",\"pluralName\":\"transfer-tokens\",\"displayName\":\"Transfer Token\",\"description\":\"\"},\"options\":{},\"pluginOptions\":{\"content-manager\":{\"visible\":false},\"content-type-builder\":{\"visible\":false}},\"attributes\":{\"name\":{\"type\":\"string\",\"minLength\":1,\"configurable\":false,\"required\":true,\"unique\":true},\"description\":{\"type\":\"string\",\"minLength\":1,\"configurable\":false,\"required\":false,\"default\":\"\"},\"accessKey\":{\"type\":\"string\",\"minLength\":1,\"configurable\":false,\"required\":true},\"lastUsedAt\":{\"type\":\"datetime\",\"configurable\":false,\"required\":false},\"permissions\":{\"type\":\"relation\",\"target\":\"admin::transfer-token-permission\",\"relation\":\"oneToMany\",\"mappedBy\":\"token\",\"configurable\":false,\"required\":false},\"expiresAt\":{\"type\":\"datetime\",\"configurable\":false,\"required\":false},\"lifespan\":{\"type\":\"biginteger\",\"configurable\":false,\"required\":false}},\"kind\":\"collectionType\"},\"modelName\":\"transfer-token\"},\"admin::transfer-token-permission\":{\"collectionName\":\"strapi_transfer_token_permissions\",\"info\":{\"name\":\"Transfer Token Permission\",\"description\":\"\",\"singularName\":\"transfer-token-permission\",\"pluralName\":\"transfer-token-permissions\",\"displayName\":\"Transfer Token Permission\"},\"options\":{\"draftAndPublish\":false},\"pluginOptions\":{\"content-manager\":{\"visible\":false},\"content-type-builder\":{\"visible\":false}},\"attributes\":{\"action\":{\"type\":\"string\",\"minLength\":1,\"configurable\":false,\"required\":true},\"token\":{\"configurable\":false,\"type\":\"relation\",\"relation\":\"manyToOne\",\"inversedBy\":\"permissions\",\"target\":\"admin::transfer-token\"},\"createdAt\":{\"type\":\"datetime\"},\"updatedAt\":{\"type\":\"datetime\"},\"publishedAt\":{\"type\":\"datetime\",\"configurable\":false,\"writable\":true,\"visible\":false},\"createdBy\":{\"type\":\"relation\",\"relation\":\"oneToOne\",\"target\":\"admin::user\",\"configurable\":false,\"writable\":false,\"visible\":false,\"useJoinTable\":false,\"private\":true},\"updatedBy\":{\"type\":\"relation\",\"relation\":\"oneToOne\",\"target\":\"admin::user\",\"configurable\":false,\"writable\":false,\"visible\":false,\"useJoinTable\":false,\"private\":true},\"locale\":{\"writable\":true,\"private\":false,\"configurable\":false,\"visible\":false,\"type\":\"string\"},\"localizations\":{\"type\":\"relation\",\"relation\":\"oneToMany\",\"target\":\"admin::transfer-token-permission\",\"writable\":false,\"private\":false,\"configurable\":false,\"visible\":false,\"unstable_virtual\":true,\"joinColumn\":{\"name\":\"document_id\",\"referencedColumn\":\"document_id\",\"referencedTable\":\"strapi_transfer_token_permissions\"}}},\"plugin\":\"admin\",\"globalId\":\"AdminTransferTokenPermission\",\"uid\":\"admin::transfer-token-permission\",\"modelType\":\"contentType\",\"kind\":\"collectionType\",\"__schema__\":{\"collectionName\":\"strapi_transfer_token_permissions\",\"info\":{\"name\":\"Transfer Token Permission\",\"description\":\"\",\"singularName\":\"transfer-token-permission\",\"pluralName\":\"transfer-token-permissions\",\"displayName\":\"Transfer Token Permission\"},\"options\":{},\"pluginOptions\":{\"content-manager\":{\"visible\":false},\"content-type-builder\":{\"visible\":false}},\"attributes\":{\"action\":{\"type\":\"string\",\"minLength\":1,\"configurable\":false,\"required\":true},\"token\":{\"configurable\":false,\"type\":\"relation\",\"relation\":\"manyToOne\",\"inversedBy\":\"permissions\",\"target\":\"admin::transfer-token\"}},\"kind\":\"collectionType\"},\"modelName\":\"transfer-token-permission\"}}','object',NULL,NULL),(2,'plugin_content_manager_configuration_content_types::plugin::upload.file','{\"settings\":{\"bulkable\":true,\"filterable\":true,\"searchable\":true,\"pageSize\":10,\"mainField\":\"name\",\"defaultSortBy\":\"name\",\"defaultSortOrder\":\"ASC\"},\"metadatas\":{\"id\":{\"edit\":{},\"list\":{\"label\":\"id\",\"searchable\":true,\"sortable\":true}},\"name\":{\"edit\":{\"label\":\"name\",\"description\":\"\",\"placeholder\":\"\",\"visible\":true,\"editable\":true},\"list\":{\"label\":\"name\",\"searchable\":true,\"sortable\":true}},\"alternativeText\":{\"edit\":{\"label\":\"alternativeText\",\"description\":\"\",\"placeholder\":\"\",\"visible\":true,\"editable\":true},\"list\":{\"label\":\"alternativeText\",\"searchable\":true,\"sortable\":true}},\"caption\":{\"edit\":{\"label\":\"caption\",\"description\":\"\",\"placeholder\":\"\",\"visible\":true,\"editable\":true},\"list\":{\"label\":\"caption\",\"searchable\":true,\"sortable\":true}},\"width\":{\"edit\":{\"label\":\"width\",\"description\":\"\",\"placeholder\":\"\",\"visible\":true,\"editable\":true},\"list\":{\"label\":\"width\",\"searchable\":true,\"sortable\":true}},\"height\":{\"edit\":{\"label\":\"height\",\"description\":\"\",\"placeholder\":\"\",\"visible\":true,\"editable\":true},\"list\":{\"label\":\"height\",\"searchable\":true,\"sortable\":true}},\"formats\":{\"edit\":{\"label\":\"formats\",\"description\":\"\",\"placeholder\":\"\",\"visible\":true,\"editable\":true},\"list\":{\"label\":\"formats\",\"searchable\":false,\"sortable\":false}},\"hash\":{\"edit\":{\"label\":\"hash\",\"description\":\"\",\"placeholder\":\"\",\"visible\":true,\"editable\":true},\"list\":{\"label\":\"hash\",\"searchable\":true,\"sortable\":true}},\"ext\":{\"edit\":{\"label\":\"ext\",\"description\":\"\",\"placeholder\":\"\",\"visible\":true,\"editable\":true},\"list\":{\"label\":\"ext\",\"searchable\":true,\"sortable\":true}},\"mime\":{\"edit\":{\"label\":\"mime\",\"description\":\"\",\"placeholder\":\"\",\"visible\":true,\"editable\":true},\"list\":{\"label\":\"mime\",\"searchable\":true,\"sortable\":true}},\"size\":{\"edit\":{\"label\":\"size\",\"description\":\"\",\"placeholder\":\"\",\"visible\":true,\"editable\":true},\"list\":{\"label\":\"size\",\"searchable\":true,\"sortable\":true}},\"url\":{\"edit\":{\"label\":\"url\",\"description\":\"\",\"placeholder\":\"\",\"visible\":true,\"editable\":true},\"list\":{\"label\":\"url\",\"searchable\":true,\"sortable\":true}},\"previewUrl\":{\"edit\":{\"label\":\"previewUrl\",\"description\":\"\",\"placeholder\":\"\",\"visible\":true,\"editable\":true},\"list\":{\"label\":\"previewUrl\",\"searchable\":true,\"sortable\":true}},\"provider\":{\"edit\":{\"label\":\"provider\",\"description\":\"\",\"placeholder\":\"\",\"visible\":true,\"editable\":true},\"list\":{\"label\":\"provider\",\"searchable\":true,\"sortable\":true}},\"provider_metadata\":{\"edit\":{\"label\":\"provider_metadata\",\"description\":\"\",\"placeholder\":\"\",\"visible\":true,\"editable\":true},\"list\":{\"label\":\"provider_metadata\",\"searchable\":false,\"sortable\":false}},\"folder\":{\"edit\":{\"label\":\"folder\",\"description\":\"\",\"placeholder\":\"\",\"visible\":true,\"editable\":true,\"mainField\":\"name\"},\"list\":{\"label\":\"folder\",\"searchable\":true,\"sortable\":true}},\"folderPath\":{\"edit\":{\"label\":\"folderPath\",\"description\":\"\",\"placeholder\":\"\",\"visible\":true,\"editable\":true},\"list\":{\"label\":\"folderPath\",\"searchable\":true,\"sortable\":true}},\"createdAt\":{\"edit\":{\"label\":\"createdAt\",\"description\":\"\",\"placeholder\":\"\",\"visible\":false,\"editable\":true},\"list\":{\"label\":\"createdAt\",\"searchable\":true,\"sortable\":true}},\"updatedAt\":{\"edit\":{\"label\":\"updatedAt\",\"description\":\"\",\"placeholder\":\"\",\"visible\":false,\"editable\":true},\"list\":{\"label\":\"updatedAt\",\"searchable\":true,\"sortable\":true}},\"createdBy\":{\"edit\":{\"label\":\"createdBy\",\"description\":\"\",\"placeholder\":\"\",\"visible\":false,\"editable\":true,\"mainField\":\"firstname\"},\"list\":{\"label\":\"createdBy\",\"searchable\":true,\"sortable\":true}},\"updatedBy\":{\"edit\":{\"label\":\"updatedBy\",\"description\":\"\",\"placeholder\":\"\",\"visible\":false,\"editable\":true,\"mainField\":\"firstname\"},\"list\":{\"label\":\"updatedBy\",\"searchable\":true,\"sortable\":true}}},\"layouts\":{\"list\":[\"id\",\"name\",\"alternativeText\",\"caption\"],\"edit\":[[{\"name\":\"name\",\"size\":6},{\"name\":\"alternativeText\",\"size\":6}],[{\"name\":\"caption\",\"size\":6},{\"name\":\"width\",\"size\":4}],[{\"name\":\"height\",\"size\":4}],[{\"name\":\"formats\",\"size\":12}],[{\"name\":\"hash\",\"size\":6},{\"name\":\"ext\",\"size\":6}],[{\"name\":\"mime\",\"size\":6},{\"name\":\"size\",\"size\":4}],[{\"name\":\"url\",\"size\":6},{\"name\":\"previewUrl\",\"size\":6}],[{\"name\":\"provider\",\"size\":6}],[{\"name\":\"provider_metadata\",\"size\":12}],[{\"name\":\"folder\",\"size\":6},{\"name\":\"folderPath\",\"size\":6}]]},\"uid\":\"plugin::upload.file\"}','object',NULL,NULL),(3,'plugin_content_manager_configuration_content_types::plugin::upload.folder','{\"settings\":{\"bulkable\":true,\"filterable\":true,\"searchable\":true,\"pageSize\":10,\"mainField\":\"name\",\"defaultSortBy\":\"name\",\"defaultSortOrder\":\"ASC\"},\"metadatas\":{\"id\":{\"edit\":{},\"list\":{\"label\":\"id\",\"searchable\":true,\"sortable\":true}},\"name\":{\"edit\":{\"label\":\"name\",\"description\":\"\",\"placeholder\":\"\",\"visible\":true,\"editable\":true},\"list\":{\"label\":\"name\",\"searchable\":true,\"sortable\":true}},\"pathId\":{\"edit\":{\"label\":\"pathId\",\"description\":\"\",\"placeholder\":\"\",\"visible\":true,\"editable\":true},\"list\":{\"label\":\"pathId\",\"searchable\":true,\"sortable\":true}},\"parent\":{\"edit\":{\"label\":\"parent\",\"description\":\"\",\"placeholder\":\"\",\"visible\":true,\"editable\":true,\"mainField\":\"name\"},\"list\":{\"label\":\"parent\",\"searchable\":true,\"sortable\":true}},\"children\":{\"edit\":{\"label\":\"children\",\"description\":\"\",\"placeholder\":\"\",\"visible\":true,\"editable\":true,\"mainField\":\"name\"},\"list\":{\"label\":\"children\",\"searchable\":false,\"sortable\":false}},\"files\":{\"edit\":{\"label\":\"files\",\"description\":\"\",\"placeholder\":\"\",\"visible\":true,\"editable\":true,\"mainField\":\"name\"},\"list\":{\"label\":\"files\",\"searchable\":false,\"sortable\":false}},\"path\":{\"edit\":{\"label\":\"path\",\"description\":\"\",\"placeholder\":\"\",\"visible\":true,\"editable\":true},\"list\":{\"label\":\"path\",\"searchable\":true,\"sortable\":true}},\"createdAt\":{\"edit\":{\"label\":\"createdAt\",\"description\":\"\",\"placeholder\":\"\",\"visible\":false,\"editable\":true},\"list\":{\"label\":\"createdAt\",\"searchable\":true,\"sortable\":true}},\"updatedAt\":{\"edit\":{\"label\":\"updatedAt\",\"description\":\"\",\"placeholder\":\"\",\"visible\":false,\"editable\":true},\"list\":{\"label\":\"updatedAt\",\"searchable\":true,\"sortable\":true}},\"createdBy\":{\"edit\":{\"label\":\"createdBy\",\"description\":\"\",\"placeholder\":\"\",\"visible\":false,\"editable\":true,\"mainField\":\"firstname\"},\"list\":{\"label\":\"createdBy\",\"searchable\":true,\"sortable\":true}},\"updatedBy\":{\"edit\":{\"label\":\"updatedBy\",\"description\":\"\",\"placeholder\":\"\",\"visible\":false,\"editable\":true,\"mainField\":\"firstname\"},\"list\":{\"label\":\"updatedBy\",\"searchable\":true,\"sortable\":true}}},\"layouts\":{\"list\":[\"id\",\"name\",\"pathId\",\"parent\"],\"edit\":[[{\"name\":\"name\",\"size\":6},{\"name\":\"pathId\",\"size\":4}],[{\"name\":\"parent\",\"size\":6},{\"name\":\"children\",\"size\":6}],[{\"name\":\"files\",\"size\":6},{\"name\":\"path\",\"size\":6}]]},\"uid\":\"plugin::upload.folder\"}','object',NULL,NULL),(4,'plugin_content_manager_configuration_content_types::plugin::content-releases.release','{\"settings\":{\"bulkable\":true,\"filterable\":true,\"searchable\":true,\"pageSize\":10,\"mainField\":\"name\",\"defaultSortBy\":\"name\",\"defaultSortOrder\":\"ASC\"},\"metadatas\":{\"id\":{\"edit\":{},\"list\":{\"label\":\"id\",\"searchable\":true,\"sortable\":true}},\"name\":{\"edit\":{\"label\":\"name\",\"description\":\"\",\"placeholder\":\"\",\"visible\":true,\"editable\":true},\"list\":{\"label\":\"name\",\"searchable\":true,\"sortable\":true}},\"releasedAt\":{\"edit\":{\"label\":\"releasedAt\",\"description\":\"\",\"placeholder\":\"\",\"visible\":true,\"editable\":true},\"list\":{\"label\":\"releasedAt\",\"searchable\":true,\"sortable\":true}},\"scheduledAt\":{\"edit\":{\"label\":\"scheduledAt\",\"description\":\"\",\"placeholder\":\"\",\"visible\":true,\"editable\":true},\"list\":{\"label\":\"scheduledAt\",\"searchable\":true,\"sortable\":true}},\"timezone\":{\"edit\":{\"label\":\"timezone\",\"description\":\"\",\"placeholder\":\"\",\"visible\":true,\"editable\":true},\"list\":{\"label\":\"timezone\",\"searchable\":true,\"sortable\":true}},\"status\":{\"edit\":{\"label\":\"status\",\"description\":\"\",\"placeholder\":\"\",\"visible\":true,\"editable\":true},\"list\":{\"label\":\"status\",\"searchable\":true,\"sortable\":true}},\"actions\":{\"edit\":{\"label\":\"actions\",\"description\":\"\",\"placeholder\":\"\",\"visible\":true,\"editable\":true,\"mainField\":\"contentType\"},\"list\":{\"label\":\"actions\",\"searchable\":false,\"sortable\":false}},\"createdAt\":{\"edit\":{\"label\":\"createdAt\",\"description\":\"\",\"placeholder\":\"\",\"visible\":false,\"editable\":true},\"list\":{\"label\":\"createdAt\",\"searchable\":true,\"sortable\":true}},\"updatedAt\":{\"edit\":{\"label\":\"updatedAt\",\"description\":\"\",\"placeholder\":\"\",\"visible\":false,\"editable\":true},\"list\":{\"label\":\"updatedAt\",\"searchable\":true,\"sortable\":true}},\"createdBy\":{\"edit\":{\"label\":\"createdBy\",\"description\":\"\",\"placeholder\":\"\",\"visible\":false,\"editable\":true,\"mainField\":\"firstname\"},\"list\":{\"label\":\"createdBy\",\"searchable\":true,\"sortable\":true}},\"updatedBy\":{\"edit\":{\"label\":\"updatedBy\",\"description\":\"\",\"placeholder\":\"\",\"visible\":false,\"editable\":true,\"mainField\":\"firstname\"},\"list\":{\"label\":\"updatedBy\",\"searchable\":true,\"sortable\":true}}},\"layouts\":{\"list\":[\"id\",\"name\",\"releasedAt\",\"scheduledAt\"],\"edit\":[[{\"name\":\"name\",\"size\":6},{\"name\":\"releasedAt\",\"size\":6}],[{\"name\":\"scheduledAt\",\"size\":6},{\"name\":\"timezone\",\"size\":6}],[{\"name\":\"status\",\"size\":6},{\"name\":\"actions\",\"size\":6}]]},\"uid\":\"plugin::content-releases.release\"}','object',NULL,NULL),(5,'plugin_content_manager_configuration_content_types::plugin::content-releases.release-action','{\"settings\":{\"bulkable\":true,\"filterable\":true,\"searchable\":true,\"pageSize\":10,\"mainField\":\"contentType\",\"defaultSortBy\":\"contentType\",\"defaultSortOrder\":\"ASC\"},\"metadatas\":{\"id\":{\"edit\":{},\"list\":{\"label\":\"id\",\"searchable\":true,\"sortable\":true}},\"type\":{\"edit\":{\"label\":\"type\",\"description\":\"\",\"placeholder\":\"\",\"visible\":true,\"editable\":true},\"list\":{\"label\":\"type\",\"searchable\":true,\"sortable\":true}},\"contentType\":{\"edit\":{\"label\":\"contentType\",\"description\":\"\",\"placeholder\":\"\",\"visible\":true,\"editable\":true},\"list\":{\"label\":\"contentType\",\"searchable\":true,\"sortable\":true}},\"entryDocumentId\":{\"edit\":{\"label\":\"entryDocumentId\",\"description\":\"\",\"placeholder\":\"\",\"visible\":true,\"editable\":true},\"list\":{\"label\":\"entryDocumentId\",\"searchable\":true,\"sortable\":true}},\"release\":{\"edit\":{\"label\":\"release\",\"description\":\"\",\"placeholder\":\"\",\"visible\":true,\"editable\":true,\"mainField\":\"name\"},\"list\":{\"label\":\"release\",\"searchable\":true,\"sortable\":true}},\"isEntryValid\":{\"edit\":{\"label\":\"isEntryValid\",\"description\":\"\",\"placeholder\":\"\",\"visible\":true,\"editable\":true},\"list\":{\"label\":\"isEntryValid\",\"searchable\":true,\"sortable\":true}},\"createdAt\":{\"edit\":{\"label\":\"createdAt\",\"description\":\"\",\"placeholder\":\"\",\"visible\":false,\"editable\":true},\"list\":{\"label\":\"createdAt\",\"searchable\":true,\"sortable\":true}},\"updatedAt\":{\"edit\":{\"label\":\"updatedAt\",\"description\":\"\",\"placeholder\":\"\",\"visible\":false,\"editable\":true},\"list\":{\"label\":\"updatedAt\",\"searchable\":true,\"sortable\":true}},\"createdBy\":{\"edit\":{\"label\":\"createdBy\",\"description\":\"\",\"placeholder\":\"\",\"visible\":false,\"editable\":true,\"mainField\":\"firstname\"},\"list\":{\"label\":\"createdBy\",\"searchable\":true,\"sortable\":true}},\"updatedBy\":{\"edit\":{\"label\":\"updatedBy\",\"description\":\"\",\"placeholder\":\"\",\"visible\":false,\"editable\":true,\"mainField\":\"firstname\"},\"list\":{\"label\":\"updatedBy\",\"searchable\":true,\"sortable\":true}}},\"layouts\":{\"list\":[\"id\",\"type\",\"contentType\",\"entryDocumentId\"],\"edit\":[[{\"name\":\"type\",\"size\":6},{\"name\":\"contentType\",\"size\":6}],[{\"name\":\"entryDocumentId\",\"size\":6},{\"name\":\"release\",\"size\":6}],[{\"name\":\"isEntryValid\",\"size\":4}]]},\"uid\":\"plugin::content-releases.release-action\"}','object',NULL,NULL),(6,'plugin_content_manager_configuration_content_types::plugin::review-workflows.workflow','{\"settings\":{\"bulkable\":true,\"filterable\":true,\"searchable\":true,\"pageSize\":10,\"mainField\":\"name\",\"defaultSortBy\":\"name\",\"defaultSortOrder\":\"ASC\"},\"metadatas\":{\"id\":{\"edit\":{},\"list\":{\"label\":\"id\",\"searchable\":true,\"sortable\":true}},\"name\":{\"edit\":{\"label\":\"name\",\"description\":\"\",\"placeholder\":\"\",\"visible\":true,\"editable\":true},\"list\":{\"label\":\"name\",\"searchable\":true,\"sortable\":true}},\"stages\":{\"edit\":{\"label\":\"stages\",\"description\":\"\",\"placeholder\":\"\",\"visible\":true,\"editable\":true,\"mainField\":\"name\"},\"list\":{\"label\":\"stages\",\"searchable\":false,\"sortable\":false}},\"contentTypes\":{\"edit\":{\"label\":\"contentTypes\",\"description\":\"\",\"placeholder\":\"\",\"visible\":true,\"editable\":true},\"list\":{\"label\":\"contentTypes\",\"searchable\":false,\"sortable\":false}},\"createdAt\":{\"edit\":{\"label\":\"createdAt\",\"description\":\"\",\"placeholder\":\"\",\"visible\":false,\"editable\":true},\"list\":{\"label\":\"createdAt\",\"searchable\":true,\"sortable\":true}},\"updatedAt\":{\"edit\":{\"label\":\"updatedAt\",\"description\":\"\",\"placeholder\":\"\",\"visible\":false,\"editable\":true},\"list\":{\"label\":\"updatedAt\",\"searchable\":true,\"sortable\":true}},\"createdBy\":{\"edit\":{\"label\":\"createdBy\",\"description\":\"\",\"placeholder\":\"\",\"visible\":false,\"editable\":true,\"mainField\":\"firstname\"},\"list\":{\"label\":\"createdBy\",\"searchable\":true,\"sortable\":true}},\"updatedBy\":{\"edit\":{\"label\":\"updatedBy\",\"description\":\"\",\"placeholder\":\"\",\"visible\":false,\"editable\":true,\"mainField\":\"firstname\"},\"list\":{\"label\":\"updatedBy\",\"searchable\":true,\"sortable\":true}}},\"layouts\":{\"list\":[\"id\",\"name\",\"stages\",\"createdAt\"],\"edit\":[[{\"name\":\"name\",\"size\":6},{\"name\":\"stages\",\"size\":6}],[{\"name\":\"contentTypes\",\"size\":12}]]},\"uid\":\"plugin::review-workflows.workflow\"}','object',NULL,NULL),(7,'plugin_content_manager_configuration_content_types::plugin::review-workflows.workflow-stage','{\"settings\":{\"bulkable\":true,\"filterable\":true,\"searchable\":true,\"pageSize\":10,\"mainField\":\"name\",\"defaultSortBy\":\"name\",\"defaultSortOrder\":\"ASC\"},\"metadatas\":{\"id\":{\"edit\":{},\"list\":{\"label\":\"id\",\"searchable\":true,\"sortable\":true}},\"name\":{\"edit\":{\"label\":\"name\",\"description\":\"\",\"placeholder\":\"\",\"visible\":true,\"editable\":true},\"list\":{\"label\":\"name\",\"searchable\":true,\"sortable\":true}},\"color\":{\"edit\":{\"label\":\"color\",\"description\":\"\",\"placeholder\":\"\",\"visible\":true,\"editable\":true},\"list\":{\"label\":\"color\",\"searchable\":true,\"sortable\":true}},\"workflow\":{\"edit\":{\"label\":\"workflow\",\"description\":\"\",\"placeholder\":\"\",\"visible\":true,\"editable\":true,\"mainField\":\"name\"},\"list\":{\"label\":\"workflow\",\"searchable\":true,\"sortable\":true}},\"permissions\":{\"edit\":{\"label\":\"permissions\",\"description\":\"\",\"placeholder\":\"\",\"visible\":true,\"editable\":true,\"mainField\":\"action\"},\"list\":{\"label\":\"permissions\",\"searchable\":false,\"sortable\":false}},\"createdAt\":{\"edit\":{\"label\":\"createdAt\",\"description\":\"\",\"placeholder\":\"\",\"visible\":false,\"editable\":true},\"list\":{\"label\":\"createdAt\",\"searchable\":true,\"sortable\":true}},\"updatedAt\":{\"edit\":{\"label\":\"updatedAt\",\"description\":\"\",\"placeholder\":\"\",\"visible\":false,\"editable\":true},\"list\":{\"label\":\"updatedAt\",\"searchable\":true,\"sortable\":true}},\"createdBy\":{\"edit\":{\"label\":\"createdBy\",\"description\":\"\",\"placeholder\":\"\",\"visible\":false,\"editable\":true,\"mainField\":\"firstname\"},\"list\":{\"label\":\"createdBy\",\"searchable\":true,\"sortable\":true}},\"updatedBy\":{\"edit\":{\"label\":\"updatedBy\",\"description\":\"\",\"placeholder\":\"\",\"visible\":false,\"editable\":true,\"mainField\":\"firstname\"},\"list\":{\"label\":\"updatedBy\",\"searchable\":true,\"sortable\":true}}},\"layouts\":{\"list\":[\"id\",\"name\",\"color\",\"workflow\"],\"edit\":[[{\"name\":\"name\",\"size\":6},{\"name\":\"color\",\"size\":6}],[{\"name\":\"workflow\",\"size\":6},{\"name\":\"permissions\",\"size\":6}]]},\"uid\":\"plugin::review-workflows.workflow-stage\"}','object',NULL,NULL),(8,'plugin_content_manager_configuration_content_types::plugin::users-permissions.permission','{\"settings\":{\"bulkable\":true,\"filterable\":true,\"searchable\":true,\"pageSize\":10,\"mainField\":\"action\",\"defaultSortBy\":\"action\",\"defaultSortOrder\":\"ASC\"},\"metadatas\":{\"id\":{\"edit\":{},\"list\":{\"label\":\"id\",\"searchable\":true,\"sortable\":true}},\"action\":{\"edit\":{\"label\":\"action\",\"description\":\"\",\"placeholder\":\"\",\"visible\":true,\"editable\":true},\"list\":{\"label\":\"action\",\"searchable\":true,\"sortable\":true}},\"role\":{\"edit\":{\"label\":\"role\",\"description\":\"\",\"placeholder\":\"\",\"visible\":true,\"editable\":true,\"mainField\":\"name\"},\"list\":{\"label\":\"role\",\"searchable\":true,\"sortable\":true}},\"createdAt\":{\"edit\":{\"label\":\"createdAt\",\"description\":\"\",\"placeholder\":\"\",\"visible\":false,\"editable\":true},\"list\":{\"label\":\"createdAt\",\"searchable\":true,\"sortable\":true}},\"updatedAt\":{\"edit\":{\"label\":\"updatedAt\",\"description\":\"\",\"placeholder\":\"\",\"visible\":false,\"editable\":true},\"list\":{\"label\":\"updatedAt\",\"searchable\":true,\"sortable\":true}},\"createdBy\":{\"edit\":{\"label\":\"createdBy\",\"description\":\"\",\"placeholder\":\"\",\"visible\":false,\"editable\":true,\"mainField\":\"firstname\"},\"list\":{\"label\":\"createdBy\",\"searchable\":true,\"sortable\":true}},\"updatedBy\":{\"edit\":{\"label\":\"updatedBy\",\"description\":\"\",\"placeholder\":\"\",\"visible\":false,\"editable\":true,\"mainField\":\"firstname\"},\"list\":{\"label\":\"updatedBy\",\"searchable\":true,\"sortable\":true}}},\"layouts\":{\"list\":[\"id\",\"action\",\"role\",\"createdAt\"],\"edit\":[[{\"name\":\"action\",\"size\":6},{\"name\":\"role\",\"size\":6}]]},\"uid\":\"plugin::users-permissions.permission\"}','object',NULL,NULL),(9,'plugin_content_manager_configuration_content_types::plugin::users-permissions.role','{\"settings\":{\"bulkable\":true,\"filterable\":true,\"searchable\":true,\"pageSize\":10,\"mainField\":\"name\",\"defaultSortBy\":\"name\",\"defaultSortOrder\":\"ASC\"},\"metadatas\":{\"id\":{\"edit\":{},\"list\":{\"label\":\"id\",\"searchable\":true,\"sortable\":true}},\"name\":{\"edit\":{\"label\":\"name\",\"description\":\"\",\"placeholder\":\"\",\"visible\":true,\"editable\":true},\"list\":{\"label\":\"name\",\"searchable\":true,\"sortable\":true}},\"description\":{\"edit\":{\"label\":\"description\",\"description\":\"\",\"placeholder\":\"\",\"visible\":true,\"editable\":true},\"list\":{\"label\":\"description\",\"searchable\":true,\"sortable\":true}},\"type\":{\"edit\":{\"label\":\"type\",\"description\":\"\",\"placeholder\":\"\",\"visible\":true,\"editable\":true},\"list\":{\"label\":\"type\",\"searchable\":true,\"sortable\":true}},\"permissions\":{\"edit\":{\"label\":\"permissions\",\"description\":\"\",\"placeholder\":\"\",\"visible\":true,\"editable\":true,\"mainField\":\"action\"},\"list\":{\"label\":\"permissions\",\"searchable\":false,\"sortable\":false}},\"users\":{\"edit\":{\"label\":\"users\",\"description\":\"\",\"placeholder\":\"\",\"visible\":true,\"editable\":true,\"mainField\":\"username\"},\"list\":{\"label\":\"users\",\"searchable\":false,\"sortable\":false}},\"createdAt\":{\"edit\":{\"label\":\"createdAt\",\"description\":\"\",\"placeholder\":\"\",\"visible\":false,\"editable\":true},\"list\":{\"label\":\"createdAt\",\"searchable\":true,\"sortable\":true}},\"updatedAt\":{\"edit\":{\"label\":\"updatedAt\",\"description\":\"\",\"placeholder\":\"\",\"visible\":false,\"editable\":true},\"list\":{\"label\":\"updatedAt\",\"searchable\":true,\"sortable\":true}},\"createdBy\":{\"edit\":{\"label\":\"createdBy\",\"description\":\"\",\"placeholder\":\"\",\"visible\":false,\"editable\":true,\"mainField\":\"firstname\"},\"list\":{\"label\":\"createdBy\",\"searchable\":true,\"sortable\":true}},\"updatedBy\":{\"edit\":{\"label\":\"updatedBy\",\"description\":\"\",\"placeholder\":\"\",\"visible\":false,\"editable\":true,\"mainField\":\"firstname\"},\"list\":{\"label\":\"updatedBy\",\"searchable\":true,\"sortable\":true}}},\"layouts\":{\"list\":[\"id\",\"name\",\"description\",\"type\"],\"edit\":[[{\"name\":\"name\",\"size\":6},{\"name\":\"description\",\"size\":6}],[{\"name\":\"type\",\"size\":6},{\"name\":\"permissions\",\"size\":6}],[{\"name\":\"users\",\"size\":6}]]},\"uid\":\"plugin::users-permissions.role\"}','object',NULL,NULL),(10,'plugin_content_manager_configuration_content_types::plugin::i18n.locale','{\"settings\":{\"bulkable\":true,\"filterable\":true,\"searchable\":true,\"pageSize\":10,\"mainField\":\"name\",\"defaultSortBy\":\"name\",\"defaultSortOrder\":\"ASC\"},\"metadatas\":{\"id\":{\"edit\":{},\"list\":{\"label\":\"id\",\"searchable\":true,\"sortable\":true}},\"name\":{\"edit\":{\"label\":\"name\",\"description\":\"\",\"placeholder\":\"\",\"visible\":true,\"editable\":true},\"list\":{\"label\":\"name\",\"searchable\":true,\"sortable\":true}},\"code\":{\"edit\":{\"label\":\"code\",\"description\":\"\",\"placeholder\":\"\",\"visible\":true,\"editable\":true},\"list\":{\"label\":\"code\",\"searchable\":true,\"sortable\":true}},\"createdAt\":{\"edit\":{\"label\":\"createdAt\",\"description\":\"\",\"placeholder\":\"\",\"visible\":false,\"editable\":true},\"list\":{\"label\":\"createdAt\",\"searchable\":true,\"sortable\":true}},\"updatedAt\":{\"edit\":{\"label\":\"updatedAt\",\"description\":\"\",\"placeholder\":\"\",\"visible\":false,\"editable\":true},\"list\":{\"label\":\"updatedAt\",\"searchable\":true,\"sortable\":true}},\"createdBy\":{\"edit\":{\"label\":\"createdBy\",\"description\":\"\",\"placeholder\":\"\",\"visible\":false,\"editable\":true,\"mainField\":\"firstname\"},\"list\":{\"label\":\"createdBy\",\"searchable\":true,\"sortable\":true}},\"updatedBy\":{\"edit\":{\"label\":\"updatedBy\",\"description\":\"\",\"placeholder\":\"\",\"visible\":false,\"editable\":true,\"mainField\":\"firstname\"},\"list\":{\"label\":\"updatedBy\",\"searchable\":true,\"sortable\":true}}},\"layouts\":{\"list\":[\"id\",\"name\",\"code\",\"createdAt\"],\"edit\":[[{\"name\":\"name\",\"size\":6},{\"name\":\"code\",\"size\":6}]]},\"uid\":\"plugin::i18n.locale\"}','object',NULL,NULL),(11,'plugin_content_manager_configuration_content_types::admin::permission','{\"settings\":{\"bulkable\":true,\"filterable\":true,\"searchable\":true,\"pageSize\":10,\"mainField\":\"action\",\"defaultSortBy\":\"action\",\"defaultSortOrder\":\"ASC\"},\"metadatas\":{\"id\":{\"edit\":{},\"list\":{\"label\":\"id\",\"searchable\":true,\"sortable\":true}},\"action\":{\"edit\":{\"label\":\"action\",\"description\":\"\",\"placeholder\":\"\",\"visible\":true,\"editable\":true},\"list\":{\"label\":\"action\",\"searchable\":true,\"sortable\":true}},\"actionParameters\":{\"edit\":{\"label\":\"actionParameters\",\"description\":\"\",\"placeholder\":\"\",\"visible\":true,\"editable\":true},\"list\":{\"label\":\"actionParameters\",\"searchable\":false,\"sortable\":false}},\"subject\":{\"edit\":{\"label\":\"subject\",\"description\":\"\",\"placeholder\":\"\",\"visible\":true,\"editable\":true},\"list\":{\"label\":\"subject\",\"searchable\":true,\"sortable\":true}},\"properties\":{\"edit\":{\"label\":\"properties\",\"description\":\"\",\"placeholder\":\"\",\"visible\":true,\"editable\":true},\"list\":{\"label\":\"properties\",\"searchable\":false,\"sortable\":false}},\"conditions\":{\"edit\":{\"label\":\"conditions\",\"description\":\"\",\"placeholder\":\"\",\"visible\":true,\"editable\":true},\"list\":{\"label\":\"conditions\",\"searchable\":false,\"sortable\":false}},\"role\":{\"edit\":{\"label\":\"role\",\"description\":\"\",\"placeholder\":\"\",\"visible\":true,\"editable\":true,\"mainField\":\"name\"},\"list\":{\"label\":\"role\",\"searchable\":true,\"sortable\":true}},\"createdAt\":{\"edit\":{\"label\":\"createdAt\",\"description\":\"\",\"placeholder\":\"\",\"visible\":false,\"editable\":true},\"list\":{\"label\":\"createdAt\",\"searchable\":true,\"sortable\":true}},\"updatedAt\":{\"edit\":{\"label\":\"updatedAt\",\"description\":\"\",\"placeholder\":\"\",\"visible\":false,\"editable\":true},\"list\":{\"label\":\"updatedAt\",\"searchable\":true,\"sortable\":true}},\"createdBy\":{\"edit\":{\"label\":\"createdBy\",\"description\":\"\",\"placeholder\":\"\",\"visible\":false,\"editable\":true,\"mainField\":\"firstname\"},\"list\":{\"label\":\"createdBy\",\"searchable\":true,\"sortable\":true}},\"updatedBy\":{\"edit\":{\"label\":\"updatedBy\",\"description\":\"\",\"placeholder\":\"\",\"visible\":false,\"editable\":true,\"mainField\":\"firstname\"},\"list\":{\"label\":\"updatedBy\",\"searchable\":true,\"sortable\":true}}},\"layouts\":{\"list\":[\"id\",\"action\",\"subject\",\"role\"],\"edit\":[[{\"name\":\"action\",\"size\":6}],[{\"name\":\"actionParameters\",\"size\":12}],[{\"name\":\"subject\",\"size\":6}],[{\"name\":\"properties\",\"size\":12}],[{\"name\":\"conditions\",\"size\":12}],[{\"name\":\"role\",\"size\":6}]]},\"uid\":\"admin::permission\"}','object',NULL,NULL),(12,'plugin_content_manager_configuration_content_types::admin::user','{\"settings\":{\"bulkable\":true,\"filterable\":true,\"searchable\":true,\"pageSize\":10,\"mainField\":\"firstname\",\"defaultSortBy\":\"firstname\",\"defaultSortOrder\":\"ASC\"},\"metadatas\":{\"id\":{\"edit\":{},\"list\":{\"label\":\"id\",\"searchable\":true,\"sortable\":true}},\"firstname\":{\"edit\":{\"label\":\"firstname\",\"description\":\"\",\"placeholder\":\"\",\"visible\":true,\"editable\":true},\"list\":{\"label\":\"firstname\",\"searchable\":true,\"sortable\":true}},\"lastname\":{\"edit\":{\"label\":\"lastname\",\"description\":\"\",\"placeholder\":\"\",\"visible\":true,\"editable\":true},\"list\":{\"label\":\"lastname\",\"searchable\":true,\"sortable\":true}},\"username\":{\"edit\":{\"label\":\"username\",\"description\":\"\",\"placeholder\":\"\",\"visible\":true,\"editable\":true},\"list\":{\"label\":\"username\",\"searchable\":true,\"sortable\":true}},\"email\":{\"edit\":{\"label\":\"email\",\"description\":\"\",\"placeholder\":\"\",\"visible\":true,\"editable\":true},\"list\":{\"label\":\"email\",\"searchable\":true,\"sortable\":true}},\"password\":{\"edit\":{\"label\":\"password\",\"description\":\"\",\"placeholder\":\"\",\"visible\":true,\"editable\":true},\"list\":{\"label\":\"password\",\"searchable\":true,\"sortable\":true}},\"resetPasswordToken\":{\"edit\":{\"label\":\"resetPasswordToken\",\"description\":\"\",\"placeholder\":\"\",\"visible\":false,\"editable\":true},\"list\":{\"label\":\"resetPasswordToken\",\"searchable\":true,\"sortable\":true}},\"registrationToken\":{\"edit\":{\"label\":\"registrationToken\",\"description\":\"\",\"placeholder\":\"\",\"visible\":false,\"editable\":true},\"list\":{\"label\":\"registrationToken\",\"searchable\":true,\"sortable\":true}},\"isActive\":{\"edit\":{\"label\":\"isActive\",\"description\":\"\",\"placeholder\":\"\",\"visible\":true,\"editable\":true},\"list\":{\"label\":\"isActive\",\"searchable\":true,\"sortable\":true}},\"roles\":{\"edit\":{\"label\":\"roles\",\"description\":\"\",\"placeholder\":\"\",\"visible\":true,\"editable\":true,\"mainField\":\"name\"},\"list\":{\"label\":\"roles\",\"searchable\":false,\"sortable\":false}},\"blocked\":{\"edit\":{\"label\":\"blocked\",\"description\":\"\",\"placeholder\":\"\",\"visible\":true,\"editable\":true},\"list\":{\"label\":\"blocked\",\"searchable\":true,\"sortable\":true}},\"preferedLanguage\":{\"edit\":{\"label\":\"preferedLanguage\",\"description\":\"\",\"placeholder\":\"\",\"visible\":true,\"editable\":true},\"list\":{\"label\":\"preferedLanguage\",\"searchable\":true,\"sortable\":true}},\"createdAt\":{\"edit\":{\"label\":\"createdAt\",\"description\":\"\",\"placeholder\":\"\",\"visible\":false,\"editable\":true},\"list\":{\"label\":\"createdAt\",\"searchable\":true,\"sortable\":true}},\"updatedAt\":{\"edit\":{\"label\":\"updatedAt\",\"description\":\"\",\"placeholder\":\"\",\"visible\":false,\"editable\":true},\"list\":{\"label\":\"updatedAt\",\"searchable\":true,\"sortable\":true}},\"createdBy\":{\"edit\":{\"label\":\"createdBy\",\"description\":\"\",\"placeholder\":\"\",\"visible\":false,\"editable\":true,\"mainField\":\"firstname\"},\"list\":{\"label\":\"createdBy\",\"searchable\":true,\"sortable\":true}},\"updatedBy\":{\"edit\":{\"label\":\"updatedBy\",\"description\":\"\",\"placeholder\":\"\",\"visible\":false,\"editable\":true,\"mainField\":\"firstname\"},\"list\":{\"label\":\"updatedBy\",\"searchable\":true,\"sortable\":true}}},\"layouts\":{\"list\":[\"id\",\"firstname\",\"lastname\",\"username\"],\"edit\":[[{\"name\":\"firstname\",\"size\":6},{\"name\":\"lastname\",\"size\":6}],[{\"name\":\"username\",\"size\":6},{\"name\":\"email\",\"size\":6}],[{\"name\":\"password\",\"size\":6},{\"name\":\"isActive\",\"size\":4}],[{\"name\":\"roles\",\"size\":6},{\"name\":\"blocked\",\"size\":4}],[{\"name\":\"preferedLanguage\",\"size\":6}]]},\"uid\":\"admin::user\"}','object',NULL,NULL),(13,'plugin_content_manager_configuration_content_types::admin::role','{\"settings\":{\"bulkable\":true,\"filterable\":true,\"searchable\":true,\"pageSize\":10,\"mainField\":\"name\",\"defaultSortBy\":\"name\",\"defaultSortOrder\":\"ASC\"},\"metadatas\":{\"id\":{\"edit\":{},\"list\":{\"label\":\"id\",\"searchable\":true,\"sortable\":true}},\"name\":{\"edit\":{\"label\":\"name\",\"description\":\"\",\"placeholder\":\"\",\"visible\":true,\"editable\":true},\"list\":{\"label\":\"name\",\"searchable\":true,\"sortable\":true}},\"code\":{\"edit\":{\"label\":\"code\",\"description\":\"\",\"placeholder\":\"\",\"visible\":true,\"editable\":true},\"list\":{\"label\":\"code\",\"searchable\":true,\"sortable\":true}},\"description\":{\"edit\":{\"label\":\"description\",\"description\":\"\",\"placeholder\":\"\",\"visible\":true,\"editable\":true},\"list\":{\"label\":\"description\",\"searchable\":true,\"sortable\":true}},\"users\":{\"edit\":{\"label\":\"users\",\"description\":\"\",\"placeholder\":\"\",\"visible\":true,\"editable\":true,\"mainField\":\"firstname\"},\"list\":{\"label\":\"users\",\"searchable\":false,\"sortable\":false}},\"permissions\":{\"edit\":{\"label\":\"permissions\",\"description\":\"\",\"placeholder\":\"\",\"visible\":true,\"editable\":true,\"mainField\":\"action\"},\"list\":{\"label\":\"permissions\",\"searchable\":false,\"sortable\":false}},\"createdAt\":{\"edit\":{\"label\":\"createdAt\",\"description\":\"\",\"placeholder\":\"\",\"visible\":false,\"editable\":true},\"list\":{\"label\":\"createdAt\",\"searchable\":true,\"sortable\":true}},\"updatedAt\":{\"edit\":{\"label\":\"updatedAt\",\"description\":\"\",\"placeholder\":\"\",\"visible\":false,\"editable\":true},\"list\":{\"label\":\"updatedAt\",\"searchable\":true,\"sortable\":true}},\"createdBy\":{\"edit\":{\"label\":\"createdBy\",\"description\":\"\",\"placeholder\":\"\",\"visible\":false,\"editable\":true,\"mainField\":\"firstname\"},\"list\":{\"label\":\"createdBy\",\"searchable\":true,\"sortable\":true}},\"updatedBy\":{\"edit\":{\"label\":\"updatedBy\",\"description\":\"\",\"placeholder\":\"\",\"visible\":false,\"editable\":true,\"mainField\":\"firstname\"},\"list\":{\"label\":\"updatedBy\",\"searchable\":true,\"sortable\":true}}},\"layouts\":{\"list\":[\"id\",\"name\",\"code\",\"description\"],\"edit\":[[{\"name\":\"name\",\"size\":6},{\"name\":\"code\",\"size\":6}],[{\"name\":\"description\",\"size\":6},{\"name\":\"users\",\"size\":6}],[{\"name\":\"permissions\",\"size\":6}]]},\"uid\":\"admin::role\"}','object',NULL,NULL),(14,'plugin_content_manager_configuration_content_types::admin::api-token','{\"settings\":{\"bulkable\":true,\"filterable\":true,\"searchable\":true,\"pageSize\":10,\"mainField\":\"name\",\"defaultSortBy\":\"name\",\"defaultSortOrder\":\"ASC\"},\"metadatas\":{\"id\":{\"edit\":{},\"list\":{\"label\":\"id\",\"searchable\":true,\"sortable\":true}},\"name\":{\"edit\":{\"label\":\"name\",\"description\":\"\",\"placeholder\":\"\",\"visible\":true,\"editable\":true},\"list\":{\"label\":\"name\",\"searchable\":true,\"sortable\":true}},\"description\":{\"edit\":{\"label\":\"description\",\"description\":\"\",\"placeholder\":\"\",\"visible\":true,\"editable\":true},\"list\":{\"label\":\"description\",\"searchable\":true,\"sortable\":true}},\"type\":{\"edit\":{\"label\":\"type\",\"description\":\"\",\"placeholder\":\"\",\"visible\":true,\"editable\":true},\"list\":{\"label\":\"type\",\"searchable\":true,\"sortable\":true}},\"accessKey\":{\"edit\":{\"label\":\"accessKey\",\"description\":\"\",\"placeholder\":\"\",\"visible\":true,\"editable\":true},\"list\":{\"label\":\"accessKey\",\"searchable\":true,\"sortable\":true}},\"lastUsedAt\":{\"edit\":{\"label\":\"lastUsedAt\",\"description\":\"\",\"placeholder\":\"\",\"visible\":true,\"editable\":true},\"list\":{\"label\":\"lastUsedAt\",\"searchable\":true,\"sortable\":true}},\"permissions\":{\"edit\":{\"label\":\"permissions\",\"description\":\"\",\"placeholder\":\"\",\"visible\":true,\"editable\":true,\"mainField\":\"action\"},\"list\":{\"label\":\"permissions\",\"searchable\":false,\"sortable\":false}},\"expiresAt\":{\"edit\":{\"label\":\"expiresAt\",\"description\":\"\",\"placeholder\":\"\",\"visible\":true,\"editable\":true},\"list\":{\"label\":\"expiresAt\",\"searchable\":true,\"sortable\":true}},\"lifespan\":{\"edit\":{\"label\":\"lifespan\",\"description\":\"\",\"placeholder\":\"\",\"visible\":true,\"editable\":true},\"list\":{\"label\":\"lifespan\",\"searchable\":true,\"sortable\":true}},\"createdAt\":{\"edit\":{\"label\":\"createdAt\",\"description\":\"\",\"placeholder\":\"\",\"visible\":false,\"editable\":true},\"list\":{\"label\":\"createdAt\",\"searchable\":true,\"sortable\":true}},\"updatedAt\":{\"edit\":{\"label\":\"updatedAt\",\"description\":\"\",\"placeholder\":\"\",\"visible\":false,\"editable\":true},\"list\":{\"label\":\"updatedAt\",\"searchable\":true,\"sortable\":true}},\"createdBy\":{\"edit\":{\"label\":\"createdBy\",\"description\":\"\",\"placeholder\":\"\",\"visible\":false,\"editable\":true,\"mainField\":\"firstname\"},\"list\":{\"label\":\"createdBy\",\"searchable\":true,\"sortable\":true}},\"updatedBy\":{\"edit\":{\"label\":\"updatedBy\",\"description\":\"\",\"placeholder\":\"\",\"visible\":false,\"editable\":true,\"mainField\":\"firstname\"},\"list\":{\"label\":\"updatedBy\",\"searchable\":true,\"sortable\":true}}},\"layouts\":{\"list\":[\"id\",\"name\",\"description\",\"type\"],\"edit\":[[{\"name\":\"name\",\"size\":6},{\"name\":\"description\",\"size\":6}],[{\"name\":\"type\",\"size\":6},{\"name\":\"accessKey\",\"size\":6}],[{\"name\":\"lastUsedAt\",\"size\":6},{\"name\":\"permissions\",\"size\":6}],[{\"name\":\"expiresAt\",\"size\":6},{\"name\":\"lifespan\",\"size\":4}]]},\"uid\":\"admin::api-token\"}','object',NULL,NULL),(15,'plugin_content_manager_configuration_content_types::admin::api-token-permission','{\"settings\":{\"bulkable\":true,\"filterable\":true,\"searchable\":true,\"pageSize\":10,\"mainField\":\"action\",\"defaultSortBy\":\"action\",\"defaultSortOrder\":\"ASC\"},\"metadatas\":{\"id\":{\"edit\":{},\"list\":{\"label\":\"id\",\"searchable\":true,\"sortable\":true}},\"action\":{\"edit\":{\"label\":\"action\",\"description\":\"\",\"placeholder\":\"\",\"visible\":true,\"editable\":true},\"list\":{\"label\":\"action\",\"searchable\":true,\"sortable\":true}},\"token\":{\"edit\":{\"label\":\"token\",\"description\":\"\",\"placeholder\":\"\",\"visible\":true,\"editable\":true,\"mainField\":\"name\"},\"list\":{\"label\":\"token\",\"searchable\":true,\"sortable\":true}},\"createdAt\":{\"edit\":{\"label\":\"createdAt\",\"description\":\"\",\"placeholder\":\"\",\"visible\":false,\"editable\":true},\"list\":{\"label\":\"createdAt\",\"searchable\":true,\"sortable\":true}},\"updatedAt\":{\"edit\":{\"label\":\"updatedAt\",\"description\":\"\",\"placeholder\":\"\",\"visible\":false,\"editable\":true},\"list\":{\"label\":\"updatedAt\",\"searchable\":true,\"sortable\":true}},\"createdBy\":{\"edit\":{\"label\":\"createdBy\",\"description\":\"\",\"placeholder\":\"\",\"visible\":false,\"editable\":true,\"mainField\":\"firstname\"},\"list\":{\"label\":\"createdBy\",\"searchable\":true,\"sortable\":true}},\"updatedBy\":{\"edit\":{\"label\":\"updatedBy\",\"description\":\"\",\"placeholder\":\"\",\"visible\":false,\"editable\":true,\"mainField\":\"firstname\"},\"list\":{\"label\":\"updatedBy\",\"searchable\":true,\"sortable\":true}}},\"layouts\":{\"list\":[\"id\",\"action\",\"token\",\"createdAt\"],\"edit\":[[{\"name\":\"action\",\"size\":6},{\"name\":\"token\",\"size\":6}]]},\"uid\":\"admin::api-token-permission\"}','object',NULL,NULL),(16,'plugin_content_manager_configuration_content_types::admin::transfer-token','{\"settings\":{\"bulkable\":true,\"filterable\":true,\"searchable\":true,\"pageSize\":10,\"mainField\":\"name\",\"defaultSortBy\":\"name\",\"defaultSortOrder\":\"ASC\"},\"metadatas\":{\"id\":{\"edit\":{},\"list\":{\"label\":\"id\",\"searchable\":true,\"sortable\":true}},\"name\":{\"edit\":{\"label\":\"name\",\"description\":\"\",\"placeholder\":\"\",\"visible\":true,\"editable\":true},\"list\":{\"label\":\"name\",\"searchable\":true,\"sortable\":true}},\"description\":{\"edit\":{\"label\":\"description\",\"description\":\"\",\"placeholder\":\"\",\"visible\":true,\"editable\":true},\"list\":{\"label\":\"description\",\"searchable\":true,\"sortable\":true}},\"accessKey\":{\"edit\":{\"label\":\"accessKey\",\"description\":\"\",\"placeholder\":\"\",\"visible\":true,\"editable\":true},\"list\":{\"label\":\"accessKey\",\"searchable\":true,\"sortable\":true}},\"lastUsedAt\":{\"edit\":{\"label\":\"lastUsedAt\",\"description\":\"\",\"placeholder\":\"\",\"visible\":true,\"editable\":true},\"list\":{\"label\":\"lastUsedAt\",\"searchable\":true,\"sortable\":true}},\"permissions\":{\"edit\":{\"label\":\"permissions\",\"description\":\"\",\"placeholder\":\"\",\"visible\":true,\"editable\":true,\"mainField\":\"action\"},\"list\":{\"label\":\"permissions\",\"searchable\":false,\"sortable\":false}},\"expiresAt\":{\"edit\":{\"label\":\"expiresAt\",\"description\":\"\",\"placeholder\":\"\",\"visible\":true,\"editable\":true},\"list\":{\"label\":\"expiresAt\",\"searchable\":true,\"sortable\":true}},\"lifespan\":{\"edit\":{\"label\":\"lifespan\",\"description\":\"\",\"placeholder\":\"\",\"visible\":true,\"editable\":true},\"list\":{\"label\":\"lifespan\",\"searchable\":true,\"sortable\":true}},\"createdAt\":{\"edit\":{\"label\":\"createdAt\",\"description\":\"\",\"placeholder\":\"\",\"visible\":false,\"editable\":true},\"list\":{\"label\":\"createdAt\",\"searchable\":true,\"sortable\":true}},\"updatedAt\":{\"edit\":{\"label\":\"updatedAt\",\"description\":\"\",\"placeholder\":\"\",\"visible\":false,\"editable\":true},\"list\":{\"label\":\"updatedAt\",\"searchable\":true,\"sortable\":true}},\"createdBy\":{\"edit\":{\"label\":\"createdBy\",\"description\":\"\",\"placeholder\":\"\",\"visible\":false,\"editable\":true,\"mainField\":\"firstname\"},\"list\":{\"label\":\"createdBy\",\"searchable\":true,\"sortable\":true}},\"updatedBy\":{\"edit\":{\"label\":\"updatedBy\",\"description\":\"\",\"placeholder\":\"\",\"visible\":false,\"editable\":true,\"mainField\":\"firstname\"},\"list\":{\"label\":\"updatedBy\",\"searchable\":true,\"sortable\":true}}},\"layouts\":{\"list\":[\"id\",\"name\",\"description\",\"accessKey\"],\"edit\":[[{\"name\":\"name\",\"size\":6},{\"name\":\"description\",\"size\":6}],[{\"name\":\"accessKey\",\"size\":6},{\"name\":\"lastUsedAt\",\"size\":6}],[{\"name\":\"permissions\",\"size\":6},{\"name\":\"expiresAt\",\"size\":6}],[{\"name\":\"lifespan\",\"size\":4}]]},\"uid\":\"admin::transfer-token\"}','object',NULL,NULL),(17,'plugin_content_manager_configuration_content_types::admin::transfer-token-permission','{\"settings\":{\"bulkable\":true,\"filterable\":true,\"searchable\":true,\"pageSize\":10,\"mainField\":\"action\",\"defaultSortBy\":\"action\",\"defaultSortOrder\":\"ASC\"},\"metadatas\":{\"id\":{\"edit\":{},\"list\":{\"label\":\"id\",\"searchable\":true,\"sortable\":true}},\"action\":{\"edit\":{\"label\":\"action\",\"description\":\"\",\"placeholder\":\"\",\"visible\":true,\"editable\":true},\"list\":{\"label\":\"action\",\"searchable\":true,\"sortable\":true}},\"token\":{\"edit\":{\"label\":\"token\",\"description\":\"\",\"placeholder\":\"\",\"visible\":true,\"editable\":true,\"mainField\":\"name\"},\"list\":{\"label\":\"token\",\"searchable\":true,\"sortable\":true}},\"createdAt\":{\"edit\":{\"label\":\"createdAt\",\"description\":\"\",\"placeholder\":\"\",\"visible\":false,\"editable\":true},\"list\":{\"label\":\"createdAt\",\"searchable\":true,\"sortable\":true}},\"updatedAt\":{\"edit\":{\"label\":\"updatedAt\",\"description\":\"\",\"placeholder\":\"\",\"visible\":false,\"editable\":true},\"list\":{\"label\":\"updatedAt\",\"searchable\":true,\"sortable\":true}},\"createdBy\":{\"edit\":{\"label\":\"createdBy\",\"description\":\"\",\"placeholder\":\"\",\"visible\":false,\"editable\":true,\"mainField\":\"firstname\"},\"list\":{\"label\":\"createdBy\",\"searchable\":true,\"sortable\":true}},\"updatedBy\":{\"edit\":{\"label\":\"updatedBy\",\"description\":\"\",\"placeholder\":\"\",\"visible\":false,\"editable\":true,\"mainField\":\"firstname\"},\"list\":{\"label\":\"updatedBy\",\"searchable\":true,\"sortable\":true}}},\"layouts\":{\"list\":[\"id\",\"action\",\"token\",\"createdAt\"],\"edit\":[[{\"name\":\"action\",\"size\":6},{\"name\":\"token\",\"size\":6}]]},\"uid\":\"admin::transfer-token-permission\"}','object',NULL,NULL),(18,'plugin_content_manager_configuration_content_types::plugin::users-permissions.user','{\"settings\":{\"bulkable\":true,\"filterable\":true,\"searchable\":true,\"pageSize\":10,\"mainField\":\"username\",\"defaultSortBy\":\"username\",\"defaultSortOrder\":\"ASC\"},\"metadatas\":{\"id\":{\"edit\":{},\"list\":{\"label\":\"id\",\"searchable\":true,\"sortable\":true}},\"username\":{\"edit\":{\"label\":\"username\",\"description\":\"\",\"placeholder\":\"\",\"visible\":true,\"editable\":true},\"list\":{\"label\":\"username\",\"searchable\":true,\"sortable\":true}},\"email\":{\"edit\":{\"label\":\"email\",\"description\":\"\",\"placeholder\":\"\",\"visible\":true,\"editable\":true},\"list\":{\"label\":\"email\",\"searchable\":true,\"sortable\":true}},\"provider\":{\"edit\":{\"label\":\"provider\",\"description\":\"\",\"placeholder\":\"\",\"visible\":false,\"editable\":true},\"list\":{\"label\":\"provider\",\"searchable\":true,\"sortable\":true}},\"password\":{\"edit\":{\"label\":\"password\",\"description\":\"\",\"placeholder\":\"\",\"visible\":true,\"editable\":true},\"list\":{\"label\":\"password\",\"searchable\":true,\"sortable\":true}},\"resetPasswordToken\":{\"edit\":{\"label\":\"resetPasswordToken\",\"description\":\"\",\"placeholder\":\"\",\"visible\":false,\"editable\":true},\"list\":{\"label\":\"resetPasswordToken\",\"searchable\":true,\"sortable\":true}},\"confirmationToken\":{\"edit\":{\"label\":\"confirmationToken\",\"description\":\"\",\"placeholder\":\"\",\"visible\":false,\"editable\":true},\"list\":{\"label\":\"confirmationToken\",\"searchable\":true,\"sortable\":true}},\"confirmed\":{\"edit\":{\"label\":\"confirmed\",\"description\":\"\",\"placeholder\":\"\",\"visible\":true,\"editable\":true},\"list\":{\"label\":\"confirmed\",\"searchable\":true,\"sortable\":true}},\"blocked\":{\"edit\":{\"label\":\"blocked\",\"description\":\"\",\"placeholder\":\"\",\"visible\":true,\"editable\":true},\"list\":{\"label\":\"blocked\",\"searchable\":true,\"sortable\":true}},\"role\":{\"edit\":{\"label\":\"role\",\"description\":\"\",\"placeholder\":\"\",\"visible\":true,\"editable\":true,\"mainField\":\"name\"},\"list\":{\"label\":\"role\",\"searchable\":true,\"sortable\":true}},\"sentences\":{\"edit\":{\"label\":\"sentences\",\"description\":\"\",\"placeholder\":\"\",\"visible\":true,\"editable\":true,\"mainField\":\"spanish\"},\"list\":{\"label\":\"sentences\",\"searchable\":false,\"sortable\":false}},\"cel\":{\"edit\":{\"label\":\"cel\",\"description\":\"\",\"placeholder\":\"\",\"visible\":true,\"editable\":true},\"list\":{\"label\":\"cel\",\"searchable\":true,\"sortable\":true}},\"interval\":{\"edit\":{\"label\":\"interval\",\"description\":\"\",\"placeholder\":\"\",\"visible\":true,\"editable\":true},\"list\":{\"label\":\"interval\",\"searchable\":true,\"sortable\":true}},\"createdAt\":{\"edit\":{\"label\":\"createdAt\",\"description\":\"\",\"placeholder\":\"\",\"visible\":false,\"editable\":true},\"list\":{\"label\":\"createdAt\",\"searchable\":true,\"sortable\":true}},\"updatedAt\":{\"edit\":{\"label\":\"updatedAt\",\"description\":\"\",\"placeholder\":\"\",\"visible\":false,\"editable\":true},\"list\":{\"label\":\"updatedAt\",\"searchable\":true,\"sortable\":true}},\"createdBy\":{\"edit\":{\"label\":\"createdBy\",\"description\":\"\",\"placeholder\":\"\",\"visible\":false,\"editable\":true,\"mainField\":\"firstname\"},\"list\":{\"label\":\"createdBy\",\"searchable\":true,\"sortable\":true}},\"updatedBy\":{\"edit\":{\"label\":\"updatedBy\",\"description\":\"\",\"placeholder\":\"\",\"visible\":false,\"editable\":true,\"mainField\":\"firstname\"},\"list\":{\"label\":\"updatedBy\",\"searchable\":true,\"sortable\":true}}},\"layouts\":{\"list\":[\"id\",\"username\",\"email\",\"confirmed\"],\"edit\":[[{\"name\":\"username\",\"size\":6},{\"name\":\"email\",\"size\":6}],[{\"name\":\"password\",\"size\":6},{\"name\":\"confirmed\",\"size\":4}],[{\"name\":\"blocked\",\"size\":4},{\"name\":\"role\",\"size\":6}],[{\"name\":\"sentences\",\"size\":6},{\"name\":\"cel\",\"size\":6}],[{\"name\":\"interval\",\"size\":6}]]},\"uid\":\"plugin::users-permissions.user\"}','object',NULL,NULL),(19,'plugin_upload_settings','{\"sizeOptimization\":true,\"responsiveDimensions\":true,\"autoOrientation\":false}','object',NULL,NULL),(20,'plugin_upload_view_configuration','{\"pageSize\":10,\"sort\":\"createdAt:DESC\"}','object',NULL,NULL),(21,'plugin_upload_metrics','{\"weeklySchedule\":\"58 6 23 * * 2\",\"lastWeeklyUpdate\":1731452818225}','object',NULL,NULL),(22,'plugin_i18n_default_locale','\"en\"','string',NULL,NULL),(23,'plugin_users-permissions_grant','{\"email\":{\"icon\":\"envelope\",\"enabled\":true},\"discord\":{\"icon\":\"discord\",\"enabled\":false,\"key\":\"\",\"secret\":\"\",\"callbackUrl\":\"api/v1/auth/discord/callback\",\"scope\":[\"identify\",\"email\"]},\"facebook\":{\"icon\":\"facebook-square\",\"enabled\":false,\"key\":\"\",\"secret\":\"\",\"callbackUrl\":\"api/v1/auth/facebook/callback\",\"scope\":[\"email\"]},\"google\":{\"icon\":\"google\",\"enabled\":false,\"key\":\"\",\"secret\":\"\",\"callbackUrl\":\"api/v1/auth/google/callback\",\"scope\":[\"email\"]},\"github\":{\"icon\":\"github\",\"enabled\":false,\"key\":\"\",\"secret\":\"\",\"callbackUrl\":\"api/v1/auth/github/callback\",\"scope\":[\"user\",\"user:email\"]},\"microsoft\":{\"icon\":\"windows\",\"enabled\":false,\"key\":\"\",\"secret\":\"\",\"callbackUrl\":\"api/v1/auth/microsoft/callback\",\"scope\":[\"user.read\"]},\"twitter\":{\"icon\":\"twitter\",\"enabled\":false,\"key\":\"\",\"secret\":\"\",\"callbackUrl\":\"api/v1/auth/twitter/callback\"},\"instagram\":{\"icon\":\"instagram\",\"enabled\":false,\"key\":\"\",\"secret\":\"\",\"callbackUrl\":\"api/v1/auth/instagram/callback\",\"scope\":[\"user_profile\"]},\"vk\":{\"icon\":\"vk\",\"enabled\":false,\"key\":\"\",\"secret\":\"\",\"callbackUrl\":\"api/v1/auth/vk/callback\",\"scope\":[\"email\"]},\"twitch\":{\"icon\":\"twitch\",\"enabled\":false,\"key\":\"\",\"secret\":\"\",\"callbackUrl\":\"api/v1/auth/twitch/callback\",\"scope\":[\"user:read:email\"]},\"linkedin\":{\"icon\":\"linkedin\",\"enabled\":false,\"key\":\"\",\"secret\":\"\",\"callbackUrl\":\"api/v1/auth/linkedin/callback\",\"scope\":[\"r_liteprofile\",\"r_emailaddress\"]},\"cognito\":{\"icon\":\"aws\",\"enabled\":false,\"key\":\"\",\"secret\":\"\",\"subdomain\":\"my.subdomain.com\",\"callback\":\"api/v1/auth/cognito/callback\",\"scope\":[\"email\",\"openid\",\"profile\"]},\"reddit\":{\"icon\":\"reddit\",\"enabled\":false,\"key\":\"\",\"secret\":\"\",\"callback\":\"api/v1/auth/reddit/callback\",\"scope\":[\"identity\"]},\"auth0\":{\"icon\":\"\",\"enabled\":false,\"key\":\"\",\"secret\":\"\",\"subdomain\":\"my-tenant.eu\",\"callback\":\"api/v1/auth/auth0/callback\",\"scope\":[\"openid\",\"email\",\"profile\"]},\"cas\":{\"icon\":\"book\",\"enabled\":false,\"key\":\"\",\"secret\":\"\",\"callback\":\"api/v1/auth/cas/callback\",\"scope\":[\"openid email\"],\"subdomain\":\"my.subdomain.com/cas\"},\"patreon\":{\"icon\":\"\",\"enabled\":false,\"key\":\"\",\"secret\":\"\",\"callback\":\"api/v1/auth/patreon/callback\",\"scope\":[\"identity\",\"identity[email]\"]},\"keycloack\":{\"icon\":\"\",\"enabled\":false,\"key\":\"\",\"secret\":\"\",\"subdomain\":\"myKeycloakProvider.com/realms/myrealm\",\"callback\":\"api/v1/auth/keycloak/callback\",\"scope\":[\"openid\",\"email\",\"profile\"]}}','object',NULL,NULL),(24,'plugin_users-permissions_email','{\"reset_password\":{\"display\":\"Email.template.reset_password\",\"icon\":\"sync\",\"options\":{\"from\":{\"name\":\"Administration Panel\",\"email\":\"no-reply@strapi.io\"},\"response_email\":\"\",\"object\":\"Reset password\",\"message\":\"<p>We heard that you lost your password. Sorry about that!</p>\\n\\n<p>But don’t worry! You can use the following link to reset your password:</p>\\n<p><%= URL %>?code=<%= TOKEN %></p>\\n\\n<p>Thanks.</p>\"}},\"email_confirmation\":{\"display\":\"Email.template.email_confirmation\",\"icon\":\"check-square\",\"options\":{\"from\":{\"name\":\"Administration Panel\",\"email\":\"no-reply@strapi.io\"},\"response_email\":\"\",\"object\":\"Account confirmation\",\"message\":\"<p>Thank you for registering!</p>\\n\\n<p>You have to confirm your email address. Please click on the link below.</p>\\n\\n<p><%= URL %>?confirmation=<%= CODE %></p>\\n\\n<p>Thanks.</p>\"}}}','object',NULL,NULL),(25,'plugin_users-permissions_advanced','{\"unique_email\":true,\"allow_register\":true,\"email_confirmation\":false,\"email_reset_password\":null,\"email_confirmation_redirection\":null,\"default_role\":\"authenticated\"}','object',NULL,NULL),(26,'core_admin_auth','{\"providers\":{\"autoRegister\":false,\"defaultRole\":null,\"ssoLockedRoles\":null}}','object',NULL,NULL),(28,'plugin_content_manager_configuration_content_types::api::sentence.sentence','{\"settings\":{\"bulkable\":true,\"filterable\":true,\"searchable\":true,\"pageSize\":10,\"mainField\":\"spanish\",\"defaultSortBy\":\"spanish\",\"defaultSortOrder\":\"ASC\"},\"metadatas\":{\"id\":{\"edit\":{},\"list\":{\"label\":\"id\",\"searchable\":true,\"sortable\":true}},\"spanish\":{\"edit\":{\"label\":\"spanish\",\"description\":\"\",\"placeholder\":\"\",\"visible\":true,\"editable\":true},\"list\":{\"label\":\"spanish\",\"searchable\":true,\"sortable\":true}},\"english\":{\"edit\":{\"label\":\"english\",\"description\":\"\",\"placeholder\":\"\",\"visible\":true,\"editable\":true},\"list\":{\"label\":\"english\",\"searchable\":true,\"sortable\":true}},\"user\":{\"edit\":{\"label\":\"user\",\"description\":\"\",\"placeholder\":\"\",\"visible\":true,\"editable\":true,\"mainField\":\"username\"},\"list\":{\"label\":\"user\",\"searchable\":true,\"sortable\":true}},\"createdAt\":{\"edit\":{\"label\":\"createdAt\",\"description\":\"\",\"placeholder\":\"\",\"visible\":false,\"editable\":true},\"list\":{\"label\":\"createdAt\",\"searchable\":true,\"sortable\":true}},\"updatedAt\":{\"edit\":{\"label\":\"updatedAt\",\"description\":\"\",\"placeholder\":\"\",\"visible\":false,\"editable\":true},\"list\":{\"label\":\"updatedAt\",\"searchable\":true,\"sortable\":true}},\"createdBy\":{\"edit\":{\"label\":\"createdBy\",\"description\":\"\",\"placeholder\":\"\",\"visible\":false,\"editable\":true,\"mainField\":\"firstname\"},\"list\":{\"label\":\"createdBy\",\"searchable\":true,\"sortable\":true}},\"updatedBy\":{\"edit\":{\"label\":\"updatedBy\",\"description\":\"\",\"placeholder\":\"\",\"visible\":false,\"editable\":true,\"mainField\":\"firstname\"},\"list\":{\"label\":\"updatedBy\",\"searchable\":true,\"sortable\":true}}},\"layouts\":{\"list\":[\"id\",\"spanish\",\"english\",\"createdAt\"],\"edit\":[[{\"name\":\"spanish\",\"size\":6},{\"name\":\"english\",\"size\":6}],[{\"name\":\"user\",\"size\":6}]]},\"uid\":\"api::sentence.sentence\"}','object',NULL,NULL),(29,'plugin_content_manager_configuration_content_types::api::invalid-list.invalid-list','{\"settings\":{\"bulkable\":true,\"filterable\":true,\"searchable\":true,\"pageSize\":10,\"mainField\":\"id\",\"defaultSortBy\":\"id\",\"defaultSortOrder\":\"ASC\"},\"metadatas\":{\"id\":{\"edit\":{},\"list\":{\"label\":\"id\",\"searchable\":true,\"sortable\":true}},\"list\":{\"edit\":{\"label\":\"list\",\"description\":\"\",\"placeholder\":\"\",\"visible\":true,\"editable\":true},\"list\":{\"label\":\"list\",\"searchable\":false,\"sortable\":false}},\"user\":{\"edit\":{\"label\":\"user\",\"description\":\"\",\"placeholder\":\"\",\"visible\":true,\"editable\":true,\"mainField\":\"username\"},\"list\":{\"label\":\"user\",\"searchable\":true,\"sortable\":true}},\"createdAt\":{\"edit\":{\"label\":\"createdAt\",\"description\":\"\",\"placeholder\":\"\",\"visible\":false,\"editable\":true},\"list\":{\"label\":\"createdAt\",\"searchable\":true,\"sortable\":true}},\"updatedAt\":{\"edit\":{\"label\":\"updatedAt\",\"description\":\"\",\"placeholder\":\"\",\"visible\":false,\"editable\":true},\"list\":{\"label\":\"updatedAt\",\"searchable\":true,\"sortable\":true}},\"createdBy\":{\"edit\":{\"label\":\"createdBy\",\"description\":\"\",\"placeholder\":\"\",\"visible\":false,\"editable\":true,\"mainField\":\"firstname\"},\"list\":{\"label\":\"createdBy\",\"searchable\":true,\"sortable\":true}},\"updatedBy\":{\"edit\":{\"label\":\"updatedBy\",\"description\":\"\",\"placeholder\":\"\",\"visible\":false,\"editable\":true,\"mainField\":\"firstname\"},\"list\":{\"label\":\"updatedBy\",\"searchable\":true,\"sortable\":true}}},\"layouts\":{\"list\":[\"id\",\"createdAt\",\"updatedAt\",\"createdBy\"],\"edit\":[[{\"name\":\"list\",\"size\":12}],[{\"name\":\"user\",\"size\":6}]]},\"uid\":\"api::invalid-list.invalid-list\"}','object',NULL,NULL);
/*!40000 ALTER TABLE `strapi_core_store_settings` ENABLE KEYS */;
UNLOCK TABLES;

--
-- Table structure for table `strapi_database_schema`
--

DROP TABLE IF EXISTS `strapi_database_schema`;
/*!40101 SET @saved_cs_client     = @@character_set_client */;
/*!50503 SET character_set_client = utf8mb4 */;
CREATE TABLE `strapi_database_schema` (
  `id` int unsigned NOT NULL AUTO_INCREMENT,
  `schema` json DEFAULT NULL,
  `time` datetime DEFAULT NULL,
  `hash` varchar(255) DEFAULT NULL,
  PRIMARY KEY (`id`)
) ENGINE=InnoDB AUTO_INCREMENT=12 DEFAULT CHARSET=utf8mb4 COLLATE=utf8mb4_0900_ai_ci;
/*!40101 SET character_set_client = @saved_cs_client */;

--
-- Dumping data for table `strapi_database_schema`
--

LOCK TABLES `strapi_database_schema` WRITE;
/*!40000 ALTER TABLE `strapi_database_schema` DISABLE KEYS */;
INSERT INTO `strapi_database_schema` VALUES (11,'{\"tables\": [{\"name\": \"invalid_lists\", \"columns\": [{\"args\": [{\"primary\": true, \"primaryKey\": true}], \"name\": \"id\", \"type\": \"increments\", \"unsigned\": false, \"defaultTo\": null, \"notNullable\": true}, {\"args\": [], \"name\": \"document_id\", \"type\": \"string\", \"unsigned\": false, \"defaultTo\": null, \"notNullable\": false}, {\"args\": [], \"name\": \"list\", \"type\": \"jsonb\", \"unsigned\": false, \"defaultTo\": null, \"notNullable\": false}, {\"args\": [{\"useTz\": false, \"precision\": 6}], \"name\": \"created_at\", \"type\": \"datetime\", \"unsigned\": false, \"defaultTo\": null, \"notNullable\": false}, {\"args\": [{\"useTz\": false, \"precision\": 6}], \"name\": \"updated_at\", \"type\": \"datetime\", \"unsigned\": false, \"defaultTo\": null, \"notNullable\": false}, {\"args\": [{\"useTz\": false, \"precision\": 6}], \"name\": \"published_at\", \"type\": \"datetime\", \"unsigned\": false, \"defaultTo\": null, \"notNullable\": false}, {\"args\": [], \"name\": \"created_by_id\", \"type\": \"integer\", \"unsigned\": true, \"defaultTo\": null, \"notNullable\": false}, {\"args\": [], \"name\": \"updated_by_id\", \"type\": \"integer\", \"unsigned\": true, \"defaultTo\": null, \"notNullable\": false}, {\"args\": [], \"name\": \"locale\", \"type\": \"string\", \"unsigned\": false, \"defaultTo\": null, \"notNullable\": false}], \"indexes\": [{\"name\": \"invalid_lists_documents_idx\", \"columns\": [\"document_id\", \"locale\", \"published_at\"]}, {\"name\": \"invalid_lists_created_by_id_fk\", \"columns\": [\"created_by_id\"]}, {\"name\": \"invalid_lists_updated_by_id_fk\", \"columns\": [\"updated_by_id\"]}], \"foreignKeys\": [{\"name\": \"invalid_lists_created_by_id_fk\", \"columns\": [\"created_by_id\"], \"onDelete\": \"SET NULL\", \"referencedTable\": \"admin_users\", \"referencedColumns\": [\"id\"]}, {\"name\": \"invalid_lists_updated_by_id_fk\", \"columns\": [\"updated_by_id\"], \"onDelete\": \"SET NULL\", \"referencedTable\": \"admin_users\", \"referencedColumns\": [\"id\"]}]}, {\"name\": \"sentences\", \"columns\": [{\"args\": [{\"primary\": true, \"primaryKey\": true}], \"name\": \"id\", \"type\": \"increments\", \"unsigned\": false, \"defaultTo\": null, \"notNullable\": true}, {\"args\": [], \"name\": \"document_id\", \"type\": \"string\", \"unsigned\": false, \"defaultTo\": null, \"notNullable\": false}, {\"args\": [], \"name\": \"spanish\", \"type\": \"string\", \"unsigned\": false, \"defaultTo\": null, \"notNullable\": false}, {\"args\": [], \"name\": \"english\", \"type\": \"string\", \"unsigned\": false, \"defaultTo\": null, \"notNullable\": false}, {\"args\": [{\"useTz\": false, \"precision\": 6}], \"name\": \"created_at\", \"type\": \"datetime\", \"unsigned\": false, \"defaultTo\": null, \"notNullable\": false}, {\"args\": [{\"useTz\": false, \"precision\": 6}], \"name\": \"updated_at\", \"type\": \"datetime\", \"unsigned\": false, \"defaultTo\": null, \"notNullable\": false}, {\"args\": [{\"useTz\": false, \"precision\": 6}], \"name\": \"published_at\", \"type\": \"datetime\", \"unsigned\": false, \"defaultTo\": null, \"notNullable\": false}, {\"args\": [], \"name\": \"created_by_id\", \"type\": \"integer\", \"unsigned\": true, \"defaultTo\": null, \"notNullable\": false}, {\"args\": [], \"name\": \"updated_by_id\", \"type\": \"integer\", \"unsigned\": true, \"defaultTo\": null, \"notNullable\": false}, {\"args\": [], \"name\": \"locale\", \"type\": \"string\", \"unsigned\": false, \"defaultTo\": null, \"notNullable\": false}], \"indexes\": [{\"name\": \"sentences_documents_idx\", \"columns\": [\"document_id\", \"locale\", \"published_at\"]}, {\"name\": \"sentences_created_by_id_fk\", \"columns\": [\"created_by_id\"]}, {\"name\": \"sentences_updated_by_id_fk\", \"columns\": [\"updated_by_id\"]}], \"foreignKeys\": [{\"name\": \"sentences_created_by_id_fk\", \"columns\": [\"created_by_id\"], \"onDelete\": \"SET NULL\", \"referencedTable\": \"admin_users\", \"referencedColumns\": [\"id\"]}, {\"name\": \"sentences_updated_by_id_fk\", \"columns\": [\"updated_by_id\"], \"onDelete\": \"SET NULL\", \"referencedTable\": \"admin_users\", \"referencedColumns\": [\"id\"]}]}, {\"name\": \"files\", \"columns\": [{\"args\": [{\"primary\": true, \"primaryKey\": true}], \"name\": \"id\", \"type\": \"increments\", \"unsigned\": false, \"defaultTo\": null, \"notNullable\": true}, {\"args\": [], \"name\": \"document_id\", \"type\": \"string\", \"unsigned\": false, \"defaultTo\": null, \"notNullable\": false}, {\"args\": [], \"name\": \"name\", \"type\": \"string\", \"unsigned\": false, \"defaultTo\": null, \"notNullable\": false}, {\"args\": [], \"name\": \"alternative_text\", \"type\": \"string\", \"unsigned\": false, \"defaultTo\": null, \"notNullable\": false}, {\"args\": [], \"name\": \"caption\", \"type\": \"string\", \"unsigned\": false, \"defaultTo\": null, \"notNullable\": false}, {\"args\": [], \"name\": \"width\", \"type\": \"integer\", \"unsigned\": false, \"defaultTo\": null, \"notNullable\": false}, {\"args\": [], \"name\": \"height\", \"type\": \"integer\", \"unsigned\": false, \"defaultTo\": null, \"notNullable\": false}, {\"args\": [], \"name\": \"formats\", \"type\": \"jsonb\", \"unsigned\": false, \"defaultTo\": null, \"notNullable\": false}, {\"args\": [], \"name\": \"hash\", \"type\": \"string\", \"unsigned\": false, \"defaultTo\": null, \"notNullable\": false}, {\"args\": [], \"name\": \"ext\", \"type\": \"string\", \"unsigned\": false, \"defaultTo\": null, \"notNullable\": false}, {\"args\": [], \"name\": \"mime\", \"type\": \"string\", \"unsigned\": false, \"defaultTo\": null, \"notNullable\": false}, {\"args\": [10, 2], \"name\": \"size\", \"type\": \"decimal\", \"unsigned\": false, \"defaultTo\": null, \"notNullable\": false}, {\"args\": [], \"name\": \"url\", \"type\": \"string\", \"unsigned\": false, \"defaultTo\": null, \"notNullable\": false}, {\"args\": [], \"name\": \"preview_url\", \"type\": \"string\", \"unsigned\": false, \"defaultTo\": null, \"notNullable\": false}, {\"args\": [], \"name\": \"provider\", \"type\": \"string\", \"unsigned\": false, \"defaultTo\": null, \"notNullable\": false}, {\"args\": [], \"name\": \"provider_metadata\", \"type\": \"jsonb\", \"unsigned\": false, \"defaultTo\": null, \"notNullable\": false}, {\"args\": [], \"name\": \"folder_path\", \"type\": \"string\", \"unsigned\": false, \"defaultTo\": null, \"notNullable\": false}, {\"args\": [{\"useTz\": false, \"precision\": 6}], \"name\": \"created_at\", \"type\": \"datetime\", \"unsigned\": false, \"defaultTo\": null, \"notNullable\": false}, {\"args\": [{\"useTz\": false, \"precision\": 6}], \"name\": \"updated_at\", \"type\": \"datetime\", \"unsigned\": false, \"defaultTo\": null, \"notNullable\": false}, {\"args\": [{\"useTz\": false, \"precision\": 6}], \"name\": \"published_at\", \"type\": \"datetime\", \"unsigned\": false, \"defaultTo\": null, \"notNullable\": false}, {\"args\": [], \"name\": \"created_by_id\", \"type\": \"integer\", \"unsigned\": true, \"defaultTo\": null, \"notNullable\": false}, {\"args\": [], \"name\": \"updated_by_id\", \"type\": \"integer\", \"unsigned\": true, \"defaultTo\": null, \"notNullable\": false}, {\"args\": [], \"name\": \"locale\", \"type\": \"string\", \"unsigned\": false, \"defaultTo\": null, \"notNullable\": false}], \"indexes\": [{\"name\": \"upload_files_folder_path_index\", \"type\": null, \"columns\": [\"folder_path\"]}, {\"name\": \"upload_files_created_at_index\", \"type\": null, \"columns\": [\"created_at\"]}, {\"name\": \"upload_files_updated_at_index\", \"type\": null, \"columns\": [\"updated_at\"]}, {\"name\": \"upload_files_name_index\", \"type\": null, \"columns\": [\"name\"]}, {\"name\": \"upload_files_size_index\", \"type\": null, \"columns\": [\"size\"]}, {\"name\": \"upload_files_ext_index\", \"type\": null, \"columns\": [\"ext\"]}, {\"name\": \"files_documents_idx\", \"columns\": [\"document_id\", \"locale\", \"published_at\"]}, {\"name\": \"files_created_by_id_fk\", \"columns\": [\"created_by_id\"]}, {\"name\": \"files_updated_by_id_fk\", \"columns\": [\"updated_by_id\"]}], \"foreignKeys\": [{\"name\": \"files_created_by_id_fk\", \"columns\": [\"created_by_id\"], \"onDelete\": \"SET NULL\", \"referencedTable\": \"admin_users\", \"referencedColumns\": [\"id\"]}, {\"name\": \"files_updated_by_id_fk\", \"columns\": [\"updated_by_id\"], \"onDelete\": \"SET NULL\", \"referencedTable\": \"admin_users\", \"referencedColumns\": [\"id\"]}]}, {\"name\": \"upload_folders\", \"columns\": [{\"args\": [{\"primary\": true, \"primaryKey\": true}], \"name\": \"id\", \"type\": \"increments\", \"unsigned\": false, \"defaultTo\": null, \"notNullable\": true}, {\"args\": [], \"name\": \"document_id\", \"type\": \"string\", \"unsigned\": false, \"defaultTo\": null, \"notNullable\": false}, {\"args\": [], \"name\": \"name\", \"type\": \"string\", \"unsigned\": false, \"defaultTo\": null, \"notNullable\": false}, {\"args\": [], \"name\": \"path_id\", \"type\": \"integer\", \"unsigned\": false, \"defaultTo\": null, \"notNullable\": false}, {\"args\": [], \"name\": \"path\", \"type\": \"string\", \"unsigned\": false, \"defaultTo\": null, \"notNullable\": false}, {\"args\": [{\"useTz\": false, \"precision\": 6}], \"name\": \"created_at\", \"type\": \"datetime\", \"unsigned\": false, \"defaultTo\": null, \"notNullable\": false}, {\"args\": [{\"useTz\": false, \"precision\": 6}], \"name\": \"updated_at\", \"type\": \"datetime\", \"unsigned\": false, \"defaultTo\": null, \"notNullable\": false}, {\"args\": [{\"useTz\": false, \"precision\": 6}], \"name\": \"published_at\", \"type\": \"datetime\", \"unsigned\": false, \"defaultTo\": null, \"notNullable\": false}, {\"args\": [], \"name\": \"created_by_id\", \"type\": \"integer\", \"unsigned\": true, \"defaultTo\": null, \"notNullable\": false}, {\"args\": [], \"name\": \"updated_by_id\", \"type\": \"integer\", \"unsigned\": true, \"defaultTo\": null, \"notNullable\": false}, {\"args\": [], \"name\": \"locale\", \"type\": \"string\", \"unsigned\": false, \"defaultTo\": null, \"notNullable\": false}], \"indexes\": [{\"name\": \"upload_folders_path_id_index\", \"type\": \"unique\", \"columns\": [\"path_id\"]}, {\"name\": \"upload_folders_path_index\", \"type\": \"unique\", \"columns\": [\"path\"]}, {\"name\": \"upload_folders_documents_idx\", \"columns\": [\"document_id\", \"locale\", \"published_at\"]}, {\"name\": \"upload_folders_created_by_id_fk\", \"columns\": [\"created_by_id\"]}, {\"name\": \"upload_folders_updated_by_id_fk\", \"columns\": [\"updated_by_id\"]}], \"foreignKeys\": [{\"name\": \"upload_folders_created_by_id_fk\", \"columns\": [\"created_by_id\"], \"onDelete\": \"SET NULL\", \"referencedTable\": \"admin_users\", \"referencedColumns\": [\"id\"]}, {\"name\": \"upload_folders_updated_by_id_fk\", \"columns\": [\"updated_by_id\"], \"onDelete\": \"SET NULL\", \"referencedTable\": \"admin_users\", \"referencedColumns\": [\"id\"]}]}, {\"name\": \"i18n_locale\", \"columns\": [{\"args\": [{\"primary\": true, \"primaryKey\": true}], \"name\": \"id\", \"type\": \"increments\", \"unsigned\": false, \"defaultTo\": null, \"notNullable\": true}, {\"args\": [], \"name\": \"document_id\", \"type\": \"string\", \"unsigned\": false, \"defaultTo\": null, \"notNullable\": false}, {\"args\": [], \"name\": \"name\", \"type\": \"string\", \"unsigned\": false, \"defaultTo\": null, \"notNullable\": false}, {\"args\": [], \"name\": \"code\", \"type\": \"string\", \"unsigned\": false, \"defaultTo\": null, \"notNullable\": false}, {\"args\": [{\"useTz\": false, \"precision\": 6}], \"name\": \"created_at\", \"type\": \"datetime\", \"unsigned\": false, \"defaultTo\": null, \"notNullable\": false}, {\"args\": [{\"useTz\": false, \"precision\": 6}], \"name\": \"updated_at\", \"type\": \"datetime\", \"unsigned\": false, \"defaultTo\": null, \"notNullable\": false}, {\"args\": [{\"useTz\": false, \"precision\": 6}], \"name\": \"published_at\", \"type\": \"datetime\", \"unsigned\": false, \"defaultTo\": null, \"notNullable\": false}, {\"args\": [], \"name\": \"created_by_id\", \"type\": \"integer\", \"unsigned\": true, \"defaultTo\": null, \"notNullable\": false}, {\"args\": [], \"name\": \"updated_by_id\", \"type\": \"integer\", \"unsigned\": true, \"defaultTo\": null, \"notNullable\": false}, {\"args\": [], \"name\": \"locale\", \"type\": \"string\", \"unsigned\": false, \"defaultTo\": null, \"notNullable\": false}], \"indexes\": [{\"name\": \"i18n_locale_documents_idx\", \"columns\": [\"document_id\", \"locale\", \"published_at\"]}, {\"name\": \"i18n_locale_created_by_id_fk\", \"columns\": [\"created_by_id\"]}, {\"name\": \"i18n_locale_updated_by_id_fk\", \"columns\": [\"updated_by_id\"]}], \"foreignKeys\": [{\"name\": \"i18n_locale_created_by_id_fk\", \"columns\": [\"created_by_id\"], \"onDelete\": \"SET NULL\", \"referencedTable\": \"admin_users\", \"referencedColumns\": [\"id\"]}, {\"name\": \"i18n_locale_updated_by_id_fk\", \"columns\": [\"updated_by_id\"], \"onDelete\": \"SET NULL\", \"referencedTable\": \"admin_users\", \"referencedColumns\": [\"id\"]}]}, {\"name\": \"strapi_releases\", \"columns\": [{\"args\": [{\"primary\": true, \"primaryKey\": true}], \"name\": \"id\", \"type\": \"increments\", \"unsigned\": false, \"defaultTo\": null, \"notNullable\": true}, {\"args\": [], \"name\": \"document_id\", \"type\": \"string\", \"unsigned\": false, \"defaultTo\": null, \"notNullable\": false}, {\"args\": [], \"name\": \"name\", \"type\": \"string\", \"unsigned\": false, \"defaultTo\": null, \"notNullable\": false}, {\"args\": [{\"useTz\": false, \"precision\": 6}], \"name\": \"released_at\", \"type\": \"datetime\", \"unsigned\": false, \"defaultTo\": null, \"notNullable\": false}, {\"args\": [{\"useTz\": false, \"precision\": 6}], \"name\": \"scheduled_at\", \"type\": \"datetime\", \"unsigned\": false, \"defaultTo\": null, \"notNullable\": false}, {\"args\": [], \"name\": \"timezone\", \"type\": \"string\", \"unsigned\": false, \"defaultTo\": null, \"notNullable\": false}, {\"args\": [], \"name\": \"status\", \"type\": \"string\", \"unsigned\": false, \"defaultTo\": null, \"notNullable\": false}, {\"args\": [{\"useTz\": false, \"precision\": 6}], \"name\": \"created_at\", \"type\": \"datetime\", \"unsigned\": false, \"defaultTo\": null, \"notNullable\": false}, {\"args\": [{\"useTz\": false, \"precision\": 6}], \"name\": \"updated_at\", \"type\": \"datetime\", \"unsigned\": false, \"defaultTo\": null, \"notNullable\": false}, {\"args\": [{\"useTz\": false, \"precision\": 6}], \"name\": \"published_at\", \"type\": \"datetime\", \"unsigned\": false, \"defaultTo\": null, \"notNullable\": false}, {\"args\": [], \"name\": \"created_by_id\", \"type\": \"integer\", \"unsigned\": true, \"defaultTo\": null, \"notNullable\": false}, {\"args\": [], \"name\": \"updated_by_id\", \"type\": \"integer\", \"unsigned\": true, \"defaultTo\": null, \"notNullable\": false}, {\"args\": [], \"name\": \"locale\", \"type\": \"string\", \"unsigned\": false, \"defaultTo\": null, \"notNullable\": false}], \"indexes\": [{\"name\": \"strapi_releases_documents_idx\", \"columns\": [\"document_id\", \"locale\", \"published_at\"]}, {\"name\": \"strapi_releases_created_by_id_fk\", \"columns\": [\"created_by_id\"]}, {\"name\": \"strapi_releases_updated_by_id_fk\", \"columns\": [\"updated_by_id\"]}], \"foreignKeys\": [{\"name\": \"strapi_releases_created_by_id_fk\", \"columns\": [\"created_by_id\"], \"onDelete\": \"SET NULL\", \"referencedTable\": \"admin_users\", \"referencedColumns\": [\"id\"]}, {\"name\": \"strapi_releases_updated_by_id_fk\", \"columns\": [\"updated_by_id\"], \"onDelete\": \"SET NULL\", \"referencedTable\": \"admin_users\", \"referencedColumns\": [\"id\"]}]}, {\"name\": \"strapi_release_actions\", \"columns\": [{\"args\": [{\"primary\": true, \"primaryKey\": true}], \"name\": \"id\", \"type\": \"increments\", \"unsigned\": false, \"defaultTo\": null, \"notNullable\": true}, {\"args\": [], \"name\": \"document_id\", \"type\": \"string\", \"unsigned\": false, \"defaultTo\": null, \"notNullable\": false}, {\"args\": [], \"name\": \"type\", \"type\": \"string\", \"unsigned\": false, \"defaultTo\": null, \"notNullable\": false}, {\"args\": [], \"name\": \"content_type\", \"type\": \"string\", \"unsigned\": false, \"defaultTo\": null, \"notNullable\": false}, {\"args\": [], \"name\": \"entry_document_id\", \"type\": \"string\", \"unsigned\": false, \"defaultTo\": null, \"notNullable\": false}, {\"args\": [], \"name\": \"locale\", \"type\": \"string\", \"unsigned\": false, \"defaultTo\": null, \"notNullable\": false}, {\"args\": [], \"name\": \"is_entry_valid\", \"type\": \"boolean\", \"unsigned\": false, \"defaultTo\": null, \"notNullable\": false}, {\"args\": [{\"useTz\": false, \"precision\": 6}], \"name\": \"created_at\", \"type\": \"datetime\", \"unsigned\": false, \"defaultTo\": null, \"notNullable\": false}, {\"args\": [{\"useTz\": false, \"precision\": 6}], \"name\": \"updated_at\", \"type\": \"datetime\", \"unsigned\": false, \"defaultTo\": null, \"notNullable\": false}, {\"args\": [{\"useTz\": false, \"precision\": 6}], \"name\": \"published_at\", \"type\": \"datetime\", \"unsigned\": false, \"defaultTo\": null, \"notNullable\": false}, {\"args\": [], \"name\": \"created_by_id\", \"type\": \"integer\", \"unsigned\": true, \"defaultTo\": null, \"notNullable\": false}, {\"args\": [], \"name\": \"updated_by_id\", \"type\": \"integer\", \"unsigned\": true, \"defaultTo\": null, \"notNullable\": false}], \"indexes\": [{\"name\": \"strapi_release_actions_documents_idx\", \"columns\": [\"document_id\", \"locale\", \"published_at\"]}, {\"name\": \"strapi_release_actions_created_by_id_fk\", \"columns\": [\"created_by_id\"]}, {\"name\": \"strapi_release_actions_updated_by_id_fk\", \"columns\": [\"updated_by_id\"]}], \"foreignKeys\": [{\"name\": \"strapi_release_actions_created_by_id_fk\", \"columns\": [\"created_by_id\"], \"onDelete\": \"SET NULL\", \"referencedTable\": \"admin_users\", \"referencedColumns\": [\"id\"]}, {\"name\": \"strapi_release_actions_updated_by_id_fk\", \"columns\": [\"updated_by_id\"], \"onDelete\": \"SET NULL\", \"referencedTable\": \"admin_users\", \"referencedColumns\": [\"id\"]}]}, {\"name\": \"strapi_workflows\", \"columns\": [{\"args\": [{\"primary\": true, \"primaryKey\": true}], \"name\": \"id\", \"type\": \"increments\", \"unsigned\": false, \"defaultTo\": null, \"notNullable\": true}, {\"args\": [], \"name\": \"document_id\", \"type\": \"string\", \"unsigned\": false, \"defaultTo\": null, \"notNullable\": false}, {\"args\": [], \"name\": \"name\", \"type\": \"string\", \"unsigned\": false, \"defaultTo\": null, \"notNullable\": false}, {\"args\": [], \"name\": \"content_types\", \"type\": \"jsonb\", \"unsigned\": false, \"defaultTo\": null, \"notNullable\": false}, {\"args\": [{\"useTz\": false, \"precision\": 6}], \"name\": \"created_at\", \"type\": \"datetime\", \"unsigned\": false, \"defaultTo\": null, \"notNullable\": false}, {\"args\": [{\"useTz\": false, \"precision\": 6}], \"name\": \"updated_at\", \"type\": \"datetime\", \"unsigned\": false, \"defaultTo\": null, \"notNullable\": false}, {\"args\": [{\"useTz\": false, \"precision\": 6}], \"name\": \"published_at\", \"type\": \"datetime\", \"unsigned\": false, \"defaultTo\": null, \"notNullable\": false}, {\"args\": [], \"name\": \"created_by_id\", \"type\": \"integer\", \"unsigned\": true, \"defaultTo\": null, \"notNullable\": false}, {\"args\": [], \"name\": \"updated_by_id\", \"type\": \"integer\", \"unsigned\": true, \"defaultTo\": null, \"notNullable\": false}, {\"args\": [], \"name\": \"locale\", \"type\": \"string\", \"unsigned\": false, \"defaultTo\": null, \"notNullable\": false}], \"indexes\": [{\"name\": \"strapi_workflows_documents_idx\", \"columns\": [\"document_id\", \"locale\", \"published_at\"]}, {\"name\": \"strapi_workflows_created_by_id_fk\", \"columns\": [\"created_by_id\"]}, {\"name\": \"strapi_workflows_updated_by_id_fk\", \"columns\": [\"updated_by_id\"]}], \"foreignKeys\": [{\"name\": \"strapi_workflows_created_by_id_fk\", \"columns\": [\"created_by_id\"], \"onDelete\": \"SET NULL\", \"referencedTable\": \"admin_users\", \"referencedColumns\": [\"id\"]}, {\"name\": \"strapi_workflows_updated_by_id_fk\", \"columns\": [\"updated_by_id\"], \"onDelete\": \"SET NULL\", \"referencedTable\": \"admin_users\", \"referencedColumns\": [\"id\"]}]}, {\"name\": \"strapi_workflows_stages\", \"columns\": [{\"args\": [{\"primary\": true, \"primaryKey\": true}], \"name\": \"id\", \"type\": \"increments\", \"unsigned\": false, \"defaultTo\": null, \"notNullable\": true}, {\"args\": [], \"name\": \"document_id\", \"type\": \"string\", \"unsigned\": false, \"defaultTo\": null, \"notNullable\": false}, {\"args\": [], \"name\": \"name\", \"type\": \"string\", \"unsigned\": false, \"defaultTo\": null, \"notNullable\": false}, {\"args\": [], \"name\": \"color\", \"type\": \"string\", \"unsigned\": false, \"defaultTo\": null, \"notNullable\": false}, {\"args\": [{\"useTz\": false, \"precision\": 6}], \"name\": \"created_at\", \"type\": \"datetime\", \"unsigned\": false, \"defaultTo\": null, \"notNullable\": false}, {\"args\": [{\"useTz\": false, \"precision\": 6}], \"name\": \"updated_at\", \"type\": \"datetime\", \"unsigned\": false, \"defaultTo\": null, \"notNullable\": false}, {\"args\": [{\"useTz\": false, \"precision\": 6}], \"name\": \"published_at\", \"type\": \"datetime\", \"unsigned\": false, \"defaultTo\": null, \"notNullable\": false}, {\"args\": [], \"name\": \"created_by_id\", \"type\": \"integer\", \"unsigned\": true, \"defaultTo\": null, \"notNullable\": false}, {\"args\": [], \"name\": \"updated_by_id\", \"type\": \"integer\", \"unsigned\": true, \"defaultTo\": null, \"notNullable\": false}, {\"args\": [], \"name\": \"locale\", \"type\": \"string\", \"unsigned\": false, \"defaultTo\": null, \"notNullable\": false}], \"indexes\": [{\"name\": \"strapi_workflows_stages_documents_idx\", \"columns\": [\"document_id\", \"locale\", \"published_at\"]}, {\"name\": \"strapi_workflows_stages_created_by_id_fk\", \"columns\": [\"created_by_id\"]}, {\"name\": \"strapi_workflows_stages_updated_by_id_fk\", \"columns\": [\"updated_by_id\"]}], \"foreignKeys\": [{\"name\": \"strapi_workflows_stages_created_by_id_fk\", \"columns\": [\"created_by_id\"], \"onDelete\": \"SET NULL\", \"referencedTable\": \"admin_users\", \"referencedColumns\": [\"id\"]}, {\"name\": \"strapi_workflows_stages_updated_by_id_fk\", \"columns\": [\"updated_by_id\"], \"onDelete\": \"SET NULL\", \"referencedTable\": \"admin_users\", \"referencedColumns\": [\"id\"]}]}, {\"name\": \"up_permissions\", \"columns\": [{\"args\": [{\"primary\": true, \"primaryKey\": true}], \"name\": \"id\", \"type\": \"increments\", \"unsigned\": false, \"defaultTo\": null, \"notNullable\": true}, {\"args\": [], \"name\": \"document_id\", \"type\": \"string\", \"unsigned\": false, \"defaultTo\": null, \"notNullable\": false}, {\"args\": [], \"name\": \"action\", \"type\": \"string\", \"unsigned\": false, \"defaultTo\": null, \"notNullable\": false}, {\"args\": [{\"useTz\": false, \"precision\": 6}], \"name\": \"created_at\", \"type\": \"datetime\", \"unsigned\": false, \"defaultTo\": null, \"notNullable\": false}, {\"args\": [{\"useTz\": false, \"precision\": 6}], \"name\": \"updated_at\", \"type\": \"datetime\", \"unsigned\": false, \"defaultTo\": null, \"notNullable\": false}, {\"args\": [{\"useTz\": false, \"precision\": 6}], \"name\": \"published_at\", \"type\": \"datetime\", \"unsigned\": false, \"defaultTo\": null, \"notNullable\": false}, {\"args\": [], \"name\": \"created_by_id\", \"type\": \"integer\", \"unsigned\": true, \"defaultTo\": null, \"notNullable\": false}, {\"args\": [], \"name\": \"updated_by_id\", \"type\": \"integer\", \"unsigned\": true, \"defaultTo\": null, \"notNullable\": false}, {\"args\": [], \"name\": \"locale\", \"type\": \"string\", \"unsigned\": false, \"defaultTo\": null, \"notNullable\": false}], \"indexes\": [{\"name\": \"up_permissions_documents_idx\", \"columns\": [\"document_id\", \"locale\", \"published_at\"]}, {\"name\": \"up_permissions_created_by_id_fk\", \"columns\": [\"created_by_id\"]}, {\"name\": \"up_permissions_updated_by_id_fk\", \"columns\": [\"updated_by_id\"]}], \"foreignKeys\": [{\"name\": \"up_permissions_created_by_id_fk\", \"columns\": [\"created_by_id\"], \"onDelete\": \"SET NULL\", \"referencedTable\": \"admin_users\", \"referencedColumns\": [\"id\"]}, {\"name\": \"up_permissions_updated_by_id_fk\", \"columns\": [\"updated_by_id\"], \"onDelete\": \"SET NULL\", \"referencedTable\": \"admin_users\", \"referencedColumns\": [\"id\"]}]}, {\"name\": \"up_roles\", \"columns\": [{\"args\": [{\"primary\": true, \"primaryKey\": true}], \"name\": \"id\", \"type\": \"increments\", \"unsigned\": false, \"defaultTo\": null, \"notNullable\": true}, {\"args\": [], \"name\": \"document_id\", \"type\": \"string\", \"unsigned\": false, \"defaultTo\": null, \"notNullable\": false}, {\"args\": [], \"name\": \"name\", \"type\": \"string\", \"unsigned\": false, \"defaultTo\": null, \"notNullable\": false}, {\"args\": [], \"name\": \"description\", \"type\": \"string\", \"unsigned\": false, \"defaultTo\": null, \"notNullable\": false}, {\"args\": [], \"name\": \"type\", \"type\": \"string\", \"unsigned\": false, \"defaultTo\": null, \"notNullable\": false}, {\"args\": [{\"useTz\": false, \"precision\": 6}], \"name\": \"created_at\", \"type\": \"datetime\", \"unsigned\": false, \"defaultTo\": null, \"notNullable\": false}, {\"args\": [{\"useTz\": false, \"precision\": 6}], \"name\": \"updated_at\", \"type\": \"datetime\", \"unsigned\": false, \"defaultTo\": null, \"notNullable\": false}, {\"args\": [{\"useTz\": false, \"precision\": 6}], \"name\": \"published_at\", \"type\": \"datetime\", \"unsigned\": false, \"defaultTo\": null, \"notNullable\": false}, {\"args\": [], \"name\": \"created_by_id\", \"type\": \"integer\", \"unsigned\": true, \"defaultTo\": null, \"notNullable\": false}, {\"args\": [], \"name\": \"updated_by_id\", \"type\": \"integer\", \"unsigned\": true, \"defaultTo\": null, \"notNullable\": false}, {\"args\": [], \"name\": \"locale\", \"type\": \"string\", \"unsigned\": false, \"defaultTo\": null, \"notNullable\": false}], \"indexes\": [{\"name\": \"up_roles_documents_idx\", \"columns\": [\"document_id\", \"locale\", \"published_at\"]}, {\"name\": \"up_roles_created_by_id_fk\", \"columns\": [\"created_by_id\"]}, {\"name\": \"up_roles_updated_by_id_fk\", \"columns\": [\"updated_by_id\"]}], \"foreignKeys\": [{\"name\": \"up_roles_created_by_id_fk\", \"columns\": [\"created_by_id\"], \"onDelete\": \"SET NULL\", \"referencedTable\": \"admin_users\", \"referencedColumns\": [\"id\"]}, {\"name\": \"up_roles_updated_by_id_fk\", \"columns\": [\"updated_by_id\"], \"onDelete\": \"SET NULL\", \"referencedTable\": \"admin_users\", \"referencedColumns\": [\"id\"]}]}, {\"name\": \"up_users\", \"columns\": [{\"args\": [{\"primary\": true, \"primaryKey\": true}], \"name\": \"id\", \"type\": \"increments\", \"unsigned\": false, \"defaultTo\": null, \"notNullable\": true}, {\"args\": [], \"name\": \"document_id\", \"type\": \"string\", \"unsigned\": false, \"defaultTo\": null, \"notNullable\": false}, {\"args\": [], \"name\": \"username\", \"type\": \"string\", \"unsigned\": false, \"defaultTo\": null, \"notNullable\": false}, {\"args\": [], \"name\": \"email\", \"type\": \"string\", \"unsigned\": false, \"defaultTo\": null, \"notNullable\": false}, {\"args\": [], \"name\": \"provider\", \"type\": \"string\", \"unsigned\": false, \"defaultTo\": null, \"notNullable\": false}, {\"args\": [], \"name\": \"password\", \"type\": \"string\", \"unsigned\": false, \"defaultTo\": null, \"notNullable\": false}, {\"args\": [], \"name\": \"reset_password_token\", \"type\": \"string\", \"unsigned\": false, \"defaultTo\": null, \"notNullable\": false}, {\"args\": [], \"name\": \"confirmation_token\", \"type\": \"string\", \"unsigned\": false, \"defaultTo\": null, \"notNullable\": false}, {\"args\": [], \"name\": \"confirmed\", \"type\": \"boolean\", \"unsigned\": false, \"defaultTo\": null, \"notNullable\": false}, {\"args\": [], \"name\": \"blocked\", \"type\": \"boolean\", \"unsigned\": false, \"defaultTo\": null, \"notNullable\": false}, {\"args\": [], \"name\": \"cel\", \"type\": \"string\", \"unsigned\": false, \"defaultTo\": null, \"notNullable\": false}, {\"args\": [], \"name\": \"interval\", \"type\": \"string\", \"unsigned\": false, \"defaultTo\": null, \"notNullable\": false}, {\"args\": [{\"useTz\": false, \"precision\": 6}], \"name\": \"created_at\", \"type\": \"datetime\", \"unsigned\": false, \"defaultTo\": null, \"notNullable\": false}, {\"args\": [{\"useTz\": false, \"precision\": 6}], \"name\": \"updated_at\", \"type\": \"datetime\", \"unsigned\": false, \"defaultTo\": null, \"notNullable\": false}, {\"args\": [{\"useTz\": false, \"precision\": 6}], \"name\": \"published_at\", \"type\": \"datetime\", \"unsigned\": false, \"defaultTo\": null, \"notNullable\": false}, {\"args\": [], \"name\": \"created_by_id\", \"type\": \"integer\", \"unsigned\": true, \"defaultTo\": null, \"notNullable\": false}, {\"args\": [], \"name\": \"updated_by_id\", \"type\": \"integer\", \"unsigned\": true, \"defaultTo\": null, \"notNullable\": false}, {\"args\": [], \"name\": \"locale\", \"type\": \"string\", \"unsigned\": false, \"defaultTo\": null, \"notNullable\": false}], \"indexes\": [{\"name\": \"up_users_documents_idx\", \"columns\": [\"document_id\", \"locale\", \"published_at\"]}, {\"name\": \"up_users_created_by_id_fk\", \"columns\": [\"created_by_id\"]}, {\"name\": \"up_users_updated_by_id_fk\", \"columns\": [\"updated_by_id\"]}], \"foreignKeys\": [{\"name\": \"up_users_created_by_id_fk\", \"columns\": [\"created_by_id\"], \"onDelete\": \"SET NULL\", \"referencedTable\": \"admin_users\", \"referencedColumns\": [\"id\"]}, {\"name\": \"up_users_updated_by_id_fk\", \"columns\": [\"updated_by_id\"], \"onDelete\": \"SET NULL\", \"referencedTable\": \"admin_users\", \"referencedColumns\": [\"id\"]}]}, {\"name\": \"admin_permissions\", \"columns\": [{\"args\": [{\"primary\": true, \"primaryKey\": true}], \"name\": \"id\", \"type\": \"increments\", \"unsigned\": false, \"defaultTo\": null, \"notNullable\": true}, {\"args\": [], \"name\": \"document_id\", \"type\": \"string\", \"unsigned\": false, \"defaultTo\": null, \"notNullable\": false}, {\"args\": [], \"name\": \"action\", \"type\": \"string\", \"unsigned\": false, \"defaultTo\": null, \"notNullable\": false}, {\"args\": [], \"name\": \"action_parameters\", \"type\": \"jsonb\", \"unsigned\": false, \"defaultTo\": null, \"notNullable\": false}, {\"args\": [], \"name\": \"subject\", \"type\": \"string\", \"unsigned\": false, \"defaultTo\": null, \"notNullable\": false}, {\"args\": [], \"name\": \"properties\", \"type\": \"jsonb\", \"unsigned\": false, \"defaultTo\": null, \"notNullable\": false}, {\"args\": [], \"name\": \"conditions\", \"type\": \"jsonb\", \"unsigned\": false, \"defaultTo\": null, \"notNullable\": false}, {\"args\": [{\"useTz\": false, \"precision\": 6}], \"name\": \"created_at\", \"type\": \"datetime\", \"unsigned\": false, \"defaultTo\": null, \"notNullable\": false}, {\"args\": [{\"useTz\": false, \"precision\": 6}], \"name\": \"updated_at\", \"type\": \"datetime\", \"unsigned\": false, \"defaultTo\": null, \"notNullable\": false}, {\"args\": [{\"useTz\": false, \"precision\": 6}], \"name\": \"published_at\", \"type\": \"datetime\", \"unsigned\": false, \"defaultTo\": null, \"notNullable\": false}, {\"args\": [], \"name\": \"created_by_id\", \"type\": \"integer\", \"unsigned\": true, \"defaultTo\": null, \"notNullable\": false}, {\"args\": [], \"name\": \"updated_by_id\", \"type\": \"integer\", \"unsigned\": true, \"defaultTo\": null, \"notNullable\": false}, {\"args\": [], \"name\": \"locale\", \"type\": \"string\", \"unsigned\": false, \"defaultTo\": null, \"notNullable\": false}], \"indexes\": [{\"name\": \"admin_permissions_documents_idx\", \"columns\": [\"document_id\", \"locale\", \"published_at\"]}, {\"name\": \"admin_permissions_created_by_id_fk\", \"columns\": [\"created_by_id\"]}, {\"name\": \"admin_permissions_updated_by_id_fk\", \"columns\": [\"updated_by_id\"]}], \"foreignKeys\": [{\"name\": \"admin_permissions_created_by_id_fk\", \"columns\": [\"created_by_id\"], \"onDelete\": \"SET NULL\", \"referencedTable\": \"admin_users\", \"referencedColumns\": [\"id\"]}, {\"name\": \"admin_permissions_updated_by_id_fk\", \"columns\": [\"updated_by_id\"], \"onDelete\": \"SET NULL\", \"referencedTable\": \"admin_users\", \"referencedColumns\": [\"id\"]}]}, {\"name\": \"admin_users\", \"columns\": [{\"args\": [{\"primary\": true, \"primaryKey\": true}], \"name\": \"id\", \"type\": \"increments\", \"unsigned\": false, \"defaultTo\": null, \"notNullable\": true}, {\"args\": [], \"name\": \"document_id\", \"type\": \"string\", \"unsigned\": false, \"defaultTo\": null, \"notNullable\": false}, {\"args\": [], \"name\": \"firstname\", \"type\": \"string\", \"unsigned\": false, \"defaultTo\": null, \"notNullable\": false}, {\"args\": [], \"name\": \"lastname\", \"type\": \"string\", \"unsigned\": false, \"defaultTo\": null, \"notNullable\": false}, {\"args\": [], \"name\": \"username\", \"type\": \"string\", \"unsigned\": false, \"defaultTo\": null, \"notNullable\": false}, {\"args\": [], \"name\": \"email\", \"type\": \"string\", \"unsigned\": false, \"defaultTo\": null, \"notNullable\": false}, {\"args\": [], \"name\": \"password\", \"type\": \"string\", \"unsigned\": false, \"defaultTo\": null, \"notNullable\": false}, {\"args\": [], \"name\": \"reset_password_token\", \"type\": \"string\", \"unsigned\": false, \"defaultTo\": null, \"notNullable\": false}, {\"args\": [], \"name\": \"registration_token\", \"type\": \"string\", \"unsigned\": false, \"defaultTo\": null, \"notNullable\": false}, {\"args\": [], \"name\": \"is_active\", \"type\": \"boolean\", \"unsigned\": false, \"defaultTo\": null, \"notNullable\": false}, {\"args\": [], \"name\": \"blocked\", \"type\": \"boolean\", \"unsigned\": false, \"defaultTo\": null, \"notNullable\": false}, {\"args\": [], \"name\": \"prefered_language\", \"type\": \"string\", \"unsigned\": false, \"defaultTo\": null, \"notNullable\": false}, {\"args\": [{\"useTz\": false, \"precision\": 6}], \"name\": \"created_at\", \"type\": \"datetime\", \"unsigned\": false, \"defaultTo\": null, \"notNullable\": false}, {\"args\": [{\"useTz\": false, \"precision\": 6}], \"name\": \"updated_at\", \"type\": \"datetime\", \"unsigned\": false, \"defaultTo\": null, \"notNullable\": false}, {\"args\": [{\"useTz\": false, \"precision\": 6}], \"name\": \"published_at\", \"type\": \"datetime\", \"unsigned\": false, \"defaultTo\": null, \"notNullable\": false}, {\"args\": [], \"name\": \"created_by_id\", \"type\": \"integer\", \"unsigned\": true, \"defaultTo\": null, \"notNullable\": false}, {\"args\": [], \"name\": \"updated_by_id\", \"type\": \"integer\", \"unsigned\": true, \"defaultTo\": null, \"notNullable\": false}, {\"args\": [], \"name\": \"locale\", \"type\": \"string\", \"unsigned\": false, \"defaultTo\": null, \"notNullable\": false}], \"indexes\": [{\"name\": \"admin_users_documents_idx\", \"columns\": [\"document_id\", \"locale\", \"published_at\"]}, {\"name\": \"admin_users_created_by_id_fk\", \"columns\": [\"created_by_id\"]}, {\"name\": \"admin_users_updated_by_id_fk\", \"columns\": [\"updated_by_id\"]}], \"foreignKeys\": [{\"name\": \"admin_users_created_by_id_fk\", \"columns\": [\"created_by_id\"], \"onDelete\": \"SET NULL\", \"referencedTable\": \"admin_users\", \"referencedColumns\": [\"id\"]}, {\"name\": \"admin_users_updated_by_id_fk\", \"columns\": [\"updated_by_id\"], \"onDelete\": \"SET NULL\", \"referencedTable\": \"admin_users\", \"referencedColumns\": [\"id\"]}]}, {\"name\": \"admin_roles\", \"columns\": [{\"args\": [{\"primary\": true, \"primaryKey\": true}], \"name\": \"id\", \"type\": \"increments\", \"unsigned\": false, \"defaultTo\": null, \"notNullable\": true}, {\"args\": [], \"name\": \"document_id\", \"type\": \"string\", \"unsigned\": false, \"defaultTo\": null, \"notNullable\": false}, {\"args\": [], \"name\": \"name\", \"type\": \"string\", \"unsigned\": false, \"defaultTo\": null, \"notNullable\": false}, {\"args\": [], \"name\": \"code\", \"type\": \"string\", \"unsigned\": false, \"defaultTo\": null, \"notNullable\": false}, {\"args\": [], \"name\": \"description\", \"type\": \"string\", \"unsigned\": false, \"defaultTo\": null, \"notNullable\": false}, {\"args\": [{\"useTz\": false, \"precision\": 6}], \"name\": \"created_at\", \"type\": \"datetime\", \"unsigned\": false, \"defaultTo\": null, \"notNullable\": false}, {\"args\": [{\"useTz\": false, \"precision\": 6}], \"name\": \"updated_at\", \"type\": \"datetime\", \"unsigned\": false, \"defaultTo\": null, \"notNullable\": false}, {\"args\": [{\"useTz\": false, \"precision\": 6}], \"name\": \"published_at\", \"type\": \"datetime\", \"unsigned\": false, \"defaultTo\": null, \"notNullable\": false}, {\"args\": [], \"name\": \"created_by_id\", \"type\": \"integer\", \"unsigned\": true, \"defaultTo\": null, \"notNullable\": false}, {\"args\": [], \"name\": \"updated_by_id\", \"type\": \"integer\", \"unsigned\": true, \"defaultTo\": null, \"notNullable\": false}, {\"args\": [], \"name\": \"locale\", \"type\": \"string\", \"unsigned\": false, \"defaultTo\": null, \"notNullable\": false}], \"indexes\": [{\"name\": \"admin_roles_documents_idx\", \"columns\": [\"document_id\", \"locale\", \"published_at\"]}, {\"name\": \"admin_roles_created_by_id_fk\", \"columns\": [\"created_by_id\"]}, {\"name\": \"admin_roles_updated_by_id_fk\", \"columns\": [\"updated_by_id\"]}], \"foreignKeys\": [{\"name\": \"admin_roles_created_by_id_fk\", \"columns\": [\"created_by_id\"], \"onDelete\": \"SET NULL\", \"referencedTable\": \"admin_users\", \"referencedColumns\": [\"id\"]}, {\"name\": \"admin_roles_updated_by_id_fk\", \"columns\": [\"updated_by_id\"], \"onDelete\": \"SET NULL\", \"referencedTable\": \"admin_users\", \"referencedColumns\": [\"id\"]}]}, {\"name\": \"strapi_api_tokens\", \"columns\": [{\"args\": [{\"primary\": true, \"primaryKey\": true}], \"name\": \"id\", \"type\": \"increments\", \"unsigned\": false, \"defaultTo\": null, \"notNullable\": true}, {\"args\": [], \"name\": \"document_id\", \"type\": \"string\", \"unsigned\": false, \"defaultTo\": null, \"notNullable\": false}, {\"args\": [], \"name\": \"name\", \"type\": \"string\", \"unsigned\": false, \"defaultTo\": null, \"notNullable\": false}, {\"args\": [], \"name\": \"description\", \"type\": \"string\", \"unsigned\": false, \"defaultTo\": null, \"notNullable\": false}, {\"args\": [], \"name\": \"type\", \"type\": \"string\", \"unsigned\": false, \"defaultTo\": null, \"notNullable\": false}, {\"args\": [], \"name\": \"access_key\", \"type\": \"string\", \"unsigned\": false, \"defaultTo\": null, \"notNullable\": false}, {\"args\": [{\"useTz\": false, \"precision\": 6}], \"name\": \"last_used_at\", \"type\": \"datetime\", \"unsigned\": false, \"defaultTo\": null, \"notNullable\": false}, {\"args\": [{\"useTz\": false, \"precision\": 6}], \"name\": \"expires_at\", \"type\": \"datetime\", \"unsigned\": false, \"defaultTo\": null, \"notNullable\": false}, {\"args\": [], \"name\": \"lifespan\", \"type\": \"bigInteger\", \"unsigned\": false, \"defaultTo\": null, \"notNullable\": false}, {\"args\": [{\"useTz\": false, \"precision\": 6}], \"name\": \"created_at\", \"type\": \"datetime\", \"unsigned\": false, \"defaultTo\": null, \"notNullable\": false}, {\"args\": [{\"useTz\": false, \"precision\": 6}], \"name\": \"updated_at\", \"type\": \"datetime\", \"unsigned\": false, \"defaultTo\": null, \"notNullable\": false}, {\"args\": [{\"useTz\": false, \"precision\": 6}], \"name\": \"published_at\", \"type\": \"datetime\", \"unsigned\": false, \"defaultTo\": null, \"notNullable\": false}, {\"args\": [], \"name\": \"created_by_id\", \"type\": \"integer\", \"unsigned\": true, \"defaultTo\": null, \"notNullable\": false}, {\"args\": [], \"name\": \"updated_by_id\", \"type\": \"integer\", \"unsigned\": true, \"defaultTo\": null, \"notNullable\": false}, {\"args\": [], \"name\": \"locale\", \"type\": \"string\", \"unsigned\": false, \"defaultTo\": null, \"notNullable\": false}], \"indexes\": [{\"name\": \"strapi_api_tokens_documents_idx\", \"columns\": [\"document_id\", \"locale\", \"published_at\"]}, {\"name\": \"strapi_api_tokens_created_by_id_fk\", \"columns\": [\"created_by_id\"]}, {\"name\": \"strapi_api_tokens_updated_by_id_fk\", \"columns\": [\"updated_by_id\"]}], \"foreignKeys\": [{\"name\": \"strapi_api_tokens_created_by_id_fk\", \"columns\": [\"created_by_id\"], \"onDelete\": \"SET NULL\", \"referencedTable\": \"admin_users\", \"referencedColumns\": [\"id\"]}, {\"name\": \"strapi_api_tokens_updated_by_id_fk\", \"columns\": [\"updated_by_id\"], \"onDelete\": \"SET NULL\", \"referencedTable\": \"admin_users\", \"referencedColumns\": [\"id\"]}]}, {\"name\": \"strapi_api_token_permissions\", \"columns\": [{\"args\": [{\"primary\": true, \"primaryKey\": true}], \"name\": \"id\", \"type\": \"increments\", \"unsigned\": false, \"defaultTo\": null, \"notNullable\": true}, {\"args\": [], \"name\": \"document_id\", \"type\": \"string\", \"unsigned\": false, \"defaultTo\": null, \"notNullable\": false}, {\"args\": [], \"name\": \"action\", \"type\": \"string\", \"unsigned\": false, \"defaultTo\": null, \"notNullable\": false}, {\"args\": [{\"useTz\": false, \"precision\": 6}], \"name\": \"created_at\", \"type\": \"datetime\", \"unsigned\": false, \"defaultTo\": null, \"notNullable\": false}, {\"args\": [{\"useTz\": false, \"precision\": 6}], \"name\": \"updated_at\", \"type\": \"datetime\", \"unsigned\": false, \"defaultTo\": null, \"notNullable\": false}, {\"args\": [{\"useTz\": false, \"precision\": 6}], \"name\": \"published_at\", \"type\": \"datetime\", \"unsigned\": false, \"defaultTo\": null, \"notNullable\": false}, {\"args\": [], \"name\": \"created_by_id\", \"type\": \"integer\", \"unsigned\": true, \"defaultTo\": null, \"notNullable\": false}, {\"args\": [], \"name\": \"updated_by_id\", \"type\": \"integer\", \"unsigned\": true, \"defaultTo\": null, \"notNullable\": false}, {\"args\": [], \"name\": \"locale\", \"type\": \"string\", \"unsigned\": false, \"defaultTo\": null, \"notNullable\": false}], \"indexes\": [{\"name\": \"strapi_api_token_permissions_documents_idx\", \"columns\": [\"document_id\", \"locale\", \"published_at\"]}, {\"name\": \"strapi_api_token_permissions_created_by_id_fk\", \"columns\": [\"created_by_id\"]}, {\"name\": \"strapi_api_token_permissions_updated_by_id_fk\", \"columns\": [\"updated_by_id\"]}], \"foreignKeys\": [{\"name\": \"strapi_api_token_permissions_created_by_id_fk\", \"columns\": [\"created_by_id\"], \"onDelete\": \"SET NULL\", \"referencedTable\": \"admin_users\", \"referencedColumns\": [\"id\"]}, {\"name\": \"strapi_api_token_permissions_updated_by_id_fk\", \"columns\": [\"updated_by_id\"], \"onDelete\": \"SET NULL\", \"referencedTable\": \"admin_users\", \"referencedColumns\": [\"id\"]}]}, {\"name\": \"strapi_transfer_tokens\", \"columns\": [{\"args\": [{\"primary\": true, \"primaryKey\": true}], \"name\": \"id\", \"type\": \"increments\", \"unsigned\": false, \"defaultTo\": null, \"notNullable\": true}, {\"args\": [], \"name\": \"document_id\", \"type\": \"string\", \"unsigned\": false, \"defaultTo\": null, \"notNullable\": false}, {\"args\": [], \"name\": \"name\", \"type\": \"string\", \"unsigned\": false, \"defaultTo\": null, \"notNullable\": false}, {\"args\": [], \"name\": \"description\", \"type\": \"string\", \"unsigned\": false, \"defaultTo\": null, \"notNullable\": false}, {\"args\": [], \"name\": \"access_key\", \"type\": \"string\", \"unsigned\": false, \"defaultTo\": null, \"notNullable\": false}, {\"args\": [{\"useTz\": false, \"precision\": 6}], \"name\": \"last_used_at\", \"type\": \"datetime\", \"unsigned\": false, \"defaultTo\": null, \"notNullable\": false}, {\"args\": [{\"useTz\": false, \"precision\": 6}], \"name\": \"expires_at\", \"type\": \"datetime\", \"unsigned\": false, \"defaultTo\": null, \"notNullable\": false}, {\"args\": [], \"name\": \"lifespan\", \"type\": \"bigInteger\", \"unsigned\": false, \"defaultTo\": null, \"notNullable\": false}, {\"args\": [{\"useTz\": false, \"precision\": 6}], \"name\": \"created_at\", \"type\": \"datetime\", \"unsigned\": false, \"defaultTo\": null, \"notNullable\": false}, {\"args\": [{\"useTz\": false, \"precision\": 6}], \"name\": \"updated_at\", \"type\": \"datetime\", \"unsigned\": false, \"defaultTo\": null, \"notNullable\": false}, {\"args\": [{\"useTz\": false, \"precision\": 6}], \"name\": \"published_at\", \"type\": \"datetime\", \"unsigned\": false, \"defaultTo\": null, \"notNullable\": false}, {\"args\": [], \"name\": \"created_by_id\", \"type\": \"integer\", \"unsigned\": true, \"defaultTo\": null, \"notNullable\": false}, {\"args\": [], \"name\": \"updated_by_id\", \"type\": \"integer\", \"unsigned\": true, \"defaultTo\": null, \"notNullable\": false}, {\"args\": [], \"name\": \"locale\", \"type\": \"string\", \"unsigned\": false, \"defaultTo\": null, \"notNullable\": false}], \"indexes\": [{\"name\": \"strapi_transfer_tokens_documents_idx\", \"columns\": [\"document_id\", \"locale\", \"published_at\"]}, {\"name\": \"strapi_transfer_tokens_created_by_id_fk\", \"columns\": [\"created_by_id\"]}, {\"name\": \"strapi_transfer_tokens_updated_by_id_fk\", \"columns\": [\"updated_by_id\"]}], \"foreignKeys\": [{\"name\": \"strapi_transfer_tokens_created_by_id_fk\", \"columns\": [\"created_by_id\"], \"onDelete\": \"SET NULL\", \"referencedTable\": \"admin_users\", \"referencedColumns\": [\"id\"]}, {\"name\": \"strapi_transfer_tokens_updated_by_id_fk\", \"columns\": [\"updated_by_id\"], \"onDelete\": \"SET NULL\", \"referencedTable\": \"admin_users\", \"referencedColumns\": [\"id\"]}]}, {\"name\": \"strapi_transfer_token_permissions\", \"columns\": [{\"args\": [{\"primary\": true, \"primaryKey\": true}], \"name\": \"id\", \"type\": \"increments\", \"unsigned\": false, \"defaultTo\": null, \"notNullable\": true}, {\"args\": [], \"name\": \"document_id\", \"type\": \"string\", \"unsigned\": false, \"defaultTo\": null, \"notNullable\": false}, {\"args\": [], \"name\": \"action\", \"type\": \"string\", \"unsigned\": false, \"defaultTo\": null, \"notNullable\": false}, {\"args\": [{\"useTz\": false, \"precision\": 6}], \"name\": \"created_at\", \"type\": \"datetime\", \"unsigned\": false, \"defaultTo\": null, \"notNullable\": false}, {\"args\": [{\"useTz\": false, \"precision\": 6}], \"name\": \"updated_at\", \"type\": \"datetime\", \"unsigned\": false, \"defaultTo\": null, \"notNullable\": false}, {\"args\": [{\"useTz\": false, \"precision\": 6}], \"name\": \"published_at\", \"type\": \"datetime\", \"unsigned\": false, \"defaultTo\": null, \"notNullable\": false}, {\"args\": [], \"name\": \"created_by_id\", \"type\": \"integer\", \"unsigned\": true, \"defaultTo\": null, \"notNullable\": false}, {\"args\": [], \"name\": \"updated_by_id\", \"type\": \"integer\", \"unsigned\": true, \"defaultTo\": null, \"notNullable\": false}, {\"args\": [], \"name\": \"locale\", \"type\": \"string\", \"unsigned\": false, \"defaultTo\": null, \"notNullable\": false}], \"indexes\": [{\"name\": \"strapi_transfer_token_permissions_documents_idx\", \"columns\": [\"document_id\", \"locale\", \"published_at\"]}, {\"name\": \"strapi_transfer_token_permissions_created_by_id_fk\", \"columns\": [\"created_by_id\"]}, {\"name\": \"strapi_transfer_token_permissions_updated_by_id_fk\", \"columns\": [\"updated_by_id\"]}], \"foreignKeys\": [{\"name\": \"strapi_transfer_token_permissions_created_by_id_fk\", \"columns\": [\"created_by_id\"], \"onDelete\": \"SET NULL\", \"referencedTable\": \"admin_users\", \"referencedColumns\": [\"id\"]}, {\"name\": \"strapi_transfer_token_permissions_updated_by_id_fk\", \"columns\": [\"updated_by_id\"], \"onDelete\": \"SET NULL\", \"referencedTable\": \"admin_users\", \"referencedColumns\": [\"id\"]}]}, {\"name\": \"strapi_core_store_settings\", \"columns\": [{\"args\": [{\"primary\": true, \"primaryKey\": true}], \"name\": \"id\", \"type\": \"increments\", \"unsigned\": false, \"defaultTo\": null, \"notNullable\": true}, {\"args\": [], \"name\": \"key\", \"type\": \"string\", \"unsigned\": false, \"defaultTo\": null, \"notNullable\": false}, {\"args\": [\"longtext\"], \"name\": \"value\", \"type\": \"text\", \"unsigned\": false, \"defaultTo\": null, \"notNullable\": false}, {\"args\": [], \"name\": \"type\", \"type\": \"string\", \"unsigned\": false, \"defaultTo\": null, \"notNullable\": false}, {\"args\": [], \"name\": \"environment\", \"type\": \"string\", \"unsigned\": false, \"defaultTo\": null, \"notNullable\": false}, {\"args\": [], \"name\": \"tag\", \"type\": \"string\", \"unsigned\": false, \"defaultTo\": null, \"notNullable\": false}], \"indexes\": [], \"foreignKeys\": []}, {\"name\": \"strapi_webhooks\", \"columns\": [{\"args\": [{\"primary\": true, \"primaryKey\": true}], \"name\": \"id\", \"type\": \"increments\", \"unsigned\": false, \"defaultTo\": null, \"notNullable\": true}, {\"args\": [], \"name\": \"name\", \"type\": \"string\", \"unsigned\": false, \"defaultTo\": null, \"notNullable\": false}, {\"args\": [\"longtext\"], \"name\": \"url\", \"type\": \"text\", \"unsigned\": false, \"defaultTo\": null, \"notNullable\": false}, {\"args\": [], \"name\": \"headers\", \"type\": \"jsonb\", \"unsigned\": false, \"defaultTo\": null, \"notNullable\": false}, {\"args\": [], \"name\": \"events\", \"type\": \"jsonb\", \"unsigned\": false, \"defaultTo\": null, \"notNullable\": false}, {\"args\": [], \"name\": \"enabled\", \"type\": \"boolean\", \"unsigned\": false, \"defaultTo\": null, \"notNullable\": false}], \"indexes\": [], \"foreignKeys\": []}, {\"name\": \"strapi_history_versions\", \"columns\": [{\"args\": [{\"primary\": true, \"primaryKey\": true}], \"name\": \"id\", \"type\": \"increments\", \"unsigned\": false, \"defaultTo\": null, \"notNullable\": true}, {\"args\": [], \"name\": \"content_type\", \"type\": \"string\", \"unsigned\": false, \"defaultTo\": null, \"notNullable\": true}, {\"args\": [], \"name\": \"related_document_id\", \"type\": \"string\", \"unsigned\": false, \"defaultTo\": null, \"notNullable\": false}, {\"args\": [], \"name\": \"locale\", \"type\": \"string\", \"unsigned\": false, \"defaultTo\": null, \"notNullable\": false}, {\"args\": [], \"name\": \"status\", \"type\": \"string\", \"unsigned\": false, \"defaultTo\": null, \"notNullable\": false}, {\"args\": [], \"name\": \"data\", \"type\": \"jsonb\", \"unsigned\": false, \"defaultTo\": null, \"notNullable\": false}, {\"args\": [], \"name\": \"schema\", \"type\": \"jsonb\", \"unsigned\": false, \"defaultTo\": null, \"notNullable\": false}, {\"args\": [{\"useTz\": false, \"precision\": 6}], \"name\": \"created_at\", \"type\": \"datetime\", \"unsigned\": false, \"defaultTo\": null, \"notNullable\": false}, {\"args\": [], \"name\": \"created_by_id\", \"type\": \"integer\", \"unsigned\": true, \"defaultTo\": null, \"notNullable\": false}], \"indexes\": [{\"name\": \"strapi_history_versions_created_by_id_fk\", \"columns\": [\"created_by_id\"]}], \"foreignKeys\": [{\"name\": \"strapi_history_versions_created_by_id_fk\", \"columns\": [\"created_by_id\"], \"onDelete\": \"SET NULL\", \"referencedTable\": \"admin_users\", \"referencedColumns\": [\"id\"]}]}, {\"name\": \"invalid_lists_user_lnk\", \"columns\": [{\"args\": [{\"primary\": true, \"primaryKey\": true}], \"name\": \"id\", \"type\": \"increments\", \"unsigned\": false, \"defaultTo\": null, \"notNullable\": true}, {\"args\": [], \"name\": \"invalid_list_id\", \"type\": \"integer\", \"unsigned\": true, \"defaultTo\": null, \"notNullable\": false}, {\"args\": [], \"name\": \"user_id\", \"type\": \"integer\", \"unsigned\": true, \"defaultTo\": null, \"notNullable\": false}], \"indexes\": [{\"name\": \"invalid_lists_user_lnk_fk\", \"columns\": [\"invalid_list_id\"]}, {\"name\": \"invalid_lists_user_lnk_ifk\", \"columns\": [\"user_id\"]}, {\"name\": \"invalid_lists_user_lnk_uq\", \"type\": \"unique\", \"columns\": [\"invalid_list_id\", \"user_id\"]}], \"foreignKeys\": [{\"name\": \"invalid_lists_user_lnk_fk\", \"columns\": [\"invalid_list_id\"], \"onDelete\": \"CASCADE\", \"referencedTable\": \"invalid_lists\", \"referencedColumns\": [\"id\"]}, {\"name\": \"invalid_lists_user_lnk_ifk\", \"columns\": [\"user_id\"], \"onDelete\": \"CASCADE\", \"referencedTable\": \"up_users\", \"referencedColumns\": [\"id\"]}]}, {\"name\": \"sentences_user_lnk\", \"columns\": [{\"args\": [{\"primary\": true, \"primaryKey\": true}], \"name\": \"id\", \"type\": \"increments\", \"unsigned\": false, \"defaultTo\": null, \"notNullable\": true}, {\"args\": [], \"name\": \"sentence_id\", \"type\": \"integer\", \"unsigned\": true, \"defaultTo\": null, \"notNullable\": false}, {\"args\": [], \"name\": \"user_id\", \"type\": \"integer\", \"unsigned\": true, \"defaultTo\": null, \"notNullable\": false}, {\"args\": [], \"name\": \"sentence_ord\", \"type\": \"double\", \"unsigned\": true, \"defaultTo\": null, \"notNullable\": false}], \"indexes\": [{\"name\": \"sentences_user_lnk_fk\", \"columns\": [\"sentence_id\"]}, {\"name\": \"sentences_user_lnk_ifk\", \"columns\": [\"user_id\"]}, {\"name\": \"sentences_user_lnk_uq\", \"type\": \"unique\", \"columns\": [\"sentence_id\", \"user_id\"]}, {\"name\": \"sentences_user_lnk_oifk\", \"columns\": [\"sentence_ord\"]}], \"foreignKeys\": [{\"name\": \"sentences_user_lnk_fk\", \"columns\": [\"sentence_id\"], \"onDelete\": \"CASCADE\", \"referencedTable\": \"sentences\", \"referencedColumns\": [\"id\"]}, {\"name\": \"sentences_user_lnk_ifk\", \"columns\": [\"user_id\"], \"onDelete\": \"CASCADE\", \"referencedTable\": \"up_users\", \"referencedColumns\": [\"id\"]}]}, {\"name\": \"files_related_mph\", \"columns\": [{\"args\": [{\"primary\": true, \"primaryKey\": true}], \"name\": \"id\", \"type\": \"increments\", \"unsigned\": false, \"defaultTo\": null, \"notNullable\": true}, {\"args\": [], \"name\": \"file_id\", \"type\": \"integer\", \"unsigned\": true, \"defaultTo\": null, \"notNullable\": false}, {\"args\": [], \"name\": \"related_id\", \"type\": \"integer\", \"unsigned\": true, \"defaultTo\": null, \"notNullable\": false}, {\"args\": [], \"name\": \"related_type\", \"type\": \"string\", \"unsigned\": false, \"defaultTo\": null, \"notNullable\": false}, {\"args\": [], \"name\": \"field\", \"type\": \"string\", \"unsigned\": false, \"defaultTo\": null, \"notNullable\": false}, {\"args\": [], \"name\": \"order\", \"type\": \"double\", \"unsigned\": true, \"defaultTo\": null, \"notNullable\": false}], \"indexes\": [{\"name\": \"files_related_mph_fk\", \"columns\": [\"file_id\"]}, {\"name\": \"files_related_mph_oidx\", \"columns\": [\"order\"]}, {\"name\": \"files_related_mph_idix\", \"columns\": [\"related_id\"]}], \"foreignKeys\": [{\"name\": \"files_related_mph_fk\", \"columns\": [\"file_id\"], \"onDelete\": \"CASCADE\", \"referencedTable\": \"files\", \"referencedColumns\": [\"id\"]}]}, {\"name\": \"files_folder_lnk\", \"columns\": [{\"args\": [{\"primary\": true, \"primaryKey\": true}], \"name\": \"id\", \"type\": \"increments\", \"unsigned\": false, \"defaultTo\": null, \"notNullable\": true}, {\"args\": [], \"name\": \"file_id\", \"type\": \"integer\", \"unsigned\": true, \"defaultTo\": null, \"notNullable\": false}, {\"args\": [], \"name\": \"folder_id\", \"type\": \"integer\", \"unsigned\": true, \"defaultTo\": null, \"notNullable\": false}, {\"args\": [], \"name\": \"file_ord\", \"type\": \"double\", \"unsigned\": true, \"defaultTo\": null, \"notNullable\": false}], \"indexes\": [{\"name\": \"files_folder_lnk_fk\", \"columns\": [\"file_id\"]}, {\"name\": \"files_folder_lnk_ifk\", \"columns\": [\"folder_id\"]}, {\"name\": \"files_folder_lnk_uq\", \"type\": \"unique\", \"columns\": [\"file_id\", \"folder_id\"]}, {\"name\": \"files_folder_lnk_oifk\", \"columns\": [\"file_ord\"]}], \"foreignKeys\": [{\"name\": \"files_folder_lnk_fk\", \"columns\": [\"file_id\"], \"onDelete\": \"CASCADE\", \"referencedTable\": \"files\", \"referencedColumns\": [\"id\"]}, {\"name\": \"files_folder_lnk_ifk\", \"columns\": [\"folder_id\"], \"onDelete\": \"CASCADE\", \"referencedTable\": \"upload_folders\", \"referencedColumns\": [\"id\"]}]}, {\"name\": \"upload_folders_parent_lnk\", \"columns\": [{\"args\": [{\"primary\": true, \"primaryKey\": true}], \"name\": \"id\", \"type\": \"increments\", \"unsigned\": false, \"defaultTo\": null, \"notNullable\": true}, {\"args\": [], \"name\": \"folder_id\", \"type\": \"integer\", \"unsigned\": true, \"defaultTo\": null, \"notNullable\": false}, {\"args\": [], \"name\": \"inv_folder_id\", \"type\": \"integer\", \"unsigned\": true, \"defaultTo\": null, \"notNullable\": false}, {\"args\": [], \"name\": \"folder_ord\", \"type\": \"double\", \"unsigned\": true, \"defaultTo\": null, \"notNullable\": false}], \"indexes\": [{\"name\": \"upload_folders_parent_lnk_fk\", \"columns\": [\"folder_id\"]}, {\"name\": \"upload_folders_parent_lnk_ifk\", \"columns\": [\"inv_folder_id\"]}, {\"name\": \"upload_folders_parent_lnk_uq\", \"type\": \"unique\", \"columns\": [\"folder_id\", \"inv_folder_id\"]}, {\"name\": \"upload_folders_parent_lnk_oifk\", \"columns\": [\"folder_ord\"]}], \"foreignKeys\": [{\"name\": \"upload_folders_parent_lnk_fk\", \"columns\": [\"folder_id\"], \"onDelete\": \"CASCADE\", \"referencedTable\": \"upload_folders\", \"referencedColumns\": [\"id\"]}, {\"name\": \"upload_folders_parent_lnk_ifk\", \"columns\": [\"inv_folder_id\"], \"onDelete\": \"CASCADE\", \"referencedTable\": \"upload_folders\", \"referencedColumns\": [\"id\"]}]}, {\"name\": \"strapi_release_actions_release_lnk\", \"columns\": [{\"args\": [{\"primary\": true, \"primaryKey\": true}], \"name\": \"id\", \"type\": \"increments\", \"unsigned\": false, \"defaultTo\": null, \"notNullable\": true}, {\"args\": [], \"name\": \"release_action_id\", \"type\": \"integer\", \"unsigned\": true, \"defaultTo\": null, \"notNullable\": false}, {\"args\": [], \"name\": \"release_id\", \"type\": \"integer\", \"unsigned\": true, \"defaultTo\": null, \"notNullable\": false}, {\"args\": [], \"name\": \"release_action_ord\", \"type\": \"double\", \"unsigned\": true, \"defaultTo\": null, \"notNullable\": false}], \"indexes\": [{\"name\": \"strapi_release_actions_release_lnk_fk\", \"columns\": [\"release_action_id\"]}, {\"name\": \"strapi_release_actions_release_lnk_ifk\", \"columns\": [\"release_id\"]}, {\"name\": \"strapi_release_actions_release_lnk_uq\", \"type\": \"unique\", \"columns\": [\"release_action_id\", \"release_id\"]}, {\"name\": \"strapi_release_actions_release_lnk_oifk\", \"columns\": [\"release_action_ord\"]}], \"foreignKeys\": [{\"name\": \"strapi_release_actions_release_lnk_fk\", \"columns\": [\"release_action_id\"], \"onDelete\": \"CASCADE\", \"referencedTable\": \"strapi_release_actions\", \"referencedColumns\": [\"id\"]}, {\"name\": \"strapi_release_actions_release_lnk_ifk\", \"columns\": [\"release_id\"], \"onDelete\": \"CASCADE\", \"referencedTable\": \"strapi_releases\", \"referencedColumns\": [\"id\"]}]}, {\"name\": \"strapi_workflows_stages_workflow_lnk\", \"columns\": [{\"args\": [{\"primary\": true, \"primaryKey\": true}], \"name\": \"id\", \"type\": \"increments\", \"unsigned\": false, \"defaultTo\": null, \"notNullable\": true}, {\"args\": [], \"name\": \"workflow_stage_id\", \"type\": \"integer\", \"unsigned\": true, \"defaultTo\": null, \"notNullable\": false}, {\"args\": [], \"name\": \"workflow_id\", \"type\": \"integer\", \"unsigned\": true, \"defaultTo\": null, \"notNullable\": false}, {\"args\": [], \"name\": \"workflow_stage_ord\", \"type\": \"double\", \"unsigned\": true, \"defaultTo\": null, \"notNullable\": false}], \"indexes\": [{\"name\": \"strapi_workflows_stages_workflow_lnk_fk\", \"columns\": [\"workflow_stage_id\"]}, {\"name\": \"strapi_workflows_stages_workflow_lnk_ifk\", \"columns\": [\"workflow_id\"]}, {\"name\": \"strapi_workflows_stages_workflow_lnk_uq\", \"type\": \"unique\", \"columns\": [\"workflow_stage_id\", \"workflow_id\"]}, {\"name\": \"strapi_workflows_stages_workflow_lnk_oifk\", \"columns\": [\"workflow_stage_ord\"]}], \"foreignKeys\": [{\"name\": \"strapi_workflows_stages_workflow_lnk_fk\", \"columns\": [\"workflow_stage_id\"], \"onDelete\": \"CASCADE\", \"referencedTable\": \"strapi_workflows_stages\", \"referencedColumns\": [\"id\"]}, {\"name\": \"strapi_workflows_stages_workflow_lnk_ifk\", \"columns\": [\"workflow_id\"], \"onDelete\": \"CASCADE\", \"referencedTable\": \"strapi_workflows\", \"referencedColumns\": [\"id\"]}]}, {\"name\": \"strapi_workflows_stages_permissions_lnk\", \"columns\": [{\"args\": [{\"primary\": true, \"primaryKey\": true}], \"name\": \"id\", \"type\": \"increments\", \"unsigned\": false, \"defaultTo\": null, \"notNullable\": true}, {\"args\": [], \"name\": \"workflow_stage_id\", \"type\": \"integer\", \"unsigned\": true, \"defaultTo\": null, \"notNullable\": false}, {\"args\": [], \"name\": \"permission_id\", \"type\": \"integer\", \"unsigned\": true, \"defaultTo\": null, \"notNullable\": false}, {\"args\": [], \"name\": \"permission_ord\", \"type\": \"double\", \"unsigned\": true, \"defaultTo\": null, \"notNullable\": false}], \"indexes\": [{\"name\": \"strapi_workflows_stages_permissions_lnk_fk\", \"columns\": [\"workflow_stage_id\"]}, {\"name\": \"strapi_workflows_stages_permissions_lnk_ifk\", \"columns\": [\"permission_id\"]}, {\"name\": \"strapi_workflows_stages_permissions_lnk_uq\", \"type\": \"unique\", \"columns\": [\"workflow_stage_id\", \"permission_id\"]}, {\"name\": \"strapi_workflows_stages_permissions_lnk_ofk\", \"columns\": [\"permission_ord\"]}], \"foreignKeys\": [{\"name\": \"strapi_workflows_stages_permissions_lnk_fk\", \"columns\": [\"workflow_stage_id\"], \"onDelete\": \"CASCADE\", \"referencedTable\": \"strapi_workflows_stages\", \"referencedColumns\": [\"id\"]}, {\"name\": \"strapi_workflows_stages_permissions_lnk_ifk\", \"columns\": [\"permission_id\"], \"onDelete\": \"CASCADE\", \"referencedTable\": \"admin_permissions\", \"referencedColumns\": [\"id\"]}]}, {\"name\": \"up_permissions_role_lnk\", \"columns\": [{\"args\": [{\"primary\": true, \"primaryKey\": true}], \"name\": \"id\", \"type\": \"increments\", \"unsigned\": false, \"defaultTo\": null, \"notNullable\": true}, {\"args\": [], \"name\": \"permission_id\", \"type\": \"integer\", \"unsigned\": true, \"defaultTo\": null, \"notNullable\": false}, {\"args\": [], \"name\": \"role_id\", \"type\": \"integer\", \"unsigned\": true, \"defaultTo\": null, \"notNullable\": false}, {\"args\": [], \"name\": \"permission_ord\", \"type\": \"double\", \"unsigned\": true, \"defaultTo\": null, \"notNullable\": false}], \"indexes\": [{\"name\": \"up_permissions_role_lnk_fk\", \"columns\": [\"permission_id\"]}, {\"name\": \"up_permissions_role_lnk_ifk\", \"columns\": [\"role_id\"]}, {\"name\": \"up_permissions_role_lnk_uq\", \"type\": \"unique\", \"columns\": [\"permission_id\", \"role_id\"]}, {\"name\": \"up_permissions_role_lnk_oifk\", \"columns\": [\"permission_ord\"]}], \"foreignKeys\": [{\"name\": \"up_permissions_role_lnk_fk\", \"columns\": [\"permission_id\"], \"onDelete\": \"CASCADE\", \"referencedTable\": \"up_permissions\", \"referencedColumns\": [\"id\"]}, {\"name\": \"up_permissions_role_lnk_ifk\", \"columns\": [\"role_id\"], \"onDelete\": \"CASCADE\", \"referencedTable\": \"up_roles\", \"referencedColumns\": [\"id\"]}]}, {\"name\": \"up_users_role_lnk\", \"columns\": [{\"args\": [{\"primary\": true, \"primaryKey\": true}], \"name\": \"id\", \"type\": \"increments\", \"unsigned\": false, \"defaultTo\": null, \"notNullable\": true}, {\"args\": [], \"name\": \"user_id\", \"type\": \"integer\", \"unsigned\": true, \"defaultTo\": null, \"notNullable\": false}, {\"args\": [], \"name\": \"role_id\", \"type\": \"integer\", \"unsigned\": true, \"defaultTo\": null, \"notNullable\": false}, {\"args\": [], \"name\": \"user_ord\", \"type\": \"double\", \"unsigned\": true, \"defaultTo\": null, \"notNullable\": false}], \"indexes\": [{\"name\": \"up_users_role_lnk_fk\", \"columns\": [\"user_id\"]}, {\"name\": \"up_users_role_lnk_ifk\", \"columns\": [\"role_id\"]}, {\"name\": \"up_users_role_lnk_uq\", \"type\": \"unique\", \"columns\": [\"user_id\", \"role_id\"]}, {\"name\": \"up_users_role_lnk_oifk\", \"columns\": [\"user_ord\"]}], \"foreignKeys\": [{\"name\": \"up_users_role_lnk_fk\", \"columns\": [\"user_id\"], \"onDelete\": \"CASCADE\", \"referencedTable\": \"up_users\", \"referencedColumns\": [\"id\"]}, {\"name\": \"up_users_role_lnk_ifk\", \"columns\": [\"role_id\"], \"onDelete\": \"CASCADE\", \"referencedTable\": \"up_roles\", \"referencedColumns\": [\"id\"]}]}, {\"name\": \"admin_permissions_role_lnk\", \"columns\": [{\"args\": [{\"primary\": true, \"primaryKey\": true}], \"name\": \"id\", \"type\": \"increments\", \"unsigned\": false, \"defaultTo\": null, \"notNullable\": true}, {\"args\": [], \"name\": \"permission_id\", \"type\": \"integer\", \"unsigned\": true, \"defaultTo\": null, \"notNullable\": false}, {\"args\": [], \"name\": \"role_id\", \"type\": \"integer\", \"unsigned\": true, \"defaultTo\": null, \"notNullable\": false}, {\"args\": [], \"name\": \"permission_ord\", \"type\": \"double\", \"unsigned\": true, \"defaultTo\": null, \"notNullable\": false}], \"indexes\": [{\"name\": \"admin_permissions_role_lnk_fk\", \"columns\": [\"permission_id\"]}, {\"name\": \"admin_permissions_role_lnk_ifk\", \"columns\": [\"role_id\"]}, {\"name\": \"admin_permissions_role_lnk_uq\", \"type\": \"unique\", \"columns\": [\"permission_id\", \"role_id\"]}, {\"name\": \"admin_permissions_role_lnk_oifk\", \"columns\": [\"permission_ord\"]}], \"foreignKeys\": [{\"name\": \"admin_permissions_role_lnk_fk\", \"columns\": [\"permission_id\"], \"onDelete\": \"CASCADE\", \"referencedTable\": \"admin_permissions\", \"referencedColumns\": [\"id\"]}, {\"name\": \"admin_permissions_role_lnk_ifk\", \"columns\": [\"role_id\"], \"onDelete\": \"CASCADE\", \"referencedTable\": \"admin_roles\", \"referencedColumns\": [\"id\"]}]}, {\"name\": \"admin_users_roles_lnk\", \"columns\": [{\"args\": [{\"primary\": true, \"primaryKey\": true}], \"name\": \"id\", \"type\": \"increments\", \"unsigned\": false, \"defaultTo\": null, \"notNullable\": true}, {\"args\": [], \"name\": \"user_id\", \"type\": \"integer\", \"unsigned\": true, \"defaultTo\": null, \"notNullable\": false}, {\"args\": [], \"name\": \"role_id\", \"type\": \"integer\", \"unsigned\": true, \"defaultTo\": null, \"notNullable\": false}, {\"args\": [], \"name\": \"role_ord\", \"type\": \"double\", \"unsigned\": true, \"defaultTo\": null, \"notNullable\": false}, {\"args\": [], \"name\": \"user_ord\", \"type\": \"double\", \"unsigned\": true, \"defaultTo\": null, \"notNullable\": false}], \"indexes\": [{\"name\": \"admin_users_roles_lnk_fk\", \"columns\": [\"user_id\"]}, {\"name\": \"admin_users_roles_lnk_ifk\", \"columns\": [\"role_id\"]}, {\"name\": \"admin_users_roles_lnk_uq\", \"type\": \"unique\", \"columns\": [\"user_id\", \"role_id\"]}, {\"name\": \"admin_users_roles_lnk_ofk\", \"columns\": [\"role_ord\"]}, {\"name\": \"admin_users_roles_lnk_oifk\", \"columns\": [\"user_ord\"]}], \"foreignKeys\": [{\"name\": \"admin_users_roles_lnk_fk\", \"columns\": [\"user_id\"], \"onDelete\": \"CASCADE\", \"referencedTable\": \"admin_users\", \"referencedColumns\": [\"id\"]}, {\"name\": \"admin_users_roles_lnk_ifk\", \"columns\": [\"role_id\"], \"onDelete\": \"CASCADE\", \"referencedTable\": \"admin_roles\", \"referencedColumns\": [\"id\"]}]}, {\"name\": \"strapi_api_token_permissions_token_lnk\", \"columns\": [{\"args\": [{\"primary\": true, \"primaryKey\": true}], \"name\": \"id\", \"type\": \"increments\", \"unsigned\": false, \"defaultTo\": null, \"notNullable\": true}, {\"args\": [], \"name\": \"api_token_permission_id\", \"type\": \"integer\", \"unsigned\": true, \"defaultTo\": null, \"notNullable\": false}, {\"args\": [], \"name\": \"api_token_id\", \"type\": \"integer\", \"unsigned\": true, \"defaultTo\": null, \"notNullable\": false}, {\"args\": [], \"name\": \"api_token_permission_ord\", \"type\": \"double\", \"unsigned\": true, \"defaultTo\": null, \"notNullable\": false}], \"indexes\": [{\"name\": \"strapi_api_token_permissions_token_lnk_fk\", \"columns\": [\"api_token_permission_id\"]}, {\"name\": \"strapi_api_token_permissions_token_lnk_ifk\", \"columns\": [\"api_token_id\"]}, {\"name\": \"strapi_api_token_permissions_token_lnk_uq\", \"type\": \"unique\", \"columns\": [\"api_token_permission_id\", \"api_token_id\"]}, {\"name\": \"strapi_api_token_permissions_token_lnk_oifk\", \"columns\": [\"api_token_permission_ord\"]}], \"foreignKeys\": [{\"name\": \"strapi_api_token_permissions_token_lnk_fk\", \"columns\": [\"api_token_permission_id\"], \"onDelete\": \"CASCADE\", \"referencedTable\": \"strapi_api_token_permissions\", \"referencedColumns\": [\"id\"]}, {\"name\": \"strapi_api_token_permissions_token_lnk_ifk\", \"columns\": [\"api_token_id\"], \"onDelete\": \"CASCADE\", \"referencedTable\": \"strapi_api_tokens\", \"referencedColumns\": [\"id\"]}]}, {\"name\": \"strapi_transfer_token_permissions_token_lnk\", \"columns\": [{\"args\": [{\"primary\": true, \"primaryKey\": true}], \"name\": \"id\", \"type\": \"increments\", \"unsigned\": false, \"defaultTo\": null, \"notNullable\": true}, {\"args\": [], \"name\": \"transfer_token_permission_id\", \"type\": \"integer\", \"unsigned\": true, \"defaultTo\": null, \"notNullable\": false}, {\"args\": [], \"name\": \"transfer_token_id\", \"type\": \"integer\", \"unsigned\": true, \"defaultTo\": null, \"notNullable\": false}, {\"args\": [], \"name\": \"transfer_token_permission_ord\", \"type\": \"double\", \"unsigned\": true, \"defaultTo\": null, \"notNullable\": false}], \"indexes\": [{\"name\": \"strapi_transfer_token_permissions_token_lnk_fk\", \"columns\": [\"transfer_token_permission_id\"]}, {\"name\": \"strapi_transfer_token_permissions_token_lnk_ifk\", \"columns\": [\"transfer_token_id\"]}, {\"name\": \"strapi_transfer_token_permissions_token_lnk_uq\", \"type\": \"unique\", \"columns\": [\"transfer_token_permission_id\", \"transfer_token_id\"]}, {\"name\": \"strapi_transfer_token_permissions_token_lnk_oifk\", \"columns\": [\"transfer_token_permission_ord\"]}], \"foreignKeys\": [{\"name\": \"strapi_transfer_token_permissions_token_lnk_fk\", \"columns\": [\"transfer_token_permission_id\"], \"onDelete\": \"CASCADE\", \"referencedTable\": \"strapi_transfer_token_permissions\", \"referencedColumns\": [\"id\"]}, {\"name\": \"strapi_transfer_token_permissions_token_lnk_ifk\", \"columns\": [\"transfer_token_id\"], \"onDelete\": \"CASCADE\", \"referencedTable\": \"strapi_transfer_tokens\", \"referencedColumns\": [\"id\"]}]}]}','2024-09-24 00:02:51','ac68ebfc69e0107ff647974ddfaa4551');
/*!40000 ALTER TABLE `strapi_database_schema` ENABLE KEYS */;
UNLOCK TABLES;

--
-- Table structure for table `strapi_history_versions`
--

DROP TABLE IF EXISTS `strapi_history_versions`;
/*!40101 SET @saved_cs_client     = @@character_set_client */;
/*!50503 SET character_set_client = utf8mb4 */;
CREATE TABLE `strapi_history_versions` (
  `id` int unsigned NOT NULL AUTO_INCREMENT,
  `content_type` varchar(255) NOT NULL,
  `related_document_id` varchar(255) DEFAULT NULL,
  `locale` varchar(255) DEFAULT NULL,
  `status` varchar(255) DEFAULT NULL,
  `data` json DEFAULT NULL,
  `schema` json DEFAULT NULL,
  `created_at` datetime(6) DEFAULT NULL,
  `created_by_id` int unsigned DEFAULT NULL,
  PRIMARY KEY (`id`),
  KEY `strapi_history_versions_created_by_id_fk` (`created_by_id`),
  CONSTRAINT `strapi_history_versions_created_by_id_fk` FOREIGN KEY (`created_by_id`) REFERENCES `admin_users` (`id`) ON DELETE SET NULL
) ENGINE=InnoDB DEFAULT CHARSET=utf8mb4 COLLATE=utf8mb4_0900_ai_ci;
/*!40101 SET character_set_client = @saved_cs_client */;

--
-- Dumping data for table `strapi_history_versions`
--

LOCK TABLES `strapi_history_versions` WRITE;
/*!40000 ALTER TABLE `strapi_history_versions` DISABLE KEYS */;
/*!40000 ALTER TABLE `strapi_history_versions` ENABLE KEYS */;
UNLOCK TABLES;

--
-- Table structure for table `strapi_migrations`
--

DROP TABLE IF EXISTS `strapi_migrations`;
/*!40101 SET @saved_cs_client     = @@character_set_client */;
/*!50503 SET character_set_client = utf8mb4 */;
CREATE TABLE `strapi_migrations` (
  `id` int unsigned NOT NULL AUTO_INCREMENT,
  `name` varchar(255) DEFAULT NULL,
  `time` datetime DEFAULT NULL,
  PRIMARY KEY (`id`)
) ENGINE=InnoDB DEFAULT CHARSET=utf8mb4 COLLATE=utf8mb4_0900_ai_ci;
/*!40101 SET character_set_client = @saved_cs_client */;

--
-- Dumping data for table `strapi_migrations`
--

LOCK TABLES `strapi_migrations` WRITE;
/*!40000 ALTER TABLE `strapi_migrations` DISABLE KEYS */;
/*!40000 ALTER TABLE `strapi_migrations` ENABLE KEYS */;
UNLOCK TABLES;

--
-- Table structure for table `strapi_migrations_internal`
--

DROP TABLE IF EXISTS `strapi_migrations_internal`;
/*!40101 SET @saved_cs_client     = @@character_set_client */;
/*!50503 SET character_set_client = utf8mb4 */;
CREATE TABLE `strapi_migrations_internal` (
  `id` int unsigned NOT NULL AUTO_INCREMENT,
  `name` varchar(255) DEFAULT NULL,
  `time` datetime DEFAULT NULL,
  PRIMARY KEY (`id`)
) ENGINE=InnoDB AUTO_INCREMENT=7 DEFAULT CHARSET=utf8mb4 COLLATE=utf8mb4_0900_ai_ci;
/*!40101 SET character_set_client = @saved_cs_client */;

--
-- Dumping data for table `strapi_migrations_internal`
--

LOCK TABLES `strapi_migrations_internal` WRITE;
/*!40000 ALTER TABLE `strapi_migrations_internal` DISABLE KEYS */;
INSERT INTO `strapi_migrations_internal` VALUES (1,'5.0.0-rename-identifiers-longer-than-max-length','2024-09-23 16:25:56'),(2,'5.0.0-02-created-document-id','2024-09-23 16:25:56'),(3,'5.0.0-03-created-locale','2024-09-23 16:25:56'),(4,'5.0.0-04-created-published-at','2024-09-23 16:25:56'),(5,'5.0.0-05-drop-slug-fields-index','2024-09-23 16:25:56'),(6,'core::5.0.0-discard-drafts','2024-09-23 16:25:56');
/*!40000 ALTER TABLE `strapi_migrations_internal` ENABLE KEYS */;
UNLOCK TABLES;

--
-- Table structure for table `strapi_release_actions`
--

DROP TABLE IF EXISTS `strapi_release_actions`;
/*!40101 SET @saved_cs_client     = @@character_set_client */;
/*!50503 SET character_set_client = utf8mb4 */;
CREATE TABLE `strapi_release_actions` (
  `id` int unsigned NOT NULL AUTO_INCREMENT,
  `document_id` varchar(255) DEFAULT NULL,
  `type` varchar(255) DEFAULT NULL,
  `content_type` varchar(255) DEFAULT NULL,
  `entry_document_id` varchar(255) DEFAULT NULL,
  `locale` varchar(255) DEFAULT NULL,
  `is_entry_valid` tinyint(1) DEFAULT NULL,
  `created_at` datetime(6) DEFAULT NULL,
  `updated_at` datetime(6) DEFAULT NULL,
  `published_at` datetime(6) DEFAULT NULL,
  `created_by_id` int unsigned DEFAULT NULL,
  `updated_by_id` int unsigned DEFAULT NULL,
  PRIMARY KEY (`id`),
  KEY `strapi_release_actions_documents_idx` (`document_id`,`locale`,`published_at`),
  KEY `strapi_release_actions_created_by_id_fk` (`created_by_id`),
  KEY `strapi_release_actions_updated_by_id_fk` (`updated_by_id`),
  CONSTRAINT `strapi_release_actions_created_by_id_fk` FOREIGN KEY (`created_by_id`) REFERENCES `admin_users` (`id`) ON DELETE SET NULL,
  CONSTRAINT `strapi_release_actions_updated_by_id_fk` FOREIGN KEY (`updated_by_id`) REFERENCES `admin_users` (`id`) ON DELETE SET NULL
) ENGINE=InnoDB DEFAULT CHARSET=utf8mb4 COLLATE=utf8mb4_0900_ai_ci;
/*!40101 SET character_set_client = @saved_cs_client */;

--
-- Dumping data for table `strapi_release_actions`
--

LOCK TABLES `strapi_release_actions` WRITE;
/*!40000 ALTER TABLE `strapi_release_actions` DISABLE KEYS */;
/*!40000 ALTER TABLE `strapi_release_actions` ENABLE KEYS */;
UNLOCK TABLES;

--
-- Table structure for table `strapi_release_actions_release_lnk`
--

DROP TABLE IF EXISTS `strapi_release_actions_release_lnk`;
/*!40101 SET @saved_cs_client     = @@character_set_client */;
/*!50503 SET character_set_client = utf8mb4 */;
CREATE TABLE `strapi_release_actions_release_lnk` (
  `id` int unsigned NOT NULL AUTO_INCREMENT,
  `release_action_id` int unsigned DEFAULT NULL,
  `release_id` int unsigned DEFAULT NULL,
  `release_action_ord` double unsigned DEFAULT NULL,
  PRIMARY KEY (`id`),
  UNIQUE KEY `strapi_release_actions_release_lnk_uq` (`release_action_id`,`release_id`),
  KEY `strapi_release_actions_release_lnk_fk` (`release_action_id`),
  KEY `strapi_release_actions_release_lnk_ifk` (`release_id`),
  KEY `strapi_release_actions_release_lnk_oifk` (`release_action_ord`),
  CONSTRAINT `strapi_release_actions_release_lnk_fk` FOREIGN KEY (`release_action_id`) REFERENCES `strapi_release_actions` (`id`) ON DELETE CASCADE,
  CONSTRAINT `strapi_release_actions_release_lnk_ifk` FOREIGN KEY (`release_id`) REFERENCES `strapi_releases` (`id`) ON DELETE CASCADE
) ENGINE=InnoDB DEFAULT CHARSET=utf8mb4 COLLATE=utf8mb4_0900_ai_ci;
/*!40101 SET character_set_client = @saved_cs_client */;

--
-- Dumping data for table `strapi_release_actions_release_lnk`
--

LOCK TABLES `strapi_release_actions_release_lnk` WRITE;
/*!40000 ALTER TABLE `strapi_release_actions_release_lnk` DISABLE KEYS */;
/*!40000 ALTER TABLE `strapi_release_actions_release_lnk` ENABLE KEYS */;
UNLOCK TABLES;

--
-- Table structure for table `strapi_releases`
--

DROP TABLE IF EXISTS `strapi_releases`;
/*!40101 SET @saved_cs_client     = @@character_set_client */;
/*!50503 SET character_set_client = utf8mb4 */;
CREATE TABLE `strapi_releases` (
  `id` int unsigned NOT NULL AUTO_INCREMENT,
  `document_id` varchar(255) DEFAULT NULL,
  `name` varchar(255) DEFAULT NULL,
  `released_at` datetime(6) DEFAULT NULL,
  `scheduled_at` datetime(6) DEFAULT NULL,
  `timezone` varchar(255) DEFAULT NULL,
  `status` varchar(255) DEFAULT NULL,
  `created_at` datetime(6) DEFAULT NULL,
  `updated_at` datetime(6) DEFAULT NULL,
  `published_at` datetime(6) DEFAULT NULL,
  `created_by_id` int unsigned DEFAULT NULL,
  `updated_by_id` int unsigned DEFAULT NULL,
  `locale` varchar(255) DEFAULT NULL,
  PRIMARY KEY (`id`),
  KEY `strapi_releases_documents_idx` (`document_id`,`locale`,`published_at`),
  KEY `strapi_releases_created_by_id_fk` (`created_by_id`),
  KEY `strapi_releases_updated_by_id_fk` (`updated_by_id`),
  CONSTRAINT `strapi_releases_created_by_id_fk` FOREIGN KEY (`created_by_id`) REFERENCES `admin_users` (`id`) ON DELETE SET NULL,
  CONSTRAINT `strapi_releases_updated_by_id_fk` FOREIGN KEY (`updated_by_id`) REFERENCES `admin_users` (`id`) ON DELETE SET NULL
) ENGINE=InnoDB DEFAULT CHARSET=utf8mb4 COLLATE=utf8mb4_0900_ai_ci;
/*!40101 SET character_set_client = @saved_cs_client */;

--
-- Dumping data for table `strapi_releases`
--

LOCK TABLES `strapi_releases` WRITE;
/*!40000 ALTER TABLE `strapi_releases` DISABLE KEYS */;
/*!40000 ALTER TABLE `strapi_releases` ENABLE KEYS */;
UNLOCK TABLES;

--
-- Table structure for table `strapi_transfer_token_permissions`
--

DROP TABLE IF EXISTS `strapi_transfer_token_permissions`;
/*!40101 SET @saved_cs_client     = @@character_set_client */;
/*!50503 SET character_set_client = utf8mb4 */;
CREATE TABLE `strapi_transfer_token_permissions` (
  `id` int unsigned NOT NULL AUTO_INCREMENT,
  `document_id` varchar(255) DEFAULT NULL,
  `action` varchar(255) DEFAULT NULL,
  `created_at` datetime(6) DEFAULT NULL,
  `updated_at` datetime(6) DEFAULT NULL,
  `published_at` datetime(6) DEFAULT NULL,
  `created_by_id` int unsigned DEFAULT NULL,
  `updated_by_id` int unsigned DEFAULT NULL,
  `locale` varchar(255) DEFAULT NULL,
  PRIMARY KEY (`id`),
  KEY `strapi_transfer_token_permissions_documents_idx` (`document_id`,`locale`,`published_at`),
  KEY `strapi_transfer_token_permissions_created_by_id_fk` (`created_by_id`),
  KEY `strapi_transfer_token_permissions_updated_by_id_fk` (`updated_by_id`),
  CONSTRAINT `strapi_transfer_token_permissions_created_by_id_fk` FOREIGN KEY (`created_by_id`) REFERENCES `admin_users` (`id`) ON DELETE SET NULL,
  CONSTRAINT `strapi_transfer_token_permissions_updated_by_id_fk` FOREIGN KEY (`updated_by_id`) REFERENCES `admin_users` (`id`) ON DELETE SET NULL
) ENGINE=InnoDB DEFAULT CHARSET=utf8mb4 COLLATE=utf8mb4_0900_ai_ci;
/*!40101 SET character_set_client = @saved_cs_client */;

--
-- Dumping data for table `strapi_transfer_token_permissions`
--

LOCK TABLES `strapi_transfer_token_permissions` WRITE;
/*!40000 ALTER TABLE `strapi_transfer_token_permissions` DISABLE KEYS */;
/*!40000 ALTER TABLE `strapi_transfer_token_permissions` ENABLE KEYS */;
UNLOCK TABLES;

--
-- Table structure for table `strapi_transfer_token_permissions_token_lnk`
--

DROP TABLE IF EXISTS `strapi_transfer_token_permissions_token_lnk`;
/*!40101 SET @saved_cs_client     = @@character_set_client */;
/*!50503 SET character_set_client = utf8mb4 */;
CREATE TABLE `strapi_transfer_token_permissions_token_lnk` (
  `id` int unsigned NOT NULL AUTO_INCREMENT,
  `transfer_token_permission_id` int unsigned DEFAULT NULL,
  `transfer_token_id` int unsigned DEFAULT NULL,
  `transfer_token_permission_ord` double unsigned DEFAULT NULL,
  PRIMARY KEY (`id`),
  UNIQUE KEY `strapi_transfer_token_permissions_token_lnk_uq` (`transfer_token_permission_id`,`transfer_token_id`),
  KEY `strapi_transfer_token_permissions_token_lnk_fk` (`transfer_token_permission_id`),
  KEY `strapi_transfer_token_permissions_token_lnk_ifk` (`transfer_token_id`),
  KEY `strapi_transfer_token_permissions_token_lnk_oifk` (`transfer_token_permission_ord`),
  CONSTRAINT `strapi_transfer_token_permissions_token_lnk_fk` FOREIGN KEY (`transfer_token_permission_id`) REFERENCES `strapi_transfer_token_permissions` (`id`) ON DELETE CASCADE,
  CONSTRAINT `strapi_transfer_token_permissions_token_lnk_ifk` FOREIGN KEY (`transfer_token_id`) REFERENCES `strapi_transfer_tokens` (`id`) ON DELETE CASCADE
) ENGINE=InnoDB DEFAULT CHARSET=utf8mb4 COLLATE=utf8mb4_0900_ai_ci;
/*!40101 SET character_set_client = @saved_cs_client */;

--
-- Dumping data for table `strapi_transfer_token_permissions_token_lnk`
--

LOCK TABLES `strapi_transfer_token_permissions_token_lnk` WRITE;
/*!40000 ALTER TABLE `strapi_transfer_token_permissions_token_lnk` DISABLE KEYS */;
/*!40000 ALTER TABLE `strapi_transfer_token_permissions_token_lnk` ENABLE KEYS */;
UNLOCK TABLES;

--
-- Table structure for table `strapi_transfer_tokens`
--

DROP TABLE IF EXISTS `strapi_transfer_tokens`;
/*!40101 SET @saved_cs_client     = @@character_set_client */;
/*!50503 SET character_set_client = utf8mb4 */;
CREATE TABLE `strapi_transfer_tokens` (
  `id` int unsigned NOT NULL AUTO_INCREMENT,
  `document_id` varchar(255) DEFAULT NULL,
  `name` varchar(255) DEFAULT NULL,
  `description` varchar(255) DEFAULT NULL,
  `access_key` varchar(255) DEFAULT NULL,
  `last_used_at` datetime(6) DEFAULT NULL,
  `expires_at` datetime(6) DEFAULT NULL,
  `lifespan` bigint DEFAULT NULL,
  `created_at` datetime(6) DEFAULT NULL,
  `updated_at` datetime(6) DEFAULT NULL,
  `published_at` datetime(6) DEFAULT NULL,
  `created_by_id` int unsigned DEFAULT NULL,
  `updated_by_id` int unsigned DEFAULT NULL,
  `locale` varchar(255) DEFAULT NULL,
  PRIMARY KEY (`id`),
  KEY `strapi_transfer_tokens_documents_idx` (`document_id`,`locale`,`published_at`),
  KEY `strapi_transfer_tokens_created_by_id_fk` (`created_by_id`),
  KEY `strapi_transfer_tokens_updated_by_id_fk` (`updated_by_id`),
  CONSTRAINT `strapi_transfer_tokens_created_by_id_fk` FOREIGN KEY (`created_by_id`) REFERENCES `admin_users` (`id`) ON DELETE SET NULL,
  CONSTRAINT `strapi_transfer_tokens_updated_by_id_fk` FOREIGN KEY (`updated_by_id`) REFERENCES `admin_users` (`id`) ON DELETE SET NULL
) ENGINE=InnoDB DEFAULT CHARSET=utf8mb4 COLLATE=utf8mb4_0900_ai_ci;
/*!40101 SET character_set_client = @saved_cs_client */;

--
-- Dumping data for table `strapi_transfer_tokens`
--

LOCK TABLES `strapi_transfer_tokens` WRITE;
/*!40000 ALTER TABLE `strapi_transfer_tokens` DISABLE KEYS */;
/*!40000 ALTER TABLE `strapi_transfer_tokens` ENABLE KEYS */;
UNLOCK TABLES;

--
-- Table structure for table `strapi_webhooks`
--

DROP TABLE IF EXISTS `strapi_webhooks`;
/*!40101 SET @saved_cs_client     = @@character_set_client */;
/*!50503 SET character_set_client = utf8mb4 */;
CREATE TABLE `strapi_webhooks` (
  `id` int unsigned NOT NULL AUTO_INCREMENT,
  `name` varchar(255) DEFAULT NULL,
  `url` longtext,
  `headers` json DEFAULT NULL,
  `events` json DEFAULT NULL,
  `enabled` tinyint(1) DEFAULT NULL,
  PRIMARY KEY (`id`)
) ENGINE=InnoDB DEFAULT CHARSET=utf8mb4 COLLATE=utf8mb4_0900_ai_ci;
/*!40101 SET character_set_client = @saved_cs_client */;

--
-- Dumping data for table `strapi_webhooks`
--

LOCK TABLES `strapi_webhooks` WRITE;
/*!40000 ALTER TABLE `strapi_webhooks` DISABLE KEYS */;
/*!40000 ALTER TABLE `strapi_webhooks` ENABLE KEYS */;
UNLOCK TABLES;

--
-- Table structure for table `strapi_workflows`
--

DROP TABLE IF EXISTS `strapi_workflows`;
/*!40101 SET @saved_cs_client     = @@character_set_client */;
/*!50503 SET character_set_client = utf8mb4 */;
CREATE TABLE `strapi_workflows` (
  `id` int unsigned NOT NULL AUTO_INCREMENT,
  `document_id` varchar(255) DEFAULT NULL,
  `name` varchar(255) DEFAULT NULL,
  `content_types` json DEFAULT NULL,
  `created_at` datetime(6) DEFAULT NULL,
  `updated_at` datetime(6) DEFAULT NULL,
  `published_at` datetime(6) DEFAULT NULL,
  `created_by_id` int unsigned DEFAULT NULL,
  `updated_by_id` int unsigned DEFAULT NULL,
  `locale` varchar(255) DEFAULT NULL,
  PRIMARY KEY (`id`),
  KEY `strapi_workflows_documents_idx` (`document_id`,`locale`,`published_at`),
  KEY `strapi_workflows_created_by_id_fk` (`created_by_id`),
  KEY `strapi_workflows_updated_by_id_fk` (`updated_by_id`),
  CONSTRAINT `strapi_workflows_created_by_id_fk` FOREIGN KEY (`created_by_id`) REFERENCES `admin_users` (`id`) ON DELETE SET NULL,
  CONSTRAINT `strapi_workflows_updated_by_id_fk` FOREIGN KEY (`updated_by_id`) REFERENCES `admin_users` (`id`) ON DELETE SET NULL
) ENGINE=InnoDB DEFAULT CHARSET=utf8mb4 COLLATE=utf8mb4_0900_ai_ci;
/*!40101 SET character_set_client = @saved_cs_client */;

--
-- Dumping data for table `strapi_workflows`
--

LOCK TABLES `strapi_workflows` WRITE;
/*!40000 ALTER TABLE `strapi_workflows` DISABLE KEYS */;
/*!40000 ALTER TABLE `strapi_workflows` ENABLE KEYS */;
UNLOCK TABLES;

--
-- Table structure for table `strapi_workflows_stages`
--

DROP TABLE IF EXISTS `strapi_workflows_stages`;
/*!40101 SET @saved_cs_client     = @@character_set_client */;
/*!50503 SET character_set_client = utf8mb4 */;
CREATE TABLE `strapi_workflows_stages` (
  `id` int unsigned NOT NULL AUTO_INCREMENT,
  `document_id` varchar(255) DEFAULT NULL,
  `name` varchar(255) DEFAULT NULL,
  `color` varchar(255) DEFAULT NULL,
  `created_at` datetime(6) DEFAULT NULL,
  `updated_at` datetime(6) DEFAULT NULL,
  `published_at` datetime(6) DEFAULT NULL,
  `created_by_id` int unsigned DEFAULT NULL,
  `updated_by_id` int unsigned DEFAULT NULL,
  `locale` varchar(255) DEFAULT NULL,
  PRIMARY KEY (`id`),
  KEY `strapi_workflows_stages_documents_idx` (`document_id`,`locale`,`published_at`),
  KEY `strapi_workflows_stages_created_by_id_fk` (`created_by_id`),
  KEY `strapi_workflows_stages_updated_by_id_fk` (`updated_by_id`),
  CONSTRAINT `strapi_workflows_stages_created_by_id_fk` FOREIGN KEY (`created_by_id`) REFERENCES `admin_users` (`id`) ON DELETE SET NULL,
  CONSTRAINT `strapi_workflows_stages_updated_by_id_fk` FOREIGN KEY (`updated_by_id`) REFERENCES `admin_users` (`id`) ON DELETE SET NULL
) ENGINE=InnoDB DEFAULT CHARSET=utf8mb4 COLLATE=utf8mb4_0900_ai_ci;
/*!40101 SET character_set_client = @saved_cs_client */;

--
-- Dumping data for table `strapi_workflows_stages`
--

LOCK TABLES `strapi_workflows_stages` WRITE;
/*!40000 ALTER TABLE `strapi_workflows_stages` DISABLE KEYS */;
/*!40000 ALTER TABLE `strapi_workflows_stages` ENABLE KEYS */;
UNLOCK TABLES;

--
-- Table structure for table `strapi_workflows_stages_permissions_lnk`
--

DROP TABLE IF EXISTS `strapi_workflows_stages_permissions_lnk`;
/*!40101 SET @saved_cs_client     = @@character_set_client */;
/*!50503 SET character_set_client = utf8mb4 */;
CREATE TABLE `strapi_workflows_stages_permissions_lnk` (
  `id` int unsigned NOT NULL AUTO_INCREMENT,
  `workflow_stage_id` int unsigned DEFAULT NULL,
  `permission_id` int unsigned DEFAULT NULL,
  `permission_ord` double unsigned DEFAULT NULL,
  PRIMARY KEY (`id`),
  UNIQUE KEY `strapi_workflows_stages_permissions_lnk_uq` (`workflow_stage_id`,`permission_id`),
  KEY `strapi_workflows_stages_permissions_lnk_fk` (`workflow_stage_id`),
  KEY `strapi_workflows_stages_permissions_lnk_ifk` (`permission_id`),
  KEY `strapi_workflows_stages_permissions_lnk_ofk` (`permission_ord`),
  CONSTRAINT `strapi_workflows_stages_permissions_lnk_fk` FOREIGN KEY (`workflow_stage_id`) REFERENCES `strapi_workflows_stages` (`id`) ON DELETE CASCADE,
  CONSTRAINT `strapi_workflows_stages_permissions_lnk_ifk` FOREIGN KEY (`permission_id`) REFERENCES `admin_permissions` (`id`) ON DELETE CASCADE
) ENGINE=InnoDB DEFAULT CHARSET=utf8mb4 COLLATE=utf8mb4_0900_ai_ci;
/*!40101 SET character_set_client = @saved_cs_client */;

--
-- Dumping data for table `strapi_workflows_stages_permissions_lnk`
--

LOCK TABLES `strapi_workflows_stages_permissions_lnk` WRITE;
/*!40000 ALTER TABLE `strapi_workflows_stages_permissions_lnk` DISABLE KEYS */;
/*!40000 ALTER TABLE `strapi_workflows_stages_permissions_lnk` ENABLE KEYS */;
UNLOCK TABLES;

--
-- Table structure for table `strapi_workflows_stages_workflow_lnk`
--

DROP TABLE IF EXISTS `strapi_workflows_stages_workflow_lnk`;
/*!40101 SET @saved_cs_client     = @@character_set_client */;
/*!50503 SET character_set_client = utf8mb4 */;
CREATE TABLE `strapi_workflows_stages_workflow_lnk` (
  `id` int unsigned NOT NULL AUTO_INCREMENT,
  `workflow_stage_id` int unsigned DEFAULT NULL,
  `workflow_id` int unsigned DEFAULT NULL,
  `workflow_stage_ord` double unsigned DEFAULT NULL,
  PRIMARY KEY (`id`),
  UNIQUE KEY `strapi_workflows_stages_workflow_lnk_uq` (`workflow_stage_id`,`workflow_id`),
  KEY `strapi_workflows_stages_workflow_lnk_fk` (`workflow_stage_id`),
  KEY `strapi_workflows_stages_workflow_lnk_ifk` (`workflow_id`),
  KEY `strapi_workflows_stages_workflow_lnk_oifk` (`workflow_stage_ord`),
  CONSTRAINT `strapi_workflows_stages_workflow_lnk_fk` FOREIGN KEY (`workflow_stage_id`) REFERENCES `strapi_workflows_stages` (`id`) ON DELETE CASCADE,
  CONSTRAINT `strapi_workflows_stages_workflow_lnk_ifk` FOREIGN KEY (`workflow_id`) REFERENCES `strapi_workflows` (`id`) ON DELETE CASCADE
) ENGINE=InnoDB DEFAULT CHARSET=utf8mb4 COLLATE=utf8mb4_0900_ai_ci;
/*!40101 SET character_set_client = @saved_cs_client */;

--
-- Dumping data for table `strapi_workflows_stages_workflow_lnk`
--

LOCK TABLES `strapi_workflows_stages_workflow_lnk` WRITE;
/*!40000 ALTER TABLE `strapi_workflows_stages_workflow_lnk` DISABLE KEYS */;
/*!40000 ALTER TABLE `strapi_workflows_stages_workflow_lnk` ENABLE KEYS */;
UNLOCK TABLES;

--
-- Table structure for table `up_permissions`
--

DROP TABLE IF EXISTS `up_permissions`;
/*!40101 SET @saved_cs_client     = @@character_set_client */;
/*!50503 SET character_set_client = utf8mb4 */;
CREATE TABLE `up_permissions` (
  `id` int unsigned NOT NULL AUTO_INCREMENT,
  `document_id` varchar(255) DEFAULT NULL,
  `action` varchar(255) DEFAULT NULL,
  `created_at` datetime(6) DEFAULT NULL,
  `updated_at` datetime(6) DEFAULT NULL,
  `published_at` datetime(6) DEFAULT NULL,
  `created_by_id` int unsigned DEFAULT NULL,
  `updated_by_id` int unsigned DEFAULT NULL,
  `locale` varchar(255) DEFAULT NULL,
  PRIMARY KEY (`id`),
  KEY `up_permissions_documents_idx` (`document_id`,`locale`,`published_at`),
  KEY `up_permissions_created_by_id_fk` (`created_by_id`),
  KEY `up_permissions_updated_by_id_fk` (`updated_by_id`),
  CONSTRAINT `up_permissions_created_by_id_fk` FOREIGN KEY (`created_by_id`) REFERENCES `admin_users` (`id`) ON DELETE SET NULL,
  CONSTRAINT `up_permissions_updated_by_id_fk` FOREIGN KEY (`updated_by_id`) REFERENCES `admin_users` (`id`) ON DELETE SET NULL
) ENGINE=InnoDB AUTO_INCREMENT=29 DEFAULT CHARSET=utf8mb4 COLLATE=utf8mb4_0900_ai_ci;
/*!40101 SET character_set_client = @saved_cs_client */;

--
-- Dumping data for table `up_permissions`
--

LOCK TABLES `up_permissions` WRITE;
/*!40000 ALTER TABLE `up_permissions` DISABLE KEYS */;
INSERT INTO `up_permissions` VALUES (1,'plsji7mgffqvqacbjggassms','plugin::users-permissions.user.me','2024-09-23 16:26:09.533000','2024-09-23 16:26:09.533000','2024-09-23 16:26:09.533000',NULL,NULL,NULL),(2,'wlvqfgdss5qudxxfmtutpjs7','plugin::users-permissions.auth.changePassword','2024-09-23 16:26:09.533000','2024-09-23 16:26:09.533000','2024-09-23 16:26:09.534000',NULL,NULL,NULL),(3,'iklb6nt15jvlznuudk969px2','plugin::users-permissions.auth.callback','2024-09-23 16:26:09.581000','2024-09-23 16:26:09.581000','2024-09-23 16:26:09.581000',NULL,NULL,NULL),(4,'v6yo47gymcc6uhq4kjyhykio','plugin::users-permissions.auth.connect','2024-09-23 16:26:09.581000','2024-09-23 16:26:09.581000','2024-09-23 16:26:09.581000',NULL,NULL,NULL),(5,'ckz64531awct41q7bct9oup2','plugin::users-permissions.auth.resetPassword','2024-09-23 16:26:09.581000','2024-09-23 16:26:09.581000','2024-09-23 16:26:09.582000',NULL,NULL,NULL),(6,'kqs52cnmpupgvpi27wwfq0wc','plugin::users-permissions.auth.forgotPassword','2024-09-23 16:26:09.581000','2024-09-23 16:26:09.581000','2024-09-23 16:26:09.582000',NULL,NULL,NULL),(7,'oyk447kn95d4z0d5z5u945fy','plugin::users-permissions.auth.register','2024-09-23 16:26:09.581000','2024-09-23 16:26:09.581000','2024-09-23 16:26:09.582000',NULL,NULL,NULL),(8,'lkv7303sza8cdt8ci6iyyjfi','plugin::users-permissions.auth.emailConfirmation','2024-09-23 16:26:09.581000','2024-09-23 16:26:09.581000','2024-09-23 16:26:09.582000',NULL,NULL,NULL),(9,'ulkcg735q2g873vpywid3t9q','plugin::users-permissions.auth.sendEmailConfirmation','2024-09-23 16:26:09.581000','2024-09-23 16:26:09.581000','2024-09-23 16:26:09.582000',NULL,NULL,NULL),(10,'izra5bt14152iea7lqaqw6u3','api::sentence.sentence.getSentences','2024-09-23 17:09:02.228000','2024-09-23 17:09:02.228000','2024-09-23 17:09:02.229000',NULL,NULL,NULL),(11,'pwhnj72lqsmkdw268f18s256','api::sentence.sentence.createSentence','2024-09-23 17:47:46.525000','2024-09-23 17:47:46.525000','2024-09-23 17:47:46.525000',NULL,NULL,NULL),(12,'u8kwbpeib2nk5zmxqnjl8906','plugin::users-permissions.user.find','2024-09-23 18:59:41.002000','2024-09-23 18:59:41.002000','2024-09-23 18:59:41.002000',NULL,NULL,NULL),(13,'lyeovvf9zmbfjjw4d9ieb7uo','plugin::users-permissions.user.findOne','2024-09-23 18:59:41.002000','2024-09-23 18:59:41.002000','2024-09-23 18:59:41.002000',NULL,NULL,NULL),(14,'p7w48too78vmzeyp7ptxxuix','api::sentence.sentence.cronSentences','2024-09-23 19:18:43.273000','2024-09-23 19:18:43.273000','2024-09-23 19:18:43.274000',NULL,NULL,NULL),(15,'wkevwflyrqqwwtvzgpcj3ed3','api::sentence.sentence.getSentence','2024-09-24 00:50:41.134000','2024-09-24 00:50:41.134000','2024-09-24 00:50:41.135000',NULL,NULL,NULL),(16,'b6ampvgv345dkk6mpb2rsf6y','api::sentence.sentence.findOne','2024-09-24 00:50:41.134000','2024-09-24 00:50:41.134000','2024-09-24 00:50:41.135000',NULL,NULL,NULL),(17,'wwnu0o4gtrguxvb6letnn978','api::sentence.sentence.deleteSentence','2024-09-24 00:50:41.134000','2024-09-24 00:50:41.134000','2024-09-24 00:50:41.135000',NULL,NULL,NULL),(18,'b7b8dmyi8yar8xles2vel3tm','api::invalid-list.invalid-list.find','2024-09-24 09:43:11.052000','2024-09-24 09:43:11.052000','2024-09-24 09:43:11.053000',NULL,NULL,NULL),(19,'pke69jobp361em728tsxdk7m','api::invalid-list.invalid-list.findOne','2024-09-24 09:43:11.052000','2024-09-24 09:43:11.052000','2024-09-24 09:43:11.053000',NULL,NULL,NULL),(20,'em7ttiiz8p4enu5zyxe3xwf0','api::invalid-list.invalid-list.create','2024-09-24 09:43:11.052000','2024-09-24 09:43:11.052000','2024-09-24 09:43:11.054000',NULL,NULL,NULL),(22,'wjv6i4h97m3h5hz9rci5jw60','api::invalid-list.invalid-list.update','2024-09-24 09:43:11.052000','2024-09-24 09:43:11.052000','2024-09-24 09:43:11.055000',NULL,NULL,NULL),(23,'fo6z53h4hp6yw6b133bpxrcd','plugin::users-permissions.role.createRole','2024-10-09 05:54:05.059000','2024-10-09 05:54:05.059000','2024-10-09 05:54:05.060000',NULL,NULL,NULL),(24,'a98dzv9y65t7i2eq7ju5g52p','plugin::users-permissions.role.find','2024-10-09 05:54:05.059000','2024-10-09 05:54:05.059000','2024-10-09 05:54:05.061000',NULL,NULL,NULL),(25,'np9w98laxchb82w9cmqmzpny','plugin::users-permissions.role.findOne','2024-10-09 05:54:05.059000','2024-10-09 05:54:05.059000','2024-10-09 05:54:05.060000',NULL,NULL,NULL),(26,'wt7ldmeovk57ua01bqqjnfjd','plugin::users-permissions.role.updateRole','2024-10-09 05:54:05.059000','2024-10-09 05:54:05.059000','2024-10-09 05:54:05.061000',NULL,NULL,NULL),(27,'ir5d1sc2ngozc6hf0aj351zb','plugin::users-permissions.role.deleteRole','2024-10-09 05:54:05.059000','2024-10-09 05:54:05.059000','2024-10-09 05:54:05.062000',NULL,NULL,NULL),(28,'vrz5ybtq1408hdfskqo55i9c','api::sentence.sentence.find','2024-10-12 06:55:38.546000','2024-10-12 06:55:38.546000','2024-10-12 06:55:38.547000',NULL,NULL,NULL);
/*!40000 ALTER TABLE `up_permissions` ENABLE KEYS */;
UNLOCK TABLES;

--
-- Table structure for table `up_permissions_role_lnk`
--

DROP TABLE IF EXISTS `up_permissions_role_lnk`;
/*!40101 SET @saved_cs_client     = @@character_set_client */;
/*!50503 SET character_set_client = utf8mb4 */;
CREATE TABLE `up_permissions_role_lnk` (
  `id` int unsigned NOT NULL AUTO_INCREMENT,
  `permission_id` int unsigned DEFAULT NULL,
  `role_id` int unsigned DEFAULT NULL,
  `permission_ord` double unsigned DEFAULT NULL,
  PRIMARY KEY (`id`),
  UNIQUE KEY `up_permissions_role_lnk_uq` (`permission_id`,`role_id`),
  KEY `up_permissions_role_lnk_fk` (`permission_id`),
  KEY `up_permissions_role_lnk_ifk` (`role_id`),
  KEY `up_permissions_role_lnk_oifk` (`permission_ord`),
  CONSTRAINT `up_permissions_role_lnk_fk` FOREIGN KEY (`permission_id`) REFERENCES `up_permissions` (`id`) ON DELETE CASCADE,
  CONSTRAINT `up_permissions_role_lnk_ifk` FOREIGN KEY (`role_id`) REFERENCES `up_roles` (`id`) ON DELETE CASCADE
) ENGINE=InnoDB AUTO_INCREMENT=29 DEFAULT CHARSET=utf8mb4 COLLATE=utf8mb4_0900_ai_ci;
/*!40101 SET character_set_client = @saved_cs_client */;

--
-- Dumping data for table `up_permissions_role_lnk`
--

LOCK TABLES `up_permissions_role_lnk` WRITE;
/*!40000 ALTER TABLE `up_permissions_role_lnk` DISABLE KEYS */;
INSERT INTO `up_permissions_role_lnk` VALUES (1,1,1,1),(2,2,1,1),(3,3,2,1),(4,8,2,1),(5,6,2,1),(6,4,2,1),(7,9,2,1),(8,5,2,1),(9,7,2,1),(10,10,2,2),(11,11,2,3),(12,12,2,4),(13,13,2,4),(14,14,2,5),(15,17,2,6),(16,16,2,6),(17,15,2,6),(18,18,2,7),(19,22,2,7),(20,20,2,7),(21,19,2,7),(23,24,1,2),(24,25,1,2),(25,23,1,2),(26,26,1,2),(27,27,1,2),(28,28,2,8);
/*!40000 ALTER TABLE `up_permissions_role_lnk` ENABLE KEYS */;
UNLOCK TABLES;

--
-- Table structure for table `up_roles`
--

DROP TABLE IF EXISTS `up_roles`;
/*!40101 SET @saved_cs_client     = @@character_set_client */;
/*!50503 SET character_set_client = utf8mb4 */;
CREATE TABLE `up_roles` (
  `id` int unsigned NOT NULL AUTO_INCREMENT,
  `document_id` varchar(255) DEFAULT NULL,
  `name` varchar(255) DEFAULT NULL,
  `description` varchar(255) DEFAULT NULL,
  `type` varchar(255) DEFAULT NULL,
  `created_at` datetime(6) DEFAULT NULL,
  `updated_at` datetime(6) DEFAULT NULL,
  `published_at` datetime(6) DEFAULT NULL,
  `created_by_id` int unsigned DEFAULT NULL,
  `updated_by_id` int unsigned DEFAULT NULL,
  `locale` varchar(255) DEFAULT NULL,
  PRIMARY KEY (`id`),
  KEY `up_roles_documents_idx` (`document_id`,`locale`,`published_at`),
  KEY `up_roles_created_by_id_fk` (`created_by_id`),
  KEY `up_roles_updated_by_id_fk` (`updated_by_id`),
  CONSTRAINT `up_roles_created_by_id_fk` FOREIGN KEY (`created_by_id`) REFERENCES `admin_users` (`id`) ON DELETE SET NULL,
  CONSTRAINT `up_roles_updated_by_id_fk` FOREIGN KEY (`updated_by_id`) REFERENCES `admin_users` (`id`) ON DELETE SET NULL
) ENGINE=InnoDB AUTO_INCREMENT=3 DEFAULT CHARSET=utf8mb4 COLLATE=utf8mb4_0900_ai_ci;
/*!40101 SET character_set_client = @saved_cs_client */;

--
-- Dumping data for table `up_roles`
--

LOCK TABLES `up_roles` WRITE;
/*!40000 ALTER TABLE `up_roles` DISABLE KEYS */;
INSERT INTO `up_roles` VALUES (1,'bt30g1pmfo8u2e77ol1efk20','Authenticated','Default role given to authenticated user.','authenticated','2024-09-23 16:26:09.495000','2024-10-09 05:54:05.034000','2024-09-23 16:26:09.495000',NULL,NULL,NULL),(2,'bt064igriw20waw2ajtw0s86','Public','Default role given to unauthenticated user.','public','2024-09-23 16:26:09.511000','2024-10-13 23:26:41.780000','2024-09-23 16:26:09.511000',NULL,NULL,NULL);
/*!40000 ALTER TABLE `up_roles` ENABLE KEYS */;
UNLOCK TABLES;

--
-- Table structure for table `up_users`
--

DROP TABLE IF EXISTS `up_users`;
/*!40101 SET @saved_cs_client     = @@character_set_client */;
/*!50503 SET character_set_client = utf8mb4 */;
CREATE TABLE `up_users` (
  `id` int unsigned NOT NULL AUTO_INCREMENT,
  `document_id` varchar(255) DEFAULT NULL,
  `username` varchar(255) DEFAULT NULL,
  `email` varchar(255) DEFAULT NULL,
  `provider` varchar(255) DEFAULT NULL,
  `password` varchar(255) DEFAULT NULL,
  `reset_password_token` varchar(255) DEFAULT NULL,
  `confirmation_token` varchar(255) DEFAULT NULL,
  `confirmed` tinyint(1) DEFAULT NULL,
  `blocked` tinyint(1) DEFAULT NULL,
  `created_at` datetime(6) DEFAULT NULL,
  `updated_at` datetime(6) DEFAULT NULL,
  `published_at` datetime(6) DEFAULT NULL,
  `created_by_id` int unsigned DEFAULT NULL,
  `updated_by_id` int unsigned DEFAULT NULL,
  `locale` varchar(255) DEFAULT NULL,
  `cel` varchar(255) DEFAULT NULL,
  `interval` varchar(255) DEFAULT NULL,
  PRIMARY KEY (`id`),
  KEY `up_users_documents_idx` (`document_id`,`locale`,`published_at`),
  KEY `up_users_created_by_id_fk` (`created_by_id`),
  KEY `up_users_updated_by_id_fk` (`updated_by_id`),
  CONSTRAINT `up_users_created_by_id_fk` FOREIGN KEY (`created_by_id`) REFERENCES `admin_users` (`id`) ON DELETE SET NULL,
  CONSTRAINT `up_users_updated_by_id_fk` FOREIGN KEY (`updated_by_id`) REFERENCES `admin_users` (`id`) ON DELETE SET NULL
) ENGINE=InnoDB AUTO_INCREMENT=3 DEFAULT CHARSET=utf8mb4 COLLATE=utf8mb4_0900_ai_ci;
/*!40101 SET character_set_client = @saved_cs_client */;

--
-- Dumping data for table `up_users`
--

LOCK TABLES `up_users` WRITE;
/*!40000 ALTER TABLE `up_users` DISABLE KEYS */;
INSERT INTO `up_users` VALUES (1,'ccpxv6ujjl5uar26ejemuwtf','Edu',NULL,NULL,NULL,NULL,NULL,1,0,'2024-09-23 17:51:09.472000','2024-10-14 07:18:48.633000','2024-10-12 07:17:31.631000',NULL,1,NULL,'51946008051','0 */17 * * * *');
/*!40000 ALTER TABLE `up_users` ENABLE KEYS */;
UNLOCK TABLES;

--
-- Table structure for table `up_users_role_lnk`
--

DROP TABLE IF EXISTS `up_users_role_lnk`;
/*!40101 SET @saved_cs_client     = @@character_set_client */;
/*!50503 SET character_set_client = utf8mb4 */;
CREATE TABLE `up_users_role_lnk` (
  `id` int unsigned NOT NULL AUTO_INCREMENT,
  `user_id` int unsigned DEFAULT NULL,
  `role_id` int unsigned DEFAULT NULL,
  `user_ord` double unsigned DEFAULT NULL,
  PRIMARY KEY (`id`),
  UNIQUE KEY `up_users_role_lnk_uq` (`user_id`,`role_id`),
  KEY `up_users_role_lnk_fk` (`user_id`),
  KEY `up_users_role_lnk_ifk` (`role_id`),
  KEY `up_users_role_lnk_oifk` (`user_ord`),
  CONSTRAINT `up_users_role_lnk_fk` FOREIGN KEY (`user_id`) REFERENCES `up_users` (`id`) ON DELETE CASCADE,
  CONSTRAINT `up_users_role_lnk_ifk` FOREIGN KEY (`role_id`) REFERENCES `up_roles` (`id`) ON DELETE CASCADE
) ENGINE=InnoDB DEFAULT CHARSET=utf8mb4 COLLATE=utf8mb4_0900_ai_ci;
/*!40101 SET character_set_client = @saved_cs_client */;

--
-- Dumping data for table `up_users_role_lnk`
--

LOCK TABLES `up_users_role_lnk` WRITE;
/*!40000 ALTER TABLE `up_users_role_lnk` DISABLE KEYS */;
/*!40000 ALTER TABLE `up_users_role_lnk` ENABLE KEYS */;
UNLOCK TABLES;

--
-- Table structure for table `upload_folders`
--

DROP TABLE IF EXISTS `upload_folders`;
/*!40101 SET @saved_cs_client     = @@character_set_client */;
/*!50503 SET character_set_client = utf8mb4 */;
CREATE TABLE `upload_folders` (
  `id` int unsigned NOT NULL AUTO_INCREMENT,
  `document_id` varchar(255) DEFAULT NULL,
  `name` varchar(255) DEFAULT NULL,
  `path_id` int DEFAULT NULL,
  `path` varchar(255) DEFAULT NULL,
  `created_at` datetime(6) DEFAULT NULL,
  `updated_at` datetime(6) DEFAULT NULL,
  `published_at` datetime(6) DEFAULT NULL,
  `created_by_id` int unsigned DEFAULT NULL,
  `updated_by_id` int unsigned DEFAULT NULL,
  `locale` varchar(255) DEFAULT NULL,
  PRIMARY KEY (`id`),
  UNIQUE KEY `upload_folders_path_id_index` (`path_id`),
  UNIQUE KEY `upload_folders_path_index` (`path`),
  KEY `upload_folders_documents_idx` (`document_id`,`locale`,`published_at`),
  KEY `upload_folders_created_by_id_fk` (`created_by_id`),
  KEY `upload_folders_updated_by_id_fk` (`updated_by_id`),
  CONSTRAINT `upload_folders_created_by_id_fk` FOREIGN KEY (`created_by_id`) REFERENCES `admin_users` (`id`) ON DELETE SET NULL,
  CONSTRAINT `upload_folders_updated_by_id_fk` FOREIGN KEY (`updated_by_id`) REFERENCES `admin_users` (`id`) ON DELETE SET NULL
) ENGINE=InnoDB DEFAULT CHARSET=utf8mb4 COLLATE=utf8mb4_0900_ai_ci;
/*!40101 SET character_set_client = @saved_cs_client */;

--
-- Dumping data for table `upload_folders`
--

LOCK TABLES `upload_folders` WRITE;
/*!40000 ALTER TABLE `upload_folders` DISABLE KEYS */;
/*!40000 ALTER TABLE `upload_folders` ENABLE KEYS */;
UNLOCK TABLES;

--
-- Table structure for table `upload_folders_parent_lnk`
--

DROP TABLE IF EXISTS `upload_folders_parent_lnk`;
/*!40101 SET @saved_cs_client     = @@character_set_client */;
/*!50503 SET character_set_client = utf8mb4 */;
CREATE TABLE `upload_folders_parent_lnk` (
  `id` int unsigned NOT NULL AUTO_INCREMENT,
  `folder_id` int unsigned DEFAULT NULL,
  `inv_folder_id` int unsigned DEFAULT NULL,
  `folder_ord` double unsigned DEFAULT NULL,
  PRIMARY KEY (`id`),
  UNIQUE KEY `upload_folders_parent_lnk_uq` (`folder_id`,`inv_folder_id`),
  KEY `upload_folders_parent_lnk_fk` (`folder_id`),
  KEY `upload_folders_parent_lnk_ifk` (`inv_folder_id`),
  KEY `upload_folders_parent_lnk_oifk` (`folder_ord`),
  CONSTRAINT `upload_folders_parent_lnk_fk` FOREIGN KEY (`folder_id`) REFERENCES `upload_folders` (`id`) ON DELETE CASCADE,
  CONSTRAINT `upload_folders_parent_lnk_ifk` FOREIGN KEY (`inv_folder_id`) REFERENCES `upload_folders` (`id`) ON DELETE CASCADE
) ENGINE=InnoDB DEFAULT CHARSET=utf8mb4 COLLATE=utf8mb4_0900_ai_ci;
/*!40101 SET character_set_client = @saved_cs_client */;

--
-- Dumping data for table `upload_folders_parent_lnk`
--

LOCK TABLES `upload_folders_parent_lnk` WRITE;
/*!40000 ALTER TABLE `upload_folders_parent_lnk` DISABLE KEYS */;
/*!40000 ALTER TABLE `upload_folders_parent_lnk` ENABLE KEYS */;
UNLOCK TABLES;
/*!40103 SET TIME_ZONE=@OLD_TIME_ZONE */;

/*!40101 SET SQL_MODE=@OLD_SQL_MODE */;
/*!40014 SET FOREIGN_KEY_CHECKS=@OLD_FOREIGN_KEY_CHECKS */;
/*!40014 SET UNIQUE_CHECKS=@OLD_UNIQUE_CHECKS */;
/*!40101 SET CHARACTER_SET_CLIENT=@OLD_CHARACTER_SET_CLIENT */;
/*!40101 SET CHARACTER_SET_RESULTS=@OLD_CHARACTER_SET_RESULTS */;
/*!40101 SET COLLATION_CONNECTION=@OLD_COLLATION_CONNECTION */;
/*!40111 SET SQL_NOTES=@OLD_SQL_NOTES */;

-- Dump completed on 2024-11-19  6:08:38
